stary URL,nowy URL,typ przekierowania,uzasadnienie,status
https://hornigold.pl/de/catering,https://hornigold.pl/de/catering-und-veranstaltungen/,301,Alias obecny w site/de/catering/index.html; cel spłaszczony do adresu kanonicznego,SZKIC — potwierdzić użycie na starej stronie i zatwierdzić przed wdrożeniem
https://hornigold.pl/de/catering/,https://hornigold.pl/de/catering-und-veranstaltungen/,301,Alias obecny w site/de/catering/index.html; cel spłaszczony do adresu kanonicznego,SZKIC — potwierdzić użycie na starej stronie i zatwierdzić przed wdrożeniem
https://hornigold.pl/de/dla-firm,https://hornigold.pl/de/bedingungen-die-zu-ihren-planen-passen/,301,Alias obecny w site/de/dla-firm/index.html; cel spłaszczony do adresu kanonicznego,SZKIC — potwierdzić użycie na starej stronie i zatwierdzić przed wdrożeniem
https://hornigold.pl/de/dla-firm/,https://hornigold.pl/de/bedingungen-die-zu-ihren-planen-passen/,301,Alias obecny w site/de/dla-firm/index.html; cel spłaszczony do adresu kanonicznego,SZKIC — potwierdzić użycie na starej stronie i zatwierdzić przed wdrożeniem
https://hornigold.pl/de/dokumenty,https://hornigold.pl/de/klare-informationen-vor-der-anreise/,301,Alias obecny w site/de/dokumenty/index.html; cel spłaszczony do adresu kanonicznego,SZKIC — potwierdzić użycie na starej stronie i zatwierdzić przed wdrożeniem
https://hornigold.pl/de/dokumenty/,https://hornigold.pl/de/klare-informationen-vor-der-anreise/,301,Alias obecny w site/de/dokumenty/index.html; cel spłaszczony do adresu kanonicznego,SZKIC — potwierdzić użycie na starej stronie i zatwierdzić przed wdrożeniem
https://hornigold.pl/de/faq,https://hornigold.pl/de/gut-zu-wissen/,301,Alias obecny w site/de/faq/index.html; cel spłaszczony do adresu kanonicznego,SZKIC — potwierdzić użycie na starej stronie i zatwierdzić przed wdrożeniem
https://hornigold.pl/de/faq/,https://hornigold.pl/de/gut-zu-wissen/,301,Alias obecny w site/de/faq/index.html; cel spłaszczony do adresu kanonicznego,SZKIC — potwierdzić użycie na starej stronie i zatwierdzić przed wdrożeniem
https://hornigold.pl/de/informacje,https://hornigold.pl/de/entspannt-reisen-beginnt-vor-der-ankunft/,301,Alias obecny w site/de/informacje/index.html; cel spłaszczony do adresu kanonicznego,SZKIC — potwierdzić użycie na starej stronie i zatwierdzić przed wdrożeniem
https://hornigold.pl/de/informacje/,https://hornigold.pl/de/entspannt-reisen-beginnt-vor-der-ankunft/,301,Alias obecny w site/de/informacje/index.html; cel spłaszczony do adresu kanonicznego,SZKIC — potwierdzić użycie na starej stronie i zatwierdzić przed wdrożeniem
https://hornigold.pl/de/katowice,https://hornigold.pl/de/katowice-mit-hornigold/,301,Alias obecny w site/de/katowice/index.html; cel spłaszczony do adresu kanonicznego,SZKIC — potwierdzić użycie na starej stronie i zatwierdzić przed wdrożeniem
https://hornigold.pl/de/katowice/,https://hornigold.pl/de/katowice-mit-hornigold/,301,Alias obecny w site/de/katowice/index.html; cel spłaszczony do adresu kanonicznego,SZKIC — potwierdzić użycie na starej stronie i zatwierdzić przed wdrożeniem
https://hornigold.pl/de/katowice/architektura,https://hornigold.pl/de/katowice/architektur-und-ein-spaziergang-durch-die-innenstadt/,301,Alias obecny w site/de/katowice/architektura/index.html; cel spłaszczony do adresu kanonicznego,SZKIC — potwierdzić użycie na starej stronie i zatwierdzić przed wdrożeniem
https://hornigold.pl/de/katowice/architektura/,https://hornigold.pl/de/katowice/architektur-und-ein-spaziergang-durch-die-innenstadt/,301,Alias obecny w site/de/katowice/architektura/index.html; cel spłaszczony do adresu kanonicznego,SZKIC — potwierdzić użycie na starej stronie i zatwierdzić przed wdrożeniem
https://hornigold.pl/de/katowice/pierwszy-przyjazd,https://hornigold.pl/de/katowice/ihre-erste-anreise-nach-katowice/,301,Alias obecny w site/de/katowice/pierwszy-przyjazd/index.html; cel spłaszczony do adresu kanonicznego,SZKIC — potwierdzić użycie na starej stronie i zatwierdzić przed wdrożeniem
https://hornigold.pl/de/katowice/pierwszy-przyjazd/,https://hornigold.pl/de/katowice/ihre-erste-anreise-nach-katowice/,301,Alias obecny w site/de/katowice/pierwszy-przyjazd/index.html; cel spłaszczony do adresu kanonicznego,SZKIC — potwierdzić użycie na starej stronie i zatwierdzić przed wdrożeniem
https://hornigold.pl/de/katowice/sluzbowo,https://hornigold.pl/de/katowice/geschaftsreise-vor-der-ankunft/,301,Alias obecny w site/de/katowice/sluzbowo/index.html; cel spłaszczony do adresu kanonicznego,SZKIC — potwierdzić użycie na starej stronie i zatwierdzić przed wdrożeniem
https://hornigold.pl/de/katowice/sluzbowo/,https://hornigold.pl/de/katowice/geschaftsreise-vor-der-ankunft/,301,Alias obecny w site/de/katowice/sluzbowo/index.html; cel spłaszczony do adresu kanonicznego,SZKIC — potwierdzić użycie na starej stronie i zatwierdzić przed wdrożeniem
https://hornigold.pl/de/katowice/weekend,https://hornigold.pl/de/katowice/katowice-in-24-oder-48-stunden/,301,Alias obecny w site/de/katowice/weekend/index.html; cel spłaszczony do adresu kanonicznego,SZKIC — potwierdzić użycie na starej stronie i zatwierdzić przed wdrożeniem
https://hornigold.pl/de/katowice/weekend/,https://hornigold.pl/de/katowice/katowice-in-24-oder-48-stunden/,301,Alias obecny w site/de/katowice/weekend/index.html; cel spłaszczony do adresu kanonicznego,SZKIC — potwierdzić użycie na starej stronie i zatwierdzić przed wdrożeniem
https://hornigold.pl/de/katowice/wydarzenia,https://hornigold.pl/de/katowice/veranstaltung-wahlen-aufenthalt-planen/,301,Alias obecny w site/de/katowice/wydarzenia/index.html; cel spłaszczony do adresu kanonicznego,SZKIC — potwierdzić użycie na starej stronie i zatwierdzić przed wdrożeniem
https://hornigold.pl/de/katowice/wydarzenia/,https://hornigold.pl/de/katowice/veranstaltung-wahlen-aufenthalt-planen/,301,Alias obecny w site/de/katowice/wydarzenia/index.html; cel spłaszczony do adresu kanonicznego,SZKIC — potwierdzić użycie na starej stronie i zatwierdzić przed wdrożeniem
https://hornigold.pl/de/katowice/wydarzenie,https://hornigold.pl/de/katowice/ihr-besuch-im-mck-spodek-oder-nospr/,301,Alias obecny w site/de/katowice/wydarzenie/index.html; cel spłaszczony do adresu kanonicznego,SZKIC — potwierdzić użycie na starej stronie i zatwierdzić przed wdrożeniem
https://hornigold.pl/de/katowice/wydarzenie/,https://hornigold.pl/de/katowice/ihr-besuch-im-mck-spodek-oder-nospr/,301,Alias obecny w site/de/katowice/wydarzenie/index.html; cel spłaszczony do adresu kanonicznego,SZKIC — potwierdzić użycie na starej stronie i zatwierdzić przed wdrożeniem
https://hornigold.pl/de/katowice/z-dziecmi,https://hornigold.pl/de/katowice/katowice-mit-kindern-ein-entspannter-plan/,301,Alias obecny w site/de/katowice/z-dziecmi/index.html; cel spłaszczony do adresu kanonicznego,SZKIC — potwierdzić użycie na starej stronie i zatwierdzić przed wdrożeniem
https://hornigold.pl/de/katowice/z-dziecmi/,https://hornigold.pl/de/katowice/katowice-mit-kindern-ein-entspannter-plan/,301,Alias obecny w site/de/katowice/z-dziecmi/index.html; cel spłaszczony do adresu kanonicznego,SZKIC — potwierdzić użycie na starej stronie i zatwierdzić przed wdrożeniem
https://hornigold.pl/de/konferencje,https://hornigold.pl/de/konferenzen-und-tagungen/,301,Alias obecny w site/de/konferencje/index.html; cel spłaszczony do adresu kanonicznego,SZKIC — potwierdzić użycie na starej stronie i zatwierdzić przed wdrożeniem
https://hornigold.pl/de/konferencje/,https://hornigold.pl/de/konferenzen-und-tagungen/,301,Alias obecny w site/de/konferencje/index.html; cel spłaszczony do adresu kanonicznego,SZKIC — potwierdzić użycie na starej stronie i zatwierdzić przed wdrożeniem
https://hornigold.pl/de/lokalizacja,https://hornigold.pl/de/anfahrt/,301,Alias obecny w site/de/lokalizacja/index.html; cel spłaszczony do adresu kanonicznego,SZKIC — potwierdzić użycie na starej stronie i zatwierdzić przed wdrożeniem
https://hornigold.pl/de/lokalizacja/,https://hornigold.pl/de/anfahrt/,301,Alias obecny w site/de/lokalizacja/index.html; cel spłaszczony do adresu kanonicznego,SZKIC — potwierdzić użycie na starej stronie i zatwierdzić przed wdrożeniem
https://hornigold.pl/de/lotniska,https://hornigold.pl/de/flughaefen/,301,Alias obecny w site/de/lotniska/index.html; cel spłaszczony do adresu kanonicznego,SZKIC — potwierdzić użycie na starej stronie i zatwierdzić przed wdrożeniem
https://hornigold.pl/de/lotniska/,https://hornigold.pl/de/flughaefen/,301,Alias obecny w site/de/lotniska/index.html; cel spłaszczony do adresu kanonicznego,SZKIC — potwierdzić użycie na starej stronie i zatwierdzić przed wdrożeniem
https://hornigold.pl/de/lotniska/balice,https://hornigold.pl/de/flughaefen/balice/,301,Alias obecny w site/de/lotniska/balice/index.html; cel spłaszczony do adresu kanonicznego,SZKIC — potwierdzić użycie na starej stronie i zatwierdzić przed wdrożeniem
https://hornigold.pl/de/lotniska/balice/,https://hornigold.pl/de/flughaefen/balice/,301,Alias obecny w site/de/lotniska/balice/index.html; cel spłaszczony do adresu kanonicznego,SZKIC — potwierdzić użycie na starej stronie i zatwierdzić przed wdrożeniem
https://hornigold.pl/de/lotniska/pyrzowice,https://hornigold.pl/de/flughaefen/pyrzowice/,301,Alias obecny w site/de/lotniska/pyrzowice/index.html; cel spłaszczony do adresu kanonicznego,SZKIC — potwierdzić użycie na starej stronie i zatwierdzić przed wdrożeniem
https://hornigold.pl/de/lotniska/pyrzowice/,https://hornigold.pl/de/flughaefen/pyrzowice/,301,Alias obecny w site/de/lotniska/pyrzowice/index.html; cel spłaszczony do adresu kanonicznego,SZKIC — potwierdzić użycie na starej stronie i zatwierdzić przed wdrożeniem
https://hornigold.pl/de/miasto-i-okolice,https://hornigold.pl/de/stadt-und-umgebung/,301,Alias obecny w site/de/miasto-i-okolice/index.html; cel spłaszczony do adresu kanonicznego,SZKIC — potwierdzić użycie na starej stronie i zatwierdzić przed wdrożeniem
https://hornigold.pl/de/miasto-i-okolice/,https://hornigold.pl/de/stadt-und-umgebung/,301,Alias obecny w site/de/miasto-i-okolice/index.html; cel spłaszczony do adresu kanonicznego,SZKIC — potwierdzić użycie na starej stronie i zatwierdzić przed wdrożeniem
https://hornigold.pl/de/miasto-i-okolice/auschwitz-birkenau,https://hornigold.pl/de/stadt-und-umgebung/auschwitz-birkenau/,301,Alias obecny w site/de/miasto-i-okolice/auschwitz-birkenau/index.html; cel spłaszczony do adresu kanonicznego,SZKIC — potwierdzić użycie na starej stronie i zatwierdzić przed wdrożeniem
https://hornigold.pl/de/miasto-i-okolice/auschwitz-birkenau/,https://hornigold.pl/de/stadt-und-umgebung/auschwitz-birkenau/,301,Alias obecny w site/de/miasto-i-okolice/auschwitz-birkenau/index.html; cel spłaszczony do adresu kanonicznego,SZKIC — potwierdzić użycie na starej stronie i zatwierdzić przed wdrożeniem
https://hornigold.pl/de/miasto-i-okolice/bedzin-i-jura,https://hornigold.pl/de/stadt-und-umgebung/bedzin-und-der-jura-burgen-grenzen-und-landschaft/,301,Alias obecny w site/de/miasto-i-okolice/bedzin-i-jura/index.html; cel spłaszczony do adresu kanonicznego,SZKIC — potwierdzić użycie na starej stronie i zatwierdzić przed wdrożeniem
https://hornigold.pl/de/miasto-i-okolice/bedzin-i-jura/,https://hornigold.pl/de/stadt-und-umgebung/bedzin-und-der-jura-burgen-grenzen-und-landschaft/,301,Alias obecny w site/de/miasto-i-okolice/bedzin-i-jura/index.html; cel spłaszczony do adresu kanonicznego,SZKIC — potwierdzić użycie na starej stronie i zatwierdzić przed wdrożeniem
https://hornigold.pl/de/miasto-i-okolice/cieszyn,https://hornigold.pl/de/stadt-und-umgebung/cieszyn/,301,Alias obecny w site/de/miasto-i-okolice/cieszyn/index.html; cel spłaszczony do adresu kanonicznego,SZKIC — potwierdzić użycie na starej stronie i zatwierdzić przed wdrożeniem
https://hornigold.pl/de/miasto-i-okolice/cieszyn/,https://hornigold.pl/de/stadt-und-umgebung/cieszyn/,301,Alias obecny w site/de/miasto-i-okolice/cieszyn/index.html; cel spłaszczony do adresu kanonicznego,SZKIC — potwierdzić użycie na starej stronie i zatwierdzić przed wdrożeniem
https://hornigold.pl/de/miasto-i-okolice/dziedzictwo-zydowskie,https://hornigold.pl/de/stadt-und-umgebung/judisches-erbe-menschen-orte-und-ihre-leerstellen/,301,Alias obecny w site/de/miasto-i-okolice/dziedzictwo-zydowskie/index.html; cel spłaszczony do adresu kanonicznego,SZKIC — potwierdzić użycie na starej stronie i zatwierdzić przed wdrożeniem
https://hornigold.pl/de/miasto-i-okolice/dziedzictwo-zydowskie/,https://hornigold.pl/de/stadt-und-umgebung/judisches-erbe-menschen-orte-und-ihre-leerstellen/,301,Alias obecny w site/de/miasto-i-okolice/dziedzictwo-zydowskie/index.html; cel spłaszczony do adresu kanonicznego,SZKIC — potwierdzić użycie na starej stronie i zatwierdzić przed wdrożeniem
https://hornigold.pl/de/miasto-i-okolice/gastronomia,https://hornigold.pl/de/stadt-und-umgebung/essen-gehen-in-katowice/,301,Alias obecny w site/de/miasto-i-okolice/gastronomia/index.html; cel spłaszczony do adresu kanonicznego,SZKIC — potwierdzić użycie na starej stronie i zatwierdzić przed wdrożeniem
https://hornigold.pl/de/miasto-i-okolice/gastronomia/,https://hornigold.pl/de/stadt-und-umgebung/essen-gehen-in-katowice/,301,Alias obecny w site/de/miasto-i-okolice/gastronomia/index.html; cel spłaszczony do adresu kanonicznego,SZKIC — potwierdzić użycie na starej stronie i zatwierdzić przed wdrożeniem
https://hornigold.pl/de/miasto-i-okolice/giszowiec,https://hornigold.pl/de/stadt-und-umgebung/giszowiec/,301,Alias obecny w site/de/miasto-i-okolice/giszowiec/index.html; cel spłaszczony do adresu kanonicznego,SZKIC — potwierdzić użycie na starej stronie i zatwierdzić przed wdrożeniem
https://hornigold.pl/de/miasto-i-okolice/giszowiec/,https://hornigold.pl/de/stadt-und-umgebung/giszowiec/,301,Alias obecny w site/de/miasto-i-okolice/giszowiec/index.html; cel spłaszczony do adresu kanonicznego,SZKIC — potwierdzić użycie na starej stronie i zatwierdzić przed wdrożeniem
https://hornigold.pl/de/miasto-i-okolice/gliwice-radiostacja,https://hornigold.pl/de/stadt-und-umgebung/gliwice-der-sender-und-die-geschichte-der-propaganda/,301,Alias obecny w site/de/miasto-i-okolice/gliwice-radiostacja/index.html; cel spłaszczony do adresu kanonicznego,SZKIC — potwierdzić użycie na starej stronie i zatwierdzić przed wdrożeniem
https://hornigold.pl/de/miasto-i-okolice/gliwice-radiostacja/,https://hornigold.pl/de/stadt-und-umgebung/gliwice-der-sender-und-die-geschichte-der-propaganda/,301,Alias obecny w site/de/miasto-i-okolice/gliwice-radiostacja/index.html; cel spłaszczony do adresu kanonicznego,SZKIC — potwierdzić użycie na starej stronie i zatwierdzić przed wdrożeniem
https://hornigold.pl/de/miasto-i-okolice/historia-katowic,https://hornigold.pl/de/stadt-und-umgebung/katowices-geschichte-eine-stadt-im-wandel/,301,Alias obecny w site/de/miasto-i-okolice/historia-katowic/index.html; cel spłaszczony do adresu kanonicznego,SZKIC — potwierdzić użycie na starej stronie i zatwierdzić przed wdrożeniem
https://hornigold.pl/de/miasto-i-okolice/historia-katowic/,https://hornigold.pl/de/stadt-und-umgebung/katowices-geschichte-eine-stadt-im-wandel/,301,Alias obecny w site/de/miasto-i-okolice/historia-katowic/index.html; cel spłaszczony do adresu kanonicznego,SZKIC — potwierdzić użycie na starej stronie i zatwierdzić przed wdrożeniem
https://hornigold.pl/de/miasto-i-okolice/historia-slaska,https://hornigold.pl/de/stadt-und-umgebung/schlesien-eine-region-viele-stimmen/,301,Alias obecny w site/de/miasto-i-okolice/historia-slaska/index.html; cel spłaszczony do adresu kanonicznego,SZKIC — potwierdzić użycie na starej stronie i zatwierdzić przed wdrożeniem
https://hornigold.pl/de/miasto-i-okolice/historia-slaska/,https://hornigold.pl/de/stadt-und-umgebung/schlesien-eine-region-viele-stimmen/,301,Alias obecny w site/de/miasto-i-okolice/historia-slaska/index.html; cel spłaszczony do adresu kanonicznego,SZKIC — potwierdzić użycie na starej stronie i zatwierdzić przed wdrożeniem
https://hornigold.pl/de/miasto-i-okolice/ilustracje,https://hornigold.pl/de/stadt-und-umgebung/katowice-und-schlesien-in-illustrationen/,301,Alias obecny w site/de/miasto-i-okolice/ilustracje/index.html; cel spłaszczony do adresu kanonicznego,SZKIC — potwierdzić użycie na starej stronie i zatwierdzić przed wdrożeniem
https://hornigold.pl/de/miasto-i-okolice/ilustracje/,https://hornigold.pl/de/stadt-und-umgebung/katowice-und-schlesien-in-illustrationen/,301,Alias obecny w site/de/miasto-i-okolice/ilustracje/index.html; cel spłaszczony do adresu kanonicznego,SZKIC — potwierdzić użycie na starej stronie i zatwierdzić przed wdrożeniem
https://hornigold.pl/de/miasto-i-okolice/ilustracje/archikatedra,https://hornigold.pl/de/stadt-und-umgebung/illustrationen/die-erzkathedrale-licht-und-stein/,301,Alias obecny w site/de/miasto-i-okolice/ilustracje/archikatedra/index.html; cel spłaszczony do adresu kanonicznego,SZKIC — potwierdzić użycie na starej stronie i zatwierdzić przed wdrożeniem
https://hornigold.pl/de/miasto-i-okolice/ilustracje/archikatedra/,https://hornigold.pl/de/stadt-und-umgebung/illustrationen/die-erzkathedrale-licht-und-stein/,301,Alias obecny w site/de/miasto-i-okolice/ilustracje/archikatedra/index.html; cel spłaszczony do adresu kanonicznego,SZKIC — potwierdzić użycie na starej stronie i zatwierdzić przed wdrożeniem
https://hornigold.pl/de/miasto-i-okolice/ilustracje/arkady,https://hornigold.pl/de/stadt-und-umgebung/illustrationen/unter-stadtischen-arkaden/,301,Alias obecny w site/de/miasto-i-okolice/ilustracje/arkady/index.html; cel spłaszczony do adresu kanonicznego,SZKIC — potwierdzić użycie na starej stronie i zatwierdzić przed wdrożeniem
https://hornigold.pl/de/miasto-i-okolice/ilustracje/arkady/,https://hornigold.pl/de/stadt-und-umgebung/illustrationen/unter-stadtischen-arkaden/,301,Alias obecny w site/de/miasto-i-okolice/ilustracje/arkady/index.html; cel spłaszczony do adresu kanonicznego,SZKIC — potwierdzić użycie na starej stronie i zatwierdzić przed wdrożeniem
https://hornigold.pl/de/miasto-i-okolice/ilustracje/ceglane-podworze,https://hornigold.pl/de/stadt-und-umgebung/illustrationen/ein-backsteinhof/,301,Alias obecny w site/de/miasto-i-okolice/ilustracje/ceglane-podworze/index.html; cel spłaszczony do adresu kanonicznego,SZKIC — potwierdzić użycie na starej stronie i zatwierdzić przed wdrożeniem
https://hornigold.pl/de/miasto-i-okolice/ilustracje/ceglane-podworze/,https://hornigold.pl/de/stadt-und-umgebung/illustrationen/ein-backsteinhof/,301,Alias obecny w site/de/miasto-i-okolice/ilustracje/ceglane-podworze/index.html; cel spłaszczony do adresu kanonicznego,SZKIC — potwierdzić użycie na starej stronie i zatwierdzić przed wdrożeniem
https://hornigold.pl/de/miasto-i-okolice/ilustracje/dziedziniec-sztuki,https://hornigold.pl/de/stadt-und-umgebung/illustrationen/ein-hof-fur-kunst/,301,Alias obecny w site/de/miasto-i-okolice/ilustracje/dziedziniec-sztuki/index.html; cel spłaszczony do adresu kanonicznego,SZKIC — potwierdzić użycie na starej stronie i zatwierdzić przed wdrożeniem
https://hornigold.pl/de/miasto-i-okolice/ilustracje/dziedziniec-sztuki/,https://hornigold.pl/de/stadt-und-umgebung/illustrationen/ein-hof-fur-kunst/,301,Alias obecny w site/de/miasto-i-okolice/ilustracje/dziedziniec-sztuki/index.html; cel spłaszczony do adresu kanonicznego,SZKIC — potwierdzić użycie na starej stronie i zatwierdzić przed wdrożeniem
https://hornigold.pl/de/miasto-i-okolice/ilustracje/giszowiec-ogrod,https://hornigold.pl/de/stadt-und-umgebung/illustrationen/giszowiec-die-gartenstadtidee/,301,Alias obecny w site/de/miasto-i-okolice/ilustracje/giszowiec-ogrod/index.html; cel spłaszczony do adresu kanonicznego,SZKIC — potwierdzić użycie na starej stronie i zatwierdzić przed wdrożeniem
https://hornigold.pl/de/miasto-i-okolice/ilustracje/giszowiec-ogrod/,https://hornigold.pl/de/stadt-und-umgebung/illustrationen/giszowiec-die-gartenstadtidee/,301,Alias obecny w site/de/miasto-i-okolice/ilustracje/giszowiec-ogrod/index.html; cel spłaszczony do adresu kanonicznego,SZKIC — potwierdzić użycie na starej stronie i zatwierdzić przed wdrożeniem
https://hornigold.pl/de/miasto-i-okolice/ilustracje/hala-dworcowa,https://hornigold.pl/de/stadt-und-umgebung/illustrationen/die-reise-beginnt-in-der-halle/,301,Alias obecny w site/de/miasto-i-okolice/ilustracje/hala-dworcowa/index.html; cel spłaszczony do adresu kanonicznego,SZKIC — potwierdzić użycie na starej stronie i zatwierdzić przed wdrożeniem
https://hornigold.pl/de/miasto-i-okolice/ilustracje/hala-dworcowa/,https://hornigold.pl/de/stadt-und-umgebung/illustrationen/die-reise-beginnt-in-der-halle/,301,Alias obecny w site/de/miasto-i-okolice/ilustracje/hala-dworcowa/index.html; cel spłaszczony do adresu kanonicznego,SZKIC — potwierdzić użycie na starej stronie i zatwierdzić przed wdrożeniem
https://hornigold.pl/de/miasto-i-okolice/ilustracje/industrialna-zielen,https://hornigold.pl/de/stadt-und-umgebung/illustrationen/industrie-und-zuruckkehrendes-grun/,301,Alias obecny w site/de/miasto-i-okolice/ilustracje/industrialna-zielen/index.html; cel spłaszczony do adresu kanonicznego,SZKIC — potwierdzić użycie na starej stronie i zatwierdzić przed wdrożeniem
https://hornigold.pl/de/miasto-i-okolice/ilustracje/industrialna-zielen/,https://hornigold.pl/de/stadt-und-umgebung/illustrationen/industrie-und-zuruckkehrendes-grun/,301,Alias obecny w site/de/miasto-i-okolice/ilustracje/industrialna-zielen/index.html; cel spłaszczony do adresu kanonicznego,SZKIC — potwierdzić użycie na starej stronie i zatwierdzić przed wdrożeniem
https://hornigold.pl/de/miasto-i-okolice/ilustracje/kino-art-deco,https://hornigold.pl/de/stadt-und-umgebung/illustrationen/kino-im-licht-der-stadt/,301,Alias obecny w site/de/miasto-i-okolice/ilustracje/kino-art-deco/index.html; cel spłaszczony do adresu kanonicznego,SZKIC — potwierdzić użycie na starej stronie i zatwierdzić przed wdrożeniem
https://hornigold.pl/de/miasto-i-okolice/ilustracje/kino-art-deco/,https://hornigold.pl/de/stadt-und-umgebung/illustrationen/kino-im-licht-der-stadt/,301,Alias obecny w site/de/miasto-i-okolice/ilustracje/kino-art-deco/index.html; cel spłaszczony do adresu kanonicznego,SZKIC — potwierdzić użycie na starej stronie i zatwierdzić przed wdrożeniem
https://hornigold.pl/de/miasto-i-okolice/ilustracje/kosciol-mariacki,https://hornigold.pl/de/stadt-und-umgebung/illustrationen/marienkirche-gotischer-rhythmus/,301,Alias obecny w site/de/miasto-i-okolice/ilustracje/kosciol-mariacki/index.html; cel spłaszczony do adresu kanonicznego,SZKIC — potwierdzić użycie na starej stronie i zatwierdzić przed wdrożeniem
https://hornigold.pl/de/miasto-i-okolice/ilustracje/kosciol-mariacki/,https://hornigold.pl/de/stadt-und-umgebung/illustrationen/marienkirche-gotischer-rhythmus/,301,Alias obecny w site/de/miasto-i-okolice/ilustracje/kosciol-mariacki/index.html; cel spłaszczony do adresu kanonicznego,SZKIC — potwierdzić użycie na starej stronie i zatwierdzić przed wdrożeniem
https://hornigold.pl/de/miasto-i-okolice/ilustracje/kultura-po-zmroku,https://hornigold.pl/de/stadt-und-umgebung/illustrationen/kultur-nach-einbruch-der-dunkelheit/,301,Alias obecny w site/de/miasto-i-okolice/ilustracje/kultura-po-zmroku/index.html; cel spłaszczony do adresu kanonicznego,SZKIC — potwierdzić użycie na starej stronie i zatwierdzić przed wdrożeniem
https://hornigold.pl/de/miasto-i-okolice/ilustracje/kultura-po-zmroku/,https://hornigold.pl/de/stadt-und-umgebung/illustrationen/kultur-nach-einbruch-der-dunkelheit/,301,Alias obecny w site/de/miasto-i-okolice/ilustracje/kultura-po-zmroku/index.html; cel spłaszczony do adresu kanonicznego,SZKIC — potwierdzić użycie na starej stronie i zatwierdzić przed wdrożeniem
https://hornigold.pl/de/miasto-i-okolice/ilustracje/kultura-zachod,https://hornigold.pl/de/stadt-und-umgebung/illustrationen/kulturviertel-im-sonnenuntergang/,301,Alias obecny w site/de/miasto-i-okolice/ilustracje/kultura-zachod/index.html; cel spłaszczony do adresu kanonicznego,SZKIC — potwierdzić użycie na starej stronie i zatwierdzić przed wdrożeniem
https://hornigold.pl/de/miasto-i-okolice/ilustracje/kultura-zachod/,https://hornigold.pl/de/stadt-und-umgebung/illustrationen/kulturviertel-im-sonnenuntergang/,301,Alias obecny w site/de/miasto-i-okolice/ilustracje/kultura-zachod/index.html; cel spłaszczony do adresu kanonicznego,SZKIC — potwierdzić użycie na starej stronie i zatwierdzić przed wdrożeniem
https://hornigold.pl/de/miasto-i-okolice/ilustracje/mck,https://hornigold.pl/de/stadt-und-umgebung/illustrationen/mck-architektur-der-begegnung/,301,Alias obecny w site/de/miasto-i-okolice/ilustracje/mck/index.html; cel spłaszczony do adresu kanonicznego,SZKIC — potwierdzić użycie na starej stronie i zatwierdzić przed wdrożeniem
https://hornigold.pl/de/miasto-i-okolice/ilustracje/mck/,https://hornigold.pl/de/stadt-und-umgebung/illustrationen/mck-architektur-der-begegnung/,301,Alias obecny w site/de/miasto-i-okolice/ilustracje/mck/index.html; cel spłaszczony do adresu kanonicznego,SZKIC — potwierdzić użycie na starej stronie i zatwierdzić przed wdrożeniem
https://hornigold.pl/de/miasto-i-okolice/ilustracje/modernizm,https://hornigold.pl/de/stadt-und-umgebung/illustrationen/modernismusweg-eine-stadt-neuer-formen/,301,Alias obecny w site/de/miasto-i-okolice/ilustracje/modernizm/index.html; cel spłaszczony do adresu kanonicznego,SZKIC — potwierdzić użycie na starej stronie i zatwierdzić przed wdrożeniem
https://hornigold.pl/de/miasto-i-okolice/ilustracje/modernizm/,https://hornigold.pl/de/stadt-und-umgebung/illustrationen/modernismusweg-eine-stadt-neuer-formen/,301,Alias obecny w site/de/miasto-i-okolice/ilustracje/modernizm/index.html; cel spłaszczony do adresu kanonicznego,SZKIC — potwierdzić użycie na starej stronie i zatwierdzić przed wdrożeniem
https://hornigold.pl/de/miasto-i-okolice/ilustracje/muzeum-slaskie,https://hornigold.pl/de/stadt-und-umgebung/illustrationen/schlesisches-museum-neues-leben-einer-zeche/,301,Alias obecny w site/de/miasto-i-okolice/ilustracje/muzeum-slaskie/index.html; cel spłaszczony do adresu kanonicznego,SZKIC — potwierdzić użycie na starej stronie i zatwierdzić przed wdrożeniem
https://hornigold.pl/de/miasto-i-okolice/ilustracje/muzeum-slaskie/,https://hornigold.pl/de/stadt-und-umgebung/illustrationen/schlesisches-museum-neues-leben-einer-zeche/,301,Alias obecny w site/de/miasto-i-okolice/ilustracje/muzeum-slaskie/index.html; cel spłaszczony do adresu kanonicznego,SZKIC — potwierdzić użycie na starej stronie i zatwierdzić przed wdrożeniem
https://hornigold.pl/de/miasto-i-okolice/ilustracje/nikiszowiec-cegla,https://hornigold.pl/de/stadt-und-umgebung/illustrationen/nikiszowiec-geschichten-aus-backstein/,301,Alias obecny w site/de/miasto-i-okolice/ilustracje/nikiszowiec-cegla/index.html; cel spłaszczony do adresu kanonicznego,SZKIC — potwierdzić użycie na starej stronie i zatwierdzić przed wdrożeniem
https://hornigold.pl/de/miasto-i-okolice/ilustracje/nikiszowiec-cegla/,https://hornigold.pl/de/stadt-und-umgebung/illustrationen/nikiszowiec-geschichten-aus-backstein/,301,Alias obecny w site/de/miasto-i-okolice/ilustracje/nikiszowiec-cegla/index.html; cel spłaszczony do adresu kanonicznego,SZKIC — potwierdzić użycie na starej stronie i zatwierdzić przed wdrożeniem
https://hornigold.pl/de/miasto-i-okolice/ilustracje/nospr,https://hornigold.pl/de/stadt-und-umgebung/illustrationen/nospr-eine-stadt-der-musik/,301,Alias obecny w site/de/miasto-i-okolice/ilustracje/nospr/index.html; cel spłaszczony do adresu kanonicznego,SZKIC — potwierdzić użycie na starej stronie i zatwierdzić przed wdrożeniem
https://hornigold.pl/de/miasto-i-okolice/ilustracje/nospr/,https://hornigold.pl/de/stadt-und-umgebung/illustrationen/nospr-eine-stadt-der-musik/,301,Alias obecny w site/de/miasto-i-okolice/ilustracje/nospr/index.html; cel spłaszczony do adresu kanonicznego,SZKIC — potwierdzić użycie na starej stronie i zatwierdzić przed wdrożeniem
https://hornigold.pl/de/miasto-i-okolice/ilustracje/opera-wyobrazona,https://hornigold.pl/de/stadt-und-umgebung/illustrationen/ein-opernabend/,301,Alias obecny w site/de/miasto-i-okolice/ilustracje/opera-wyobrazona/index.html; cel spłaszczony do adresu kanonicznego,SZKIC — potwierdzić użycie na starej stronie i zatwierdzić przed wdrożeniem
https://hornigold.pl/de/miasto-i-okolice/ilustracje/opera-wyobrazona/,https://hornigold.pl/de/stadt-und-umgebung/illustrationen/ein-opernabend/,301,Alias obecny w site/de/miasto-i-okolice/ilustracje/opera-wyobrazona/index.html; cel spłaszczony do adresu kanonicznego,SZKIC — potwierdzić użycie na starej stronie i zatwierdzić przed wdrożeniem
https://hornigold.pl/de/miasto-i-okolice/ilustracje/panorama-regionu,https://hornigold.pl/de/stadt-und-umgebung/illustrationen/schlesien-ein-erdachtes-panorama/,301,Alias obecny w site/de/miasto-i-okolice/ilustracje/panorama-regionu/index.html; cel spłaszczony do adresu kanonicznego,SZKIC — potwierdzić użycie na starej stronie i zatwierdzić przed wdrożeniem
https://hornigold.pl/de/miasto-i-okolice/ilustracje/panorama-regionu/,https://hornigold.pl/de/stadt-und-umgebung/illustrationen/schlesien-ein-erdachtes-panorama/,301,Alias obecny w site/de/miasto-i-okolice/ilustracje/panorama-regionu/index.html; cel spłaszczony do adresu kanonicznego,SZKIC — potwierdzić użycie na starej stronie i zatwierdzić przed wdrożeniem
https://hornigold.pl/de/miasto-i-okolice/ilustracje/park-kosciuszki,https://hornigold.pl/de/stadt-und-umgebung/illustrationen/kosciuszko-park-raum-zum-durchatmen/,301,Alias obecny w site/de/miasto-i-okolice/ilustracje/park-kosciuszki/index.html; cel spłaszczony do adresu kanonicznego,SZKIC — potwierdzić użycie na starej stronie i zatwierdzić przed wdrożeniem
https://hornigold.pl/de/miasto-i-okolice/ilustracje/park-kosciuszki/,https://hornigold.pl/de/stadt-und-umgebung/illustrationen/kosciuszko-park-raum-zum-durchatmen/,301,Alias obecny w site/de/miasto-i-okolice/ilustracje/park-kosciuszki/index.html; cel spłaszczony do adresu kanonicznego,SZKIC — potwierdzić użycie na starej stronie i zatwierdzić przed wdrożeniem
https://hornigold.pl/de/miasto-i-okolice/ilustracje/park-nad-stawem,https://hornigold.pl/de/stadt-und-umgebung/illustrationen/park-am-teich/,301,Alias obecny w site/de/miasto-i-okolice/ilustracje/park-nad-stawem/index.html; cel spłaszczony do adresu kanonicznego,SZKIC — potwierdzić użycie na starej stronie i zatwierdzić przed wdrożeniem
https://hornigold.pl/de/miasto-i-okolice/ilustracje/park-nad-stawem/,https://hornigold.pl/de/stadt-und-umgebung/illustrationen/park-am-teich/,301,Alias obecny w site/de/miasto-i-okolice/ilustracje/park-nad-stawem/index.html; cel spłaszczony do adresu kanonicznego,SZKIC — potwierdzić użycie na starej stronie i zatwierdzić przed wdrożeniem
https://hornigold.pl/de/miasto-i-okolice/ilustracje/porcelana,https://hornigold.pl/de/stadt-und-umgebung/illustrationen/porzellanfabrik-industrie-und-handwerk/,301,Alias obecny w site/de/miasto-i-okolice/ilustracje/porcelana/index.html; cel spłaszczony do adresu kanonicznego,SZKIC — potwierdzić użycie na starej stronie i zatwierdzić przed wdrożeniem
https://hornigold.pl/de/miasto-i-okolice/ilustracje/porcelana/,https://hornigold.pl/de/stadt-und-umgebung/illustrationen/porzellanfabrik-industrie-und-handwerk/,301,Alias obecny w site/de/miasto-i-okolice/ilustracje/porcelana/index.html; cel spłaszczony do adresu kanonicznego,SZKIC — potwierdzić użycie na starej stronie i zatwierdzić przed wdrożeniem
https://hornigold.pl/de/miasto-i-okolice/ilustracje/przed-koncertem,https://hornigold.pl/de/stadt-und-umgebung/illustrationen/ein-moment-vor-dem-konzert/,301,Alias obecny w site/de/miasto-i-okolice/ilustracje/przed-koncertem/index.html; cel spłaszczony do adresu kanonicznego,SZKIC — potwierdzić użycie na starej stronie i zatwierdzić przed wdrożeniem
https://hornigold.pl/de/miasto-i-okolice/ilustracje/przed-koncertem/,https://hornigold.pl/de/stadt-und-umgebung/illustrationen/ein-moment-vor-dem-konzert/,301,Alias obecny w site/de/miasto-i-okolice/ilustracje/przed-koncertem/index.html; cel spłaszczony do adresu kanonicznego,SZKIC — potwierdzić użycie na starej stronie i zatwierdzić przed wdrożeniem
https://hornigold.pl/de/miasto-i-okolice/ilustracje/sakralne-wieze,https://hornigold.pl/de/stadt-und-umgebung/illustrationen/turme-und-stille/,301,Alias obecny w site/de/miasto-i-okolice/ilustracje/sakralne-wieze/index.html; cel spłaszczony do adresu kanonicznego,SZKIC — potwierdzić użycie na starej stronie i zatwierdzić przed wdrożeniem
https://hornigold.pl/de/miasto-i-okolice/ilustracje/sakralne-wieze/,https://hornigold.pl/de/stadt-und-umgebung/illustrationen/turme-und-stille/,301,Alias obecny w site/de/miasto-i-okolice/ilustracje/sakralne-wieze/index.html; cel spłaszczony do adresu kanonicznego,SZKIC — potwierdzić użycie na starej stronie i zatwierdzić przed wdrożeniem
https://hornigold.pl/de/miasto-i-okolice/ilustracje/sala-nad-woda,https://hornigold.pl/de/stadt-und-umgebung/illustrationen/musik-am-wasser/,301,Alias obecny w site/de/miasto-i-okolice/ilustracje/sala-nad-woda/index.html; cel spłaszczony do adresu kanonicznego,SZKIC — potwierdzić użycie na starej stronie i zatwierdzić przed wdrożeniem
https://hornigold.pl/de/miasto-i-okolice/ilustracje/sala-nad-woda/,https://hornigold.pl/de/stadt-und-umgebung/illustrationen/musik-am-wasser/,301,Alias obecny w site/de/miasto-i-okolice/ilustracje/sala-nad-woda/index.html; cel spłaszczony do adresu kanonicznego,SZKIC — potwierdzić użycie na starej stronie i zatwierdzić przed wdrożeniem
https://hornigold.pl/de/miasto-i-okolice/ilustracje/spodek,https://hornigold.pl/de/stadt-und-umgebung/illustrationen/spodek-eine-inspiration/,301,Alias obecny w site/de/miasto-i-okolice/ilustracje/spodek/index.html; cel spłaszczony do adresu kanonicznego,SZKIC — potwierdzić użycie na starej stronie i zatwierdzić przed wdrożeniem
https://hornigold.pl/de/miasto-i-okolice/ilustracje/spodek/,https://hornigold.pl/de/stadt-und-umgebung/illustrationen/spodek-eine-inspiration/,301,Alias obecny w site/de/miasto-i-okolice/ilustracje/spodek/index.html; cel spłaszczony do adresu kanonicznego,SZKIC — potwierdzić użycie na starej stronie i zatwierdzić przed wdrożeniem
https://hornigold.pl/de/miasto-i-okolice/ilustracje/teatr-slaski,https://hornigold.pl/de/stadt-und-umgebung/illustrationen/schlesisches-theater-ein-abend-am-rynek/,301,Alias obecny w site/de/miasto-i-okolice/ilustracje/teatr-slaski/index.html; cel spłaszczony do adresu kanonicznego,SZKIC — potwierdzić użycie na starej stronie i zatwierdzić przed wdrożeniem
https://hornigold.pl/de/miasto-i-okolice/ilustracje/teatr-slaski/,https://hornigold.pl/de/stadt-und-umgebung/illustrationen/schlesisches-theater-ein-abend-am-rynek/,301,Alias obecny w site/de/miasto-i-okolice/ilustracje/teatr-slaski/index.html; cel spłaszczony do adresu kanonicznego,SZKIC — potwierdzić użycie na starej stronie i zatwierdzić przed wdrożeniem
https://hornigold.pl/de/miasto-i-okolice/ilustracje/teatralne-schody,https://hornigold.pl/de/stadt-und-umgebung/illustrationen/stufen-zum-theater/,301,Alias obecny w site/de/miasto-i-okolice/ilustracje/teatralne-schody/index.html; cel spłaszczony do adresu kanonicznego,SZKIC — potwierdzić użycie na starej stronie i zatwierdzić przed wdrożeniem
https://hornigold.pl/de/miasto-i-okolice/ilustracje/teatralne-schody/,https://hornigold.pl/de/stadt-und-umgebung/illustrationen/stufen-zum-theater/,301,Alias obecny w site/de/miasto-i-okolice/ilustracje/teatralne-schody/index.html; cel spłaszczony do adresu kanonicznego,SZKIC — potwierdzić użycie na starej stronie i zatwierdzić przed wdrożeniem
https://hornigold.pl/de/miasto-i-okolice/ilustracje/tramwaj-poranek,https://hornigold.pl/de/stadt-und-umgebung/illustrationen/morgen-auf-den-gleisen/,301,Alias obecny w site/de/miasto-i-okolice/ilustracje/tramwaj-poranek/index.html; cel spłaszczony do adresu kanonicznego,SZKIC — potwierdzić użycie na starej stronie i zatwierdzić przed wdrożeniem
https://hornigold.pl/de/miasto-i-okolice/ilustracje/tramwaj-poranek/,https://hornigold.pl/de/stadt-und-umgebung/illustrationen/morgen-auf-den-gleisen/,301,Alias obecny w site/de/miasto-i-okolice/ilustracje/tramwaj-poranek/index.html; cel spłaszczony do adresu kanonicznego,SZKIC — potwierdzić użycie na starej stronie i zatwierdzić przed wdrożeniem
https://hornigold.pl/de/miasto-i-okolice/ilustracje/tramwaj-wieczor,https://hornigold.pl/de/stadt-und-umgebung/illustrationen/stra%C3%9Fenbahn-in-der-blauen-stunde/,301,Alias obecny w site/de/miasto-i-okolice/ilustracje/tramwaj-wieczor/index.html; cel spłaszczony do adresu kanonicznego,SZKIC — potwierdzić użycie na starej stronie i zatwierdzić przed wdrożeniem
https://hornigold.pl/de/miasto-i-okolice/ilustracje/tramwaj-wieczor/,https://hornigold.pl/de/stadt-und-umgebung/illustrationen/stra%C3%9Fenbahn-in-der-blauen-stunde/,301,Alias obecny w site/de/miasto-i-okolice/ilustracje/tramwaj-wieczor/index.html; cel spłaszczony do adresu kanonicznego,SZKIC — potwierdzić użycie na starej stronie i zatwierdzić przed wdrożeniem
https://hornigold.pl/de/miasto-i-okolice/ilustracje/ulica-moderny,https://hornigold.pl/de/stadt-und-umgebung/illustrationen/eine-stra%C3%9Fe-der-moderne/,301,Alias obecny w site/de/miasto-i-okolice/ilustracje/ulica-moderny/index.html; cel spłaszczony do adresu kanonicznego,SZKIC — potwierdzić użycie na starej stronie i zatwierdzić przed wdrożeniem
https://hornigold.pl/de/miasto-i-okolice/ilustracje/ulica-moderny/,https://hornigold.pl/de/stadt-und-umgebung/illustrationen/eine-stra%C3%9Fe-der-moderne/,301,Alias obecny w site/de/miasto-i-okolice/ilustracje/ulica-moderny/index.html; cel spłaszczony do adresu kanonicznego,SZKIC — potwierdzić użycie na starej stronie i zatwierdzić przed wdrożeniem
https://hornigold.pl/de/miasto-i-okolice/ilustracje/wieza-wodna,https://hornigold.pl/de/stadt-und-umgebung/illustrationen/wasserturm-spur-der-infrastruktur/,301,Alias obecny w site/de/miasto-i-okolice/ilustracje/wieza-wodna/index.html; cel spłaszczony do adresu kanonicznego,SZKIC — potwierdzić użycie na starej stronie i zatwierdzić przed wdrożeniem
https://hornigold.pl/de/miasto-i-okolice/ilustracje/wieza-wodna/,https://hornigold.pl/de/stadt-und-umgebung/illustrationen/wasserturm-spur-der-infrastruktur/,301,Alias obecny w site/de/miasto-i-okolice/ilustracje/wieza-wodna/index.html; cel spłaszczony do adresu kanonicznego,SZKIC — potwierdzić użycie na starej stronie i zatwierdzić przed wdrożeniem
https://hornigold.pl/de/miasto-i-okolice/ilustracje/zielony-korytarz,https://hornigold.pl/de/stadt-und-umgebung/illustrationen/der-grune-korridor-der-stadt/,301,Alias obecny w site/de/miasto-i-okolice/ilustracje/zielony-korytarz/index.html; cel spłaszczony do adresu kanonicznego,SZKIC — potwierdzić użycie na starej stronie i zatwierdzić przed wdrożeniem
https://hornigold.pl/de/miasto-i-okolice/ilustracje/zielony-korytarz/,https://hornigold.pl/de/stadt-und-umgebung/illustrationen/der-grune-korridor-der-stadt/,301,Alias obecny w site/de/miasto-i-okolice/ilustracje/zielony-korytarz/index.html; cel spłaszczony do adresu kanonicznego,SZKIC — potwierdzić użycie na starej stronie i zatwierdzić przed wdrożeniem
https://hornigold.pl/de/miasto-i-okolice/katalog-zabytkow,https://hornigold.pl/de/stadt-und-umgebung/denkmaler-und-routen-weiterentdecken/,301,Alias obecny w site/de/miasto-i-okolice/katalog-zabytkow/index.html; cel spłaszczony do adresu kanonicznego,SZKIC — potwierdzić użycie na starej stronie i zatwierdzić przed wdrożeniem
https://hornigold.pl/de/miasto-i-okolice/katalog-zabytkow/,https://hornigold.pl/de/stadt-und-umgebung/denkmaler-und-routen-weiterentdecken/,301,Alias obecny w site/de/miasto-i-okolice/katalog-zabytkow/index.html; cel spłaszczony do adresu kanonicznego,SZKIC — potwierdzić użycie na starej stronie i zatwierdzić przed wdrożeniem
https://hornigold.pl/de/miasto-i-okolice/miejsca-pamieci-slaska,https://hornigold.pl/de/stadt-und-umgebung/schlesische-erinnerungsorte-unterschiedliche-geschichten/,301,Alias obecny w site/de/miasto-i-okolice/miejsca-pamieci-slaska/index.html; cel spłaszczony do adresu kanonicznego,SZKIC — potwierdzić użycie na starej stronie i zatwierdzić przed wdrożeniem
https://hornigold.pl/de/miasto-i-okolice/miejsca-pamieci-slaska/,https://hornigold.pl/de/stadt-und-umgebung/schlesische-erinnerungsorte-unterschiedliche-geschichten/,301,Alias obecny w site/de/miasto-i-okolice/miejsca-pamieci-slaska/index.html; cel spłaszczony do adresu kanonicznego,SZKIC — potwierdzić użycie na starej stronie i zatwierdzić przed wdrożeniem
https://hornigold.pl/de/miasto-i-okolice/moderna-i-zabytki,https://hornigold.pl/de/stadt-und-umgebung/moderne-stadthauser-und-eine-holzkirche/,301,Alias obecny w site/de/miasto-i-okolice/moderna-i-zabytki/index.html; cel spłaszczony do adresu kanonicznego,SZKIC — potwierdzić użycie na starej stronie i zatwierdzić przed wdrożeniem
https://hornigold.pl/de/miasto-i-okolice/moderna-i-zabytki/,https://hornigold.pl/de/stadt-und-umgebung/moderne-stadthauser-und-eine-holzkirche/,301,Alias obecny w site/de/miasto-i-okolice/moderna-i-zabytki/index.html; cel spłaszczony do adresu kanonicznego,SZKIC — potwierdzić użycie na starej stronie i zatwierdzić przed wdrożeniem
https://hornigold.pl/de/miasto-i-okolice/nikiszowiec,https://hornigold.pl/de/stadt-und-umgebung/nikiszowiec/,301,Alias obecny w site/de/miasto-i-okolice/nikiszowiec/index.html; cel spłaszczony do adresu kanonicznego,SZKIC — potwierdzić użycie na starej stronie i zatwierdzić przed wdrożeniem
https://hornigold.pl/de/miasto-i-okolice/nikiszowiec/,https://hornigold.pl/de/stadt-und-umgebung/nikiszowiec/,301,Alias obecny w site/de/miasto-i-okolice/nikiszowiec/index.html; cel spłaszczony do adresu kanonicznego,SZKIC — potwierdzić użycie na starej stronie i zatwierdzić przed wdrożeniem
https://hornigold.pl/de/miasto-i-okolice/pszczyna,https://hornigold.pl/de/stadt-und-umgebung/pszczyna/,301,Alias obecny w site/de/miasto-i-okolice/pszczyna/index.html; cel spłaszczony do adresu kanonicznego,SZKIC — potwierdzić użycie na starej stronie i zatwierdzić przed wdrożeniem
https://hornigold.pl/de/miasto-i-okolice/pszczyna/,https://hornigold.pl/de/stadt-und-umgebung/pszczyna/,301,Alias obecny w site/de/miasto-i-okolice/pszczyna/index.html; cel spłaszczony do adresu kanonicznego,SZKIC — potwierdzić użycie na starej stronie i zatwierdzić przed wdrożeniem
https://hornigold.pl/de/miasto-i-okolice/rynek,https://hornigold.pl/de/stadt-und-umgebung/der-rynek-katowice-auf-einen-blick/,301,Alias obecny w site/de/miasto-i-okolice/rynek/index.html; cel spłaszczony do adresu kanonicznego,SZKIC — potwierdzić użycie na starej stronie i zatwierdzić przed wdrożeniem
https://hornigold.pl/de/miasto-i-okolice/rynek/,https://hornigold.pl/de/stadt-und-umgebung/der-rynek-katowice-auf-einen-blick/,301,Alias obecny w site/de/miasto-i-okolice/rynek/index.html; cel spłaszczony do adresu kanonicznego,SZKIC — potwierdzić użycie na starej stronie i zatwierdzić przed wdrożeniem
https://hornigold.pl/de/miasto-i-okolice/strefa-kultury,https://hornigold.pl/de/stadt-und-umgebung/die-kulturzone-ein-neues-kapitel-fur-einen-industriestandort/,301,Alias obecny w site/de/miasto-i-okolice/strefa-kultury/index.html; cel spłaszczony do adresu kanonicznego,SZKIC — potwierdzić użycie na starej stronie i zatwierdzić przed wdrożeniem
https://hornigold.pl/de/miasto-i-okolice/strefa-kultury/,https://hornigold.pl/de/stadt-und-umgebung/die-kulturzone-ein-neues-kapitel-fur-einen-industriestandort/,301,Alias obecny w site/de/miasto-i-okolice/strefa-kultury/index.html; cel spłaszczony do adresu kanonicznego,SZKIC — potwierdzić użycie na starej stronie i zatwierdzić przed wdrożeniem
https://hornigold.pl/de/miasto-i-okolice/szlak-zabytkow-techniki,https://hornigold.pl/de/stadt-und-umgebung/die-route-der-technischen-denkmaler-eine-arbeitswelt-erzahlt/,301,Alias obecny w site/de/miasto-i-okolice/szlak-zabytkow-techniki/index.html; cel spłaszczony do adresu kanonicznego,SZKIC — potwierdzić użycie na starej stronie i zatwierdzić przed wdrożeniem
https://hornigold.pl/de/miasto-i-okolice/szlak-zabytkow-techniki/,https://hornigold.pl/de/stadt-und-umgebung/die-route-der-technischen-denkmaler-eine-arbeitswelt-erzahlt/,301,Alias obecny w site/de/miasto-i-okolice/szlak-zabytkow-techniki/index.html; cel spłaszczony do adresu kanonicznego,SZKIC — potwierdzić użycie na starej stronie i zatwierdzić przed wdrożeniem
https://hornigold.pl/de/miasto-i-okolice/tarnowskie-gory,https://hornigold.pl/de/stadt-und-umgebung/tarnowskie-gory/,301,Alias obecny w site/de/miasto-i-okolice/tarnowskie-gory/index.html; cel spłaszczony do adresu kanonicznego,SZKIC — potwierdzić użycie na starej stronie i zatwierdzić przed wdrożeniem
https://hornigold.pl/de/miasto-i-okolice/tarnowskie-gory/,https://hornigold.pl/de/stadt-und-umgebung/tarnowskie-gory/,301,Alias obecny w site/de/miasto-i-okolice/tarnowskie-gory/index.html; cel spłaszczony do adresu kanonicznego,SZKIC — potwierdzić użycie na starej stronie i zatwierdzić przed wdrożeniem
https://hornigold.pl/de/miasto-i-okolice/zabrze-guido-luiza,https://hornigold.pl/de/stadt-und-umgebung/zabrze-zeche-guido-und-konigin-luise-stollen/,301,Alias obecny w site/de/miasto-i-okolice/zabrze-guido-luiza/index.html; cel spłaszczony do adresu kanonicznego,SZKIC — potwierdzić użycie na starej stronie i zatwierdzić przed wdrożeniem
https://hornigold.pl/de/miasto-i-okolice/zabrze-guido-luiza/,https://hornigold.pl/de/stadt-und-umgebung/zabrze-zeche-guido-und-konigin-luise-stollen/,301,Alias obecny w site/de/miasto-i-okolice/zabrze-guido-luiza/index.html; cel spłaszczony do adresu kanonicznego,SZKIC — potwierdzić użycie na starej stronie i zatwierdzić przed wdrożeniem
https://hornigold.pl/de/o-nas,https://hornigold.pl/de/uber-hornigold/,301,Alias obecny w site/de/o-nas/index.html; cel spłaszczony do adresu kanonicznego,SZKIC — potwierdzić użycie na starej stronie i zatwierdzić przed wdrożeniem
https://hornigold.pl/de/o-nas/,https://hornigold.pl/de/uber-hornigold/,301,Alias obecny w site/de/o-nas/index.html; cel spłaszczony do adresu kanonicznego,SZKIC — potwierdzić użycie na starej stronie i zatwierdzić przed wdrożeniem
https://hornigold.pl/de/oferty,https://hornigold.pl/de/ein-aufenthalt-der-zu-ihnen-passt/,301,Alias obecny w site/de/oferty/index.html; cel spłaszczony do adresu kanonicznego,SZKIC — potwierdzić użycie na starej stronie i zatwierdzić przed wdrożeniem
https://hornigold.pl/de/oferty/,https://hornigold.pl/de/ein-aufenthalt-der-zu-ihnen-passt/,301,Alias obecny w site/de/oferty/index.html; cel spłaszczony do adresu kanonicznego,SZKIC — potwierdzić użycie na starej stronie i zatwierdzić przed wdrożeniem
https://hornigold.pl/de/opinie,https://hornigold.pl/de/erfahrungen-unserer-gaste/,301,Alias obecny w site/de/opinie/index.html; cel spłaszczony do adresu kanonicznego,SZKIC — potwierdzić użycie na starej stronie i zatwierdzić przed wdrożeniem
https://hornigold.pl/de/opinie/,https://hornigold.pl/de/erfahrungen-unserer-gaste/,301,Alias obecny w site/de/opinie/index.html; cel spłaszczony do adresu kanonicznego,SZKIC — potwierdzić użycie na starej stronie i zatwierdzić przed wdrożeniem
https://hornigold.pl/de/parking,https://hornigold.pl/de/entspannt-anreisen/,301,Alias obecny w site/de/parking/index.html; cel spłaszczony do adresu kanonicznego,SZKIC — potwierdzić użycie na starej stronie i zatwierdzić przed wdrożeniem
https://hornigold.pl/de/parking/,https://hornigold.pl/de/entspannt-anreisen/,301,Alias obecny w site/de/parking/index.html; cel spłaszczony do adresu kanonicznego,SZKIC — potwierdzić użycie na starej stronie i zatwierdzić przed wdrożeniem
https://hornigold.pl/de/pokoje,https://hornigold.pl/de/zimmer/,301,Alias obecny w site/de/pokoje/index.html; cel spłaszczony do adresu kanonicznego,SZKIC — potwierdzić użycie na starej stronie i zatwierdzić przed wdrożeniem
https://hornigold.pl/de/pokoje/,https://hornigold.pl/de/zimmer/,301,Alias obecny w site/de/pokoje/index.html; cel spłaszczony do adresu kanonicznego,SZKIC — potwierdzić użycie na starej stronie i zatwierdzić przed wdrożeniem
https://hornigold.pl/de/pokoje/apartament-deluxe,https://hornigold.pl/de/zimmer/apartament-deluxe/,301,Alias obecny w site/de/pokoje/apartament-deluxe/index.html; cel spłaszczony do adresu kanonicznego,SZKIC — potwierdzić użycie na starej stronie i zatwierdzić przed wdrożeniem
https://hornigold.pl/de/pokoje/apartament-deluxe/,https://hornigold.pl/de/zimmer/apartament-deluxe/,301,Alias obecny w site/de/pokoje/apartament-deluxe/index.html; cel spłaszczony do adresu kanonicznego,SZKIC — potwierdzić użycie na starej stronie i zatwierdzić przed wdrożeniem
https://hornigold.pl/de/pokoje/classic,https://hornigold.pl/de/zimmer/classic/,301,Alias obecny w site/de/pokoje/classic/index.html; cel spłaszczony do adresu kanonicznego,SZKIC — potwierdzić użycie na starej stronie i zatwierdzić przed wdrożeniem
https://hornigold.pl/de/pokoje/classic/,https://hornigold.pl/de/zimmer/classic/,301,Alias obecny w site/de/pokoje/classic/index.html; cel spłaszczony do adresu kanonicznego,SZKIC — potwierdzić użycie na starej stronie i zatwierdzić przed wdrożeniem
https://hornigold.pl/de/pokoje/deluxe-premium,https://hornigold.pl/de/zimmer/deluxe-premium/,301,Alias obecny w site/de/pokoje/deluxe-premium/index.html; cel spłaszczony do adresu kanonicznego,SZKIC — potwierdzić użycie na starej stronie i zatwierdzić przed wdrożeniem
https://hornigold.pl/de/pokoje/deluxe-premium/,https://hornigold.pl/de/zimmer/deluxe-premium/,301,Alias obecny w site/de/pokoje/deluxe-premium/index.html; cel spłaszczony do adresu kanonicznego,SZKIC — potwierdzić użycie na starej stronie i zatwierdzić przed wdrożeniem
https://hornigold.pl/de/pokoje/deluxe,https://hornigold.pl/de/zimmer/deluxe/,301,Alias obecny w site/de/pokoje/deluxe/index.html; cel spłaszczony do adresu kanonicznego,SZKIC — potwierdzić użycie na starej stronie i zatwierdzić przed wdrożeniem
https://hornigold.pl/de/pokoje/deluxe/,https://hornigold.pl/de/zimmer/deluxe/,301,Alias obecny w site/de/pokoje/deluxe/index.html; cel spłaszczony do adresu kanonicznego,SZKIC — potwierdzić użycie na starej stronie i zatwierdzić przed wdrożeniem
https://hornigold.pl/de/pokoje/hornigold,https://hornigold.pl/de/zimmer/hornigold/,301,Alias obecny w site/de/pokoje/hornigold/index.html; cel spłaszczony do adresu kanonicznego,SZKIC — potwierdzić użycie na starej stronie i zatwierdzić przed wdrożeniem
https://hornigold.pl/de/pokoje/hornigold/,https://hornigold.pl/de/zimmer/hornigold/,301,Alias obecny w site/de/pokoje/hornigold/index.html; cel spłaszczony do adresu kanonicznego,SZKIC — potwierdzić użycie na starej stronie i zatwierdzić przed wdrożeniem
https://hornigold.pl/de/pokoje/premium,https://hornigold.pl/de/zimmer/premium/,301,Alias obecny w site/de/pokoje/premium/index.html; cel spłaszczony do adresu kanonicznego,SZKIC — potwierdzić użycie na starej stronie i zatwierdzić przed wdrożeniem
https://hornigold.pl/de/pokoje/premium/,https://hornigold.pl/de/zimmer/premium/,301,Alias obecny w site/de/pokoje/premium/index.html; cel spłaszczony do adresu kanonicznego,SZKIC — potwierdzić użycie na starej stronie i zatwierdzić przed wdrożeniem
https://hornigold.pl/de/pokoje/prestige-deluxe,https://hornigold.pl/de/zimmer/prestige-deluxe/,301,Alias obecny w site/de/pokoje/prestige-deluxe/index.html; cel spłaszczony do adresu kanonicznego,SZKIC — potwierdzić użycie na starej stronie i zatwierdzić przed wdrożeniem
https://hornigold.pl/de/pokoje/prestige-deluxe/,https://hornigold.pl/de/zimmer/prestige-deluxe/,301,Alias obecny w site/de/pokoje/prestige-deluxe/index.html; cel spłaszczony do adresu kanonicznego,SZKIC — potwierdzić użycie na starej stronie i zatwierdzić przed wdrożeniem
https://hornigold.pl/de/pokoje/prestige,https://hornigold.pl/de/zimmer/prestige/,301,Alias obecny w site/de/pokoje/prestige/index.html; cel spłaszczony do adresu kanonicznego,SZKIC — potwierdzić użycie na starej stronie i zatwierdzić przed wdrożeniem
https://hornigold.pl/de/pokoje/prestige/,https://hornigold.pl/de/zimmer/prestige/,301,Alias obecny w site/de/pokoje/prestige/index.html; cel spłaszczony do adresu kanonicznego,SZKIC — potwierdzić użycie na starej stronie i zatwierdzić przed wdrożeniem
https://hornigold.pl/de/pokoje/suite,https://hornigold.pl/de/zimmer/suite/,301,Alias obecny w site/de/pokoje/suite/index.html; cel spłaszczony do adresu kanonicznego,SZKIC — potwierdzić użycie na starej stronie i zatwierdzić przed wdrożeniem
https://hornigold.pl/de/pokoje/suite/,https://hornigold.pl/de/zimmer/suite/,301,Alias obecny w site/de/pokoje/suite/index.html; cel spłaszczony do adresu kanonicznego,SZKIC — potwierdzić użycie na starej stronie i zatwierdzić przed wdrożeniem
https://hornigold.pl/de/porownaj,https://hornigold.pl/de/vergleichen/,301,Alias obecny w site/de/porownaj/index.html; cel spłaszczony do adresu kanonicznego,SZKIC — potwierdzić użycie na starej stronie i zatwierdzić przed wdrożeniem
https://hornigold.pl/de/porownaj/,https://hornigold.pl/de/vergleichen/,301,Alias obecny w site/de/porownaj/index.html; cel spłaszczony do adresu kanonicznego,SZKIC — potwierdzić użycie na starej stronie i zatwierdzić przed wdrożeniem
https://hornigold.pl/de/prywatnosc,https://hornigold.pl/de/datenschutz-und-daten/,301,Alias obecny w site/de/prywatnosc/index.html; cel spłaszczony do adresu kanonicznego,SZKIC — potwierdzić użycie na starej stronie i zatwierdzić przed wdrożeniem
https://hornigold.pl/de/prywatnosc/,https://hornigold.pl/de/datenschutz-und-daten/,301,Alias obecny w site/de/prywatnosc/index.html; cel spłaszczony do adresu kanonicznego,SZKIC — potwierdzić użycie na starej stronie i zatwierdzić przed wdrożeniem
https://hornigold.pl/de/sniadania,https://hornigold.pl/de/fruehstueck/,301,Alias obecny w site/de/sniadania/index.html; cel spłaszczony do adresu kanonicznego,SZKIC — potwierdzić użycie na starej stronie i zatwierdzić przed wdrożeniem
https://hornigold.pl/de/sniadania/,https://hornigold.pl/de/fruehstueck/,301,Alias obecny w site/de/sniadania/index.html; cel spłaszczony do adresu kanonicznego,SZKIC — potwierdzić użycie na starej stronie i zatwierdzić przed wdrożeniem
https://hornigold.pl/de/wellness-spa,https://hornigold.pl/de/wellness-und-spa/,301,Alias obecny w site/de/wellness-spa/index.html; cel spłaszczony do adresu kanonicznego,SZKIC — potwierdzić użycie na starej stronie i zatwierdzić przed wdrożeniem
https://hornigold.pl/de/wellness-spa/,https://hornigold.pl/de/wellness-und-spa/,301,Alias obecny w site/de/wellness-spa/index.html; cel spłaszczony do adresu kanonicznego,SZKIC — potwierdzić użycie na starej stronie i zatwierdzić przed wdrożeniem
https://hornigold.pl/en/catering,https://hornigold.pl/en/catering-and-events/,301,Alias obecny w site/en/catering/index.html; cel spłaszczony do adresu kanonicznego,SZKIC — potwierdzić użycie na starej stronie i zatwierdzić przed wdrożeniem
https://hornigold.pl/en/catering/,https://hornigold.pl/en/catering-and-events/,301,Alias obecny w site/en/catering/index.html; cel spłaszczony do adresu kanonicznego,SZKIC — potwierdzić użycie na starej stronie i zatwierdzić przed wdrożeniem
https://hornigold.pl/en/dla-firm,https://hornigold.pl/en/terms-that-fit-your-plans/,301,Alias obecny w site/en/dla-firm/index.html; cel spłaszczony do adresu kanonicznego,SZKIC — potwierdzić użycie na starej stronie i zatwierdzić przed wdrożeniem
https://hornigold.pl/en/dla-firm/,https://hornigold.pl/en/terms-that-fit-your-plans/,301,Alias obecny w site/en/dla-firm/index.html; cel spłaszczony do adresu kanonicznego,SZKIC — potwierdzić użycie na starej stronie i zatwierdzić przed wdrożeniem
https://hornigold.pl/en/dokumenty,https://hornigold.pl/en/clarity-before-your-arrival/,301,Alias obecny w site/en/dokumenty/index.html; cel spłaszczony do adresu kanonicznego,SZKIC — potwierdzić użycie na starej stronie i zatwierdzić przed wdrożeniem
https://hornigold.pl/en/dokumenty/,https://hornigold.pl/en/clarity-before-your-arrival/,301,Alias obecny w site/en/dokumenty/index.html; cel spłaszczony do adresu kanonicznego,SZKIC — potwierdzić użycie na starej stronie i zatwierdzić przed wdrożeniem
https://hornigold.pl/en/faq,https://hornigold.pl/en/good-to-know/,301,Alias obecny w site/en/faq/index.html; cel spłaszczony do adresu kanonicznego,SZKIC — potwierdzić użycie na starej stronie i zatwierdzić przed wdrożeniem
https://hornigold.pl/en/faq/,https://hornigold.pl/en/good-to-know/,301,Alias obecny w site/en/faq/index.html; cel spłaszczony do adresu kanonicznego,SZKIC — potwierdzić użycie na starej stronie i zatwierdzić przed wdrożeniem
https://hornigold.pl/en/informacje,https://hornigold.pl/en/a-relaxed-visit-starts-before-arrival/,301,Alias obecny w site/en/informacje/index.html; cel spłaszczony do adresu kanonicznego,SZKIC — potwierdzić użycie na starej stronie i zatwierdzić przed wdrożeniem
https://hornigold.pl/en/informacje/,https://hornigold.pl/en/a-relaxed-visit-starts-before-arrival/,301,Alias obecny w site/en/informacje/index.html; cel spłaszczony do adresu kanonicznego,SZKIC — potwierdzić użycie na starej stronie i zatwierdzić przed wdrożeniem
https://hornigold.pl/en/katowice,https://hornigold.pl/en/katowice-with-hornigold/,301,Alias obecny w site/en/katowice/index.html; cel spłaszczony do adresu kanonicznego,SZKIC — potwierdzić użycie na starej stronie i zatwierdzić przed wdrożeniem
https://hornigold.pl/en/katowice/,https://hornigold.pl/en/katowice-with-hornigold/,301,Alias obecny w site/en/katowice/index.html; cel spłaszczony do adresu kanonicznego,SZKIC — potwierdzić użycie na starej stronie i zatwierdzić przed wdrożeniem
https://hornigold.pl/en/katowice/architektura,https://hornigold.pl/en/katowice/architecture-and-a-city-centre-walk/,301,Alias obecny w site/en/katowice/architektura/index.html; cel spłaszczony do adresu kanonicznego,SZKIC — potwierdzić użycie na starej stronie i zatwierdzić przed wdrożeniem
https://hornigold.pl/en/katowice/architektura/,https://hornigold.pl/en/katowice/architecture-and-a-city-centre-walk/,301,Alias obecny w site/en/katowice/architektura/index.html; cel spłaszczony do adresu kanonicznego,SZKIC — potwierdzić użycie na starej stronie i zatwierdzić przed wdrożeniem
https://hornigold.pl/en/katowice/pierwszy-przyjazd,https://hornigold.pl/en/katowice/your-first-arrival-in-katowice/,301,Alias obecny w site/en/katowice/pierwszy-przyjazd/index.html; cel spłaszczony do adresu kanonicznego,SZKIC — potwierdzić użycie na starej stronie i zatwierdzić przed wdrożeniem
https://hornigold.pl/en/katowice/pierwszy-przyjazd/,https://hornigold.pl/en/katowice/your-first-arrival-in-katowice/,301,Alias obecny w site/en/katowice/pierwszy-przyjazd/index.html; cel spłaszczony do adresu kanonicznego,SZKIC — potwierdzić użycie na starej stronie i zatwierdzić przed wdrożeniem
https://hornigold.pl/en/katowice/sluzbowo,https://hornigold.pl/en/katowice/business-travel-before-you-arrive/,301,Alias obecny w site/en/katowice/sluzbowo/index.html; cel spłaszczony do adresu kanonicznego,SZKIC — potwierdzić użycie na starej stronie i zatwierdzić przed wdrożeniem
https://hornigold.pl/en/katowice/sluzbowo/,https://hornigold.pl/en/katowice/business-travel-before-you-arrive/,301,Alias obecny w site/en/katowice/sluzbowo/index.html; cel spłaszczony do adresu kanonicznego,SZKIC — potwierdzić użycie na starej stronie i zatwierdzić przed wdrożeniem
https://hornigold.pl/en/katowice/weekend,https://hornigold.pl/en/katowice/katowice-in-24-or-48-hours/,301,Alias obecny w site/en/katowice/weekend/index.html; cel spłaszczony do adresu kanonicznego,SZKIC — potwierdzić użycie na starej stronie i zatwierdzić przed wdrożeniem
https://hornigold.pl/en/katowice/weekend/,https://hornigold.pl/en/katowice/katowice-in-24-or-48-hours/,301,Alias obecny w site/en/katowice/weekend/index.html; cel spłaszczony do adresu kanonicznego,SZKIC — potwierdzić użycie na starej stronie i zatwierdzić przed wdrożeniem
https://hornigold.pl/en/katowice/wydarzenia,https://hornigold.pl/en/katowice/choose-an-event-plan-your-stay/,301,Alias obecny w site/en/katowice/wydarzenia/index.html; cel spłaszczony do adresu kanonicznego,SZKIC — potwierdzić użycie na starej stronie i zatwierdzić przed wdrożeniem
https://hornigold.pl/en/katowice/wydarzenia/,https://hornigold.pl/en/katowice/choose-an-event-plan-your-stay/,301,Alias obecny w site/en/katowice/wydarzenia/index.html; cel spłaszczony do adresu kanonicznego,SZKIC — potwierdzić użycie na starej stronie i zatwierdzić przed wdrożeniem
https://hornigold.pl/en/katowice/wydarzenie,https://hornigold.pl/en/katowice/visiting-mck-spodek-or-nospr/,301,Alias obecny w site/en/katowice/wydarzenie/index.html; cel spłaszczony do adresu kanonicznego,SZKIC — potwierdzić użycie na starej stronie i zatwierdzić przed wdrożeniem
https://hornigold.pl/en/katowice/wydarzenie/,https://hornigold.pl/en/katowice/visiting-mck-spodek-or-nospr/,301,Alias obecny w site/en/katowice/wydarzenie/index.html; cel spłaszczony do adresu kanonicznego,SZKIC — potwierdzić użycie na starej stronie i zatwierdzić przed wdrożeniem
https://hornigold.pl/en/katowice/z-dziecmi,https://hornigold.pl/en/katowice/katowice-with-children-keep-it-simple/,301,Alias obecny w site/en/katowice/z-dziecmi/index.html; cel spłaszczony do adresu kanonicznego,SZKIC — potwierdzić użycie na starej stronie i zatwierdzić przed wdrożeniem
https://hornigold.pl/en/katowice/z-dziecmi/,https://hornigold.pl/en/katowice/katowice-with-children-keep-it-simple/,301,Alias obecny w site/en/katowice/z-dziecmi/index.html; cel spłaszczony do adresu kanonicznego,SZKIC — potwierdzić użycie na starej stronie i zatwierdzić przed wdrożeniem
https://hornigold.pl/en/konferencje,https://hornigold.pl/en/conferences-and-meetings/,301,Alias obecny w site/en/konferencje/index.html; cel spłaszczony do adresu kanonicznego,SZKIC — potwierdzić użycie na starej stronie i zatwierdzić przed wdrożeniem
https://hornigold.pl/en/konferencje/,https://hornigold.pl/en/conferences-and-meetings/,301,Alias obecny w site/en/konferencje/index.html; cel spłaszczony do adresu kanonicznego,SZKIC — potwierdzić użycie na starej stronie i zatwierdzić przed wdrożeniem
https://hornigold.pl/en/kontakt,https://hornigold.pl/en/contact/,301,Alias obecny w site/en/kontakt/index.html; cel spłaszczony do adresu kanonicznego,SZKIC — potwierdzić użycie na starej stronie i zatwierdzić przed wdrożeniem
https://hornigold.pl/en/kontakt/,https://hornigold.pl/en/contact/,301,Alias obecny w site/en/kontakt/index.html; cel spłaszczony do adresu kanonicznego,SZKIC — potwierdzić użycie na starej stronie i zatwierdzić przed wdrożeniem
https://hornigold.pl/en/lokalizacja,https://hornigold.pl/en/location/,301,Alias obecny w site/en/lokalizacja/index.html; cel spłaszczony do adresu kanonicznego,SZKIC — potwierdzić użycie na starej stronie i zatwierdzić przed wdrożeniem
https://hornigold.pl/en/lokalizacja/,https://hornigold.pl/en/location/,301,Alias obecny w site/en/lokalizacja/index.html; cel spłaszczony do adresu kanonicznego,SZKIC — potwierdzić użycie na starej stronie i zatwierdzić przed wdrożeniem
https://hornigold.pl/en/lotniska,https://hornigold.pl/en/airports/,301,Alias obecny w site/en/lotniska/index.html; cel spłaszczony do adresu kanonicznego,SZKIC — potwierdzić użycie na starej stronie i zatwierdzić przed wdrożeniem
https://hornigold.pl/en/lotniska/,https://hornigold.pl/en/airports/,301,Alias obecny w site/en/lotniska/index.html; cel spłaszczony do adresu kanonicznego,SZKIC — potwierdzić użycie na starej stronie i zatwierdzić przed wdrożeniem
https://hornigold.pl/en/lotniska/balice,https://hornigold.pl/en/airports/balice/,301,Alias obecny w site/en/lotniska/balice/index.html; cel spłaszczony do adresu kanonicznego,SZKIC — potwierdzić użycie na starej stronie i zatwierdzić przed wdrożeniem
https://hornigold.pl/en/lotniska/balice/,https://hornigold.pl/en/airports/balice/,301,Alias obecny w site/en/lotniska/balice/index.html; cel spłaszczony do adresu kanonicznego,SZKIC — potwierdzić użycie na starej stronie i zatwierdzić przed wdrożeniem
https://hornigold.pl/en/lotniska/pyrzowice,https://hornigold.pl/en/airports/pyrzowice/,301,Alias obecny w site/en/lotniska/pyrzowice/index.html; cel spłaszczony do adresu kanonicznego,SZKIC — potwierdzić użycie na starej stronie i zatwierdzić przed wdrożeniem
https://hornigold.pl/en/lotniska/pyrzowice/,https://hornigold.pl/en/airports/pyrzowice/,301,Alias obecny w site/en/lotniska/pyrzowice/index.html; cel spłaszczony do adresu kanonicznego,SZKIC — potwierdzić użycie na starej stronie i zatwierdzić przed wdrożeniem
https://hornigold.pl/en/miasto-i-okolice,https://hornigold.pl/en/city-and-surroundings/,301,Alias obecny w site/en/miasto-i-okolice/index.html; cel spłaszczony do adresu kanonicznego,SZKIC — potwierdzić użycie na starej stronie i zatwierdzić przed wdrożeniem
https://hornigold.pl/en/miasto-i-okolice/,https://hornigold.pl/en/city-and-surroundings/,301,Alias obecny w site/en/miasto-i-okolice/index.html; cel spłaszczony do adresu kanonicznego,SZKIC — potwierdzić użycie na starej stronie i zatwierdzić przed wdrożeniem
https://hornigold.pl/en/miasto-i-okolice/auschwitz-birkenau,https://hornigold.pl/en/city-and-surroundings/auschwitz-birkenau/,301,Alias obecny w site/en/miasto-i-okolice/auschwitz-birkenau/index.html; cel spłaszczony do adresu kanonicznego,SZKIC — potwierdzić użycie na starej stronie i zatwierdzić przed wdrożeniem
https://hornigold.pl/en/miasto-i-okolice/auschwitz-birkenau/,https://hornigold.pl/en/city-and-surroundings/auschwitz-birkenau/,301,Alias obecny w site/en/miasto-i-okolice/auschwitz-birkenau/index.html; cel spłaszczony do adresu kanonicznego,SZKIC — potwierdzić użycie na starej stronie i zatwierdzić przed wdrożeniem
https://hornigold.pl/en/miasto-i-okolice/bedzin-i-jura,https://hornigold.pl/en/city-and-surroundings/bedzin-and-the-jura-castles-borders-and-landscape/,301,Alias obecny w site/en/miasto-i-okolice/bedzin-i-jura/index.html; cel spłaszczony do adresu kanonicznego,SZKIC — potwierdzić użycie na starej stronie i zatwierdzić przed wdrożeniem
https://hornigold.pl/en/miasto-i-okolice/bedzin-i-jura/,https://hornigold.pl/en/city-and-surroundings/bedzin-and-the-jura-castles-borders-and-landscape/,301,Alias obecny w site/en/miasto-i-okolice/bedzin-i-jura/index.html; cel spłaszczony do adresu kanonicznego,SZKIC — potwierdzić użycie na starej stronie i zatwierdzić przed wdrożeniem
https://hornigold.pl/en/miasto-i-okolice/cieszyn,https://hornigold.pl/en/city-and-surroundings/cieszyn/,301,Alias obecny w site/en/miasto-i-okolice/cieszyn/index.html; cel spłaszczony do adresu kanonicznego,SZKIC — potwierdzić użycie na starej stronie i zatwierdzić przed wdrożeniem
https://hornigold.pl/en/miasto-i-okolice/cieszyn/,https://hornigold.pl/en/city-and-surroundings/cieszyn/,301,Alias obecny w site/en/miasto-i-okolice/cieszyn/index.html; cel spłaszczony do adresu kanonicznego,SZKIC — potwierdzić użycie na starej stronie i zatwierdzić przed wdrożeniem
https://hornigold.pl/en/miasto-i-okolice/dziedzictwo-zydowskie,https://hornigold.pl/en/city-and-surroundings/jewish-heritage-people-places-and-absence/,301,Alias obecny w site/en/miasto-i-okolice/dziedzictwo-zydowskie/index.html; cel spłaszczony do adresu kanonicznego,SZKIC — potwierdzić użycie na starej stronie i zatwierdzić przed wdrożeniem
https://hornigold.pl/en/miasto-i-okolice/dziedzictwo-zydowskie/,https://hornigold.pl/en/city-and-surroundings/jewish-heritage-people-places-and-absence/,301,Alias obecny w site/en/miasto-i-okolice/dziedzictwo-zydowskie/index.html; cel spłaszczony do adresu kanonicznego,SZKIC — potwierdzić użycie na starej stronie i zatwierdzić przed wdrożeniem
https://hornigold.pl/en/miasto-i-okolice/gastronomia,https://hornigold.pl/en/city-and-surroundings/dining-in-katowice/,301,Alias obecny w site/en/miasto-i-okolice/gastronomia/index.html; cel spłaszczony do adresu kanonicznego,SZKIC — potwierdzić użycie na starej stronie i zatwierdzić przed wdrożeniem
https://hornigold.pl/en/miasto-i-okolice/gastronomia/,https://hornigold.pl/en/city-and-surroundings/dining-in-katowice/,301,Alias obecny w site/en/miasto-i-okolice/gastronomia/index.html; cel spłaszczony do adresu kanonicznego,SZKIC — potwierdzić użycie na starej stronie i zatwierdzić przed wdrożeniem
https://hornigold.pl/en/miasto-i-okolice/giszowiec,https://hornigold.pl/en/city-and-surroundings/giszowiec/,301,Alias obecny w site/en/miasto-i-okolice/giszowiec/index.html; cel spłaszczony do adresu kanonicznego,SZKIC — potwierdzić użycie na starej stronie i zatwierdzić przed wdrożeniem
https://hornigold.pl/en/miasto-i-okolice/giszowiec/,https://hornigold.pl/en/city-and-surroundings/giszowiec/,301,Alias obecny w site/en/miasto-i-okolice/giszowiec/index.html; cel spłaszczony do adresu kanonicznego,SZKIC — potwierdzić użycie na starej stronie i zatwierdzić przed wdrożeniem
https://hornigold.pl/en/miasto-i-okolice/gliwice-radiostacja,https://hornigold.pl/en/city-and-surroundings/gliwice-the-radio-station-and-the-history-of-propaganda/,301,Alias obecny w site/en/miasto-i-okolice/gliwice-radiostacja/index.html; cel spłaszczony do adresu kanonicznego,SZKIC — potwierdzić użycie na starej stronie i zatwierdzić przed wdrożeniem
https://hornigold.pl/en/miasto-i-okolice/gliwice-radiostacja/,https://hornigold.pl/en/city-and-surroundings/gliwice-the-radio-station-and-the-history-of-propaganda/,301,Alias obecny w site/en/miasto-i-okolice/gliwice-radiostacja/index.html; cel spłaszczony do adresu kanonicznego,SZKIC — potwierdzić użycie na starej stronie i zatwierdzić przed wdrożeniem
https://hornigold.pl/en/miasto-i-okolice/historia-katowic,https://hornigold.pl/en/city-and-surroundings/the-history-of-katowice-a-city-in-motion/,301,Alias obecny w site/en/miasto-i-okolice/historia-katowic/index.html; cel spłaszczony do adresu kanonicznego,SZKIC — potwierdzić użycie na starej stronie i zatwierdzić przed wdrożeniem
https://hornigold.pl/en/miasto-i-okolice/historia-katowic/,https://hornigold.pl/en/city-and-surroundings/the-history-of-katowice-a-city-in-motion/,301,Alias obecny w site/en/miasto-i-okolice/historia-katowic/index.html; cel spłaszczony do adresu kanonicznego,SZKIC — potwierdzić użycie na starej stronie i zatwierdzić przed wdrożeniem
https://hornigold.pl/en/miasto-i-okolice/historia-slaska,https://hornigold.pl/en/city-and-surroundings/silesia-many-voices-one-region/,301,Alias obecny w site/en/miasto-i-okolice/historia-slaska/index.html; cel spłaszczony do adresu kanonicznego,SZKIC — potwierdzić użycie na starej stronie i zatwierdzić przed wdrożeniem
https://hornigold.pl/en/miasto-i-okolice/historia-slaska/,https://hornigold.pl/en/city-and-surroundings/silesia-many-voices-one-region/,301,Alias obecny w site/en/miasto-i-okolice/historia-slaska/index.html; cel spłaszczony do adresu kanonicznego,SZKIC — potwierdzić użycie na starej stronie i zatwierdzić przed wdrożeniem
https://hornigold.pl/en/miasto-i-okolice/ilustracje,https://hornigold.pl/en/city-and-surroundings/katowice-and-silesia-in-illustrations/,301,Alias obecny w site/en/miasto-i-okolice/ilustracje/index.html; cel spłaszczony do adresu kanonicznego,SZKIC — potwierdzić użycie na starej stronie i zatwierdzić przed wdrożeniem
https://hornigold.pl/en/miasto-i-okolice/ilustracje/,https://hornigold.pl/en/city-and-surroundings/katowice-and-silesia-in-illustrations/,301,Alias obecny w site/en/miasto-i-okolice/ilustracje/index.html; cel spłaszczony do adresu kanonicznego,SZKIC — potwierdzić użycie na starej stronie i zatwierdzić przed wdrożeniem
https://hornigold.pl/en/miasto-i-okolice/ilustracje/archikatedra,https://hornigold.pl/en/city-and-surroundings/illustrations/the-archcathedral-light-and-stone/,301,Alias obecny w site/en/miasto-i-okolice/ilustracje/archikatedra/index.html; cel spłaszczony do adresu kanonicznego,SZKIC — potwierdzić użycie na starej stronie i zatwierdzić przed wdrożeniem
https://hornigold.pl/en/miasto-i-okolice/ilustracje/archikatedra/,https://hornigold.pl/en/city-and-surroundings/illustrations/the-archcathedral-light-and-stone/,301,Alias obecny w site/en/miasto-i-okolice/ilustracje/archikatedra/index.html; cel spłaszczony do adresu kanonicznego,SZKIC — potwierdzić użycie na starej stronie i zatwierdzić przed wdrożeniem
https://hornigold.pl/en/miasto-i-okolice/ilustracje/arkady,https://hornigold.pl/en/city-and-surroundings/illustrations/beneath-city-arcades/,301,Alias obecny w site/en/miasto-i-okolice/ilustracje/arkady/index.html; cel spłaszczony do adresu kanonicznego,SZKIC — potwierdzić użycie na starej stronie i zatwierdzić przed wdrożeniem
https://hornigold.pl/en/miasto-i-okolice/ilustracje/arkady/,https://hornigold.pl/en/city-and-surroundings/illustrations/beneath-city-arcades/,301,Alias obecny w site/en/miasto-i-okolice/ilustracje/arkady/index.html; cel spłaszczony do adresu kanonicznego,SZKIC — potwierdzić użycie na starej stronie i zatwierdzić przed wdrożeniem
https://hornigold.pl/en/miasto-i-okolice/ilustracje/ceglane-podworze,https://hornigold.pl/en/city-and-surroundings/illustrations/a-brick-courtyard/,301,Alias obecny w site/en/miasto-i-okolice/ilustracje/ceglane-podworze/index.html; cel spłaszczony do adresu kanonicznego,SZKIC — potwierdzić użycie na starej stronie i zatwierdzić przed wdrożeniem
https://hornigold.pl/en/miasto-i-okolice/ilustracje/ceglane-podworze/,https://hornigold.pl/en/city-and-surroundings/illustrations/a-brick-courtyard/,301,Alias obecny w site/en/miasto-i-okolice/ilustracje/ceglane-podworze/index.html; cel spłaszczony do adresu kanonicznego,SZKIC — potwierdzić użycie na starej stronie i zatwierdzić przed wdrożeniem
https://hornigold.pl/en/miasto-i-okolice/ilustracje/dziedziniec-sztuki,https://hornigold.pl/en/city-and-surroundings/illustrations/a-courtyard-for-art/,301,Alias obecny w site/en/miasto-i-okolice/ilustracje/dziedziniec-sztuki/index.html; cel spłaszczony do adresu kanonicznego,SZKIC — potwierdzić użycie na starej stronie i zatwierdzić przed wdrożeniem
https://hornigold.pl/en/miasto-i-okolice/ilustracje/dziedziniec-sztuki/,https://hornigold.pl/en/city-and-surroundings/illustrations/a-courtyard-for-art/,301,Alias obecny w site/en/miasto-i-okolice/ilustracje/dziedziniec-sztuki/index.html; cel spłaszczony do adresu kanonicznego,SZKIC — potwierdzić użycie na starej stronie i zatwierdzić przed wdrożeniem
https://hornigold.pl/en/miasto-i-okolice/ilustracje/giszowiec-ogrod,https://hornigold.pl/en/city-and-surroundings/illustrations/giszowiec-the-garden-city-idea/,301,Alias obecny w site/en/miasto-i-okolice/ilustracje/giszowiec-ogrod/index.html; cel spłaszczony do adresu kanonicznego,SZKIC — potwierdzić użycie na starej stronie i zatwierdzić przed wdrożeniem
https://hornigold.pl/en/miasto-i-okolice/ilustracje/giszowiec-ogrod/,https://hornigold.pl/en/city-and-surroundings/illustrations/giszowiec-the-garden-city-idea/,301,Alias obecny w site/en/miasto-i-okolice/ilustracje/giszowiec-ogrod/index.html; cel spłaszczony do adresu kanonicznego,SZKIC — potwierdzić użycie na starej stronie i zatwierdzić przed wdrożeniem
https://hornigold.pl/en/miasto-i-okolice/ilustracje/hala-dworcowa,https://hornigold.pl/en/city-and-surroundings/illustrations/a-journey-begins-in-the-hall/,301,Alias obecny w site/en/miasto-i-okolice/ilustracje/hala-dworcowa/index.html; cel spłaszczony do adresu kanonicznego,SZKIC — potwierdzić użycie na starej stronie i zatwierdzić przed wdrożeniem
https://hornigold.pl/en/miasto-i-okolice/ilustracje/hala-dworcowa/,https://hornigold.pl/en/city-and-surroundings/illustrations/a-journey-begins-in-the-hall/,301,Alias obecny w site/en/miasto-i-okolice/ilustracje/hala-dworcowa/index.html; cel spłaszczony do adresu kanonicznego,SZKIC — potwierdzić użycie na starej stronie i zatwierdzić przed wdrożeniem
https://hornigold.pl/en/miasto-i-okolice/ilustracje/industrialna-zielen,https://hornigold.pl/en/city-and-surroundings/illustrations/industry-and-returning-greenery/,301,Alias obecny w site/en/miasto-i-okolice/ilustracje/industrialna-zielen/index.html; cel spłaszczony do adresu kanonicznego,SZKIC — potwierdzić użycie na starej stronie i zatwierdzić przed wdrożeniem
https://hornigold.pl/en/miasto-i-okolice/ilustracje/industrialna-zielen/,https://hornigold.pl/en/city-and-surroundings/illustrations/industry-and-returning-greenery/,301,Alias obecny w site/en/miasto-i-okolice/ilustracje/industrialna-zielen/index.html; cel spłaszczony do adresu kanonicznego,SZKIC — potwierdzić użycie na starej stronie i zatwierdzić przed wdrożeniem
https://hornigold.pl/en/miasto-i-okolice/ilustracje/kino-art-deco,https://hornigold.pl/en/city-and-surroundings/illustrations/cinema-in-city-lights/,301,Alias obecny w site/en/miasto-i-okolice/ilustracje/kino-art-deco/index.html; cel spłaszczony do adresu kanonicznego,SZKIC — potwierdzić użycie na starej stronie i zatwierdzić przed wdrożeniem
https://hornigold.pl/en/miasto-i-okolice/ilustracje/kino-art-deco/,https://hornigold.pl/en/city-and-surroundings/illustrations/cinema-in-city-lights/,301,Alias obecny w site/en/miasto-i-okolice/ilustracje/kino-art-deco/index.html; cel spłaszczony do adresu kanonicznego,SZKIC — potwierdzić użycie na starej stronie i zatwierdzić przed wdrożeniem
https://hornigold.pl/en/miasto-i-okolice/ilustracje/kosciol-mariacki,https://hornigold.pl/en/city-and-surroundings/illustrations/st-marys-church-a-gothic-rhythm/,301,Alias obecny w site/en/miasto-i-okolice/ilustracje/kosciol-mariacki/index.html; cel spłaszczony do adresu kanonicznego,SZKIC — potwierdzić użycie na starej stronie i zatwierdzić przed wdrożeniem
https://hornigold.pl/en/miasto-i-okolice/ilustracje/kosciol-mariacki/,https://hornigold.pl/en/city-and-surroundings/illustrations/st-marys-church-a-gothic-rhythm/,301,Alias obecny w site/en/miasto-i-okolice/ilustracje/kosciol-mariacki/index.html; cel spłaszczony do adresu kanonicznego,SZKIC — potwierdzić użycie na starej stronie i zatwierdzić przed wdrożeniem
https://hornigold.pl/en/miasto-i-okolice/ilustracje/kultura-po-zmroku,https://hornigold.pl/en/city-and-surroundings/illustrations/culture-after-dark/,301,Alias obecny w site/en/miasto-i-okolice/ilustracje/kultura-po-zmroku/index.html; cel spłaszczony do adresu kanonicznego,SZKIC — potwierdzić użycie na starej stronie i zatwierdzić przed wdrożeniem
https://hornigold.pl/en/miasto-i-okolice/ilustracje/kultura-po-zmroku/,https://hornigold.pl/en/city-and-surroundings/illustrations/culture-after-dark/,301,Alias obecny w site/en/miasto-i-okolice/ilustracje/kultura-po-zmroku/index.html; cel spłaszczony do adresu kanonicznego,SZKIC — potwierdzić użycie na starej stronie i zatwierdzić przed wdrożeniem
https://hornigold.pl/en/miasto-i-okolice/ilustracje/kultura-zachod,https://hornigold.pl/en/city-and-surroundings/illustrations/a-cultural-district-at-sunset/,301,Alias obecny w site/en/miasto-i-okolice/ilustracje/kultura-zachod/index.html; cel spłaszczony do adresu kanonicznego,SZKIC — potwierdzić użycie na starej stronie i zatwierdzić przed wdrożeniem
https://hornigold.pl/en/miasto-i-okolice/ilustracje/kultura-zachod/,https://hornigold.pl/en/city-and-surroundings/illustrations/a-cultural-district-at-sunset/,301,Alias obecny w site/en/miasto-i-okolice/ilustracje/kultura-zachod/index.html; cel spłaszczony do adresu kanonicznego,SZKIC — potwierdzić użycie na starej stronie i zatwierdzić przed wdrożeniem
https://hornigold.pl/en/miasto-i-okolice/ilustracje/mck,https://hornigold.pl/en/city-and-surroundings/illustrations/mck-architecture-for-meeting/,301,Alias obecny w site/en/miasto-i-okolice/ilustracje/mck/index.html; cel spłaszczony do adresu kanonicznego,SZKIC — potwierdzić użycie na starej stronie i zatwierdzić przed wdrożeniem
https://hornigold.pl/en/miasto-i-okolice/ilustracje/mck/,https://hornigold.pl/en/city-and-surroundings/illustrations/mck-architecture-for-meeting/,301,Alias obecny w site/en/miasto-i-okolice/ilustracje/mck/index.html; cel spłaszczony do adresu kanonicznego,SZKIC — potwierdzić użycie na starej stronie i zatwierdzić przed wdrożeniem
https://hornigold.pl/en/miasto-i-okolice/ilustracje/modernizm,https://hornigold.pl/en/city-and-surroundings/illustrations/modernism-trail-a-city-of-new-forms/,301,Alias obecny w site/en/miasto-i-okolice/ilustracje/modernizm/index.html; cel spłaszczony do adresu kanonicznego,SZKIC — potwierdzić użycie na starej stronie i zatwierdzić przed wdrożeniem
https://hornigold.pl/en/miasto-i-okolice/ilustracje/modernizm/,https://hornigold.pl/en/city-and-surroundings/illustrations/modernism-trail-a-city-of-new-forms/,301,Alias obecny w site/en/miasto-i-okolice/ilustracje/modernizm/index.html; cel spłaszczony do adresu kanonicznego,SZKIC — potwierdzić użycie na starej stronie i zatwierdzić przed wdrożeniem
https://hornigold.pl/en/miasto-i-okolice/ilustracje/muzeum-slaskie,https://hornigold.pl/en/city-and-surroundings/illustrations/silesian-museum-a-mines-new-life/,301,Alias obecny w site/en/miasto-i-okolice/ilustracje/muzeum-slaskie/index.html; cel spłaszczony do adresu kanonicznego,SZKIC — potwierdzić użycie na starej stronie i zatwierdzić przed wdrożeniem
https://hornigold.pl/en/miasto-i-okolice/ilustracje/muzeum-slaskie/,https://hornigold.pl/en/city-and-surroundings/illustrations/silesian-museum-a-mines-new-life/,301,Alias obecny w site/en/miasto-i-okolice/ilustracje/muzeum-slaskie/index.html; cel spłaszczony do adresu kanonicznego,SZKIC — potwierdzić użycie na starej stronie i zatwierdzić przed wdrożeniem
https://hornigold.pl/en/miasto-i-okolice/ilustracje/nikiszowiec-cegla,https://hornigold.pl/en/city-and-surroundings/illustrations/nikiszowiec-stories-in-red-brick/,301,Alias obecny w site/en/miasto-i-okolice/ilustracje/nikiszowiec-cegla/index.html; cel spłaszczony do adresu kanonicznego,SZKIC — potwierdzić użycie na starej stronie i zatwierdzić przed wdrożeniem
https://hornigold.pl/en/miasto-i-okolice/ilustracje/nikiszowiec-cegla/,https://hornigold.pl/en/city-and-surroundings/illustrations/nikiszowiec-stories-in-red-brick/,301,Alias obecny w site/en/miasto-i-okolice/ilustracje/nikiszowiec-cegla/index.html; cel spłaszczony do adresu kanonicznego,SZKIC — potwierdzić użycie na starej stronie i zatwierdzić przed wdrożeniem
https://hornigold.pl/en/miasto-i-okolice/ilustracje/nospr,https://hornigold.pl/en/city-and-surroundings/illustrations/nospr-a-city-of-music/,301,Alias obecny w site/en/miasto-i-okolice/ilustracje/nospr/index.html; cel spłaszczony do adresu kanonicznego,SZKIC — potwierdzić użycie na starej stronie i zatwierdzić przed wdrożeniem
https://hornigold.pl/en/miasto-i-okolice/ilustracje/nospr/,https://hornigold.pl/en/city-and-surroundings/illustrations/nospr-a-city-of-music/,301,Alias obecny w site/en/miasto-i-okolice/ilustracje/nospr/index.html; cel spłaszczony do adresu kanonicznego,SZKIC — potwierdzić użycie na starej stronie i zatwierdzić przed wdrożeniem
https://hornigold.pl/en/miasto-i-okolice/ilustracje/opera-wyobrazona,https://hornigold.pl/en/city-and-surroundings/illustrations/an-evening-at-the-opera/,301,Alias obecny w site/en/miasto-i-okolice/ilustracje/opera-wyobrazona/index.html; cel spłaszczony do adresu kanonicznego,SZKIC — potwierdzić użycie na starej stronie i zatwierdzić przed wdrożeniem
https://hornigold.pl/en/miasto-i-okolice/ilustracje/opera-wyobrazona/,https://hornigold.pl/en/city-and-surroundings/illustrations/an-evening-at-the-opera/,301,Alias obecny w site/en/miasto-i-okolice/ilustracje/opera-wyobrazona/index.html; cel spłaszczony do adresu kanonicznego,SZKIC — potwierdzić użycie na starej stronie i zatwierdzić przed wdrożeniem
https://hornigold.pl/en/miasto-i-okolice/ilustracje/panorama-regionu,https://hornigold.pl/en/city-and-surroundings/illustrations/silesia-an-imagined-panorama/,301,Alias obecny w site/en/miasto-i-okolice/ilustracje/panorama-regionu/index.html; cel spłaszczony do adresu kanonicznego,SZKIC — potwierdzić użycie na starej stronie i zatwierdzić przed wdrożeniem
https://hornigold.pl/en/miasto-i-okolice/ilustracje/panorama-regionu/,https://hornigold.pl/en/city-and-surroundings/illustrations/silesia-an-imagined-panorama/,301,Alias obecny w site/en/miasto-i-okolice/ilustracje/panorama-regionu/index.html; cel spłaszczony do adresu kanonicznego,SZKIC — potwierdzić użycie na starej stronie i zatwierdzić przed wdrożeniem
https://hornigold.pl/en/miasto-i-okolice/ilustracje/park-kosciuszki,https://hornigold.pl/en/city-and-surroundings/illustrations/kosciuszko-park-room-to-breathe/,301,Alias obecny w site/en/miasto-i-okolice/ilustracje/park-kosciuszki/index.html; cel spłaszczony do adresu kanonicznego,SZKIC — potwierdzić użycie na starej stronie i zatwierdzić przed wdrożeniem
https://hornigold.pl/en/miasto-i-okolice/ilustracje/park-kosciuszki/,https://hornigold.pl/en/city-and-surroundings/illustrations/kosciuszko-park-room-to-breathe/,301,Alias obecny w site/en/miasto-i-okolice/ilustracje/park-kosciuszki/index.html; cel spłaszczony do adresu kanonicznego,SZKIC — potwierdzić użycie na starej stronie i zatwierdzić przed wdrożeniem
https://hornigold.pl/en/miasto-i-okolice/ilustracje/park-nad-stawem,https://hornigold.pl/en/city-and-surroundings/illustrations/a-park-by-the-pond/,301,Alias obecny w site/en/miasto-i-okolice/ilustracje/park-nad-stawem/index.html; cel spłaszczony do adresu kanonicznego,SZKIC — potwierdzić użycie na starej stronie i zatwierdzić przed wdrożeniem
https://hornigold.pl/en/miasto-i-okolice/ilustracje/park-nad-stawem/,https://hornigold.pl/en/city-and-surroundings/illustrations/a-park-by-the-pond/,301,Alias obecny w site/en/miasto-i-okolice/ilustracje/park-nad-stawem/index.html; cel spłaszczony do adresu kanonicznego,SZKIC — potwierdzić użycie na starej stronie i zatwierdzić przed wdrożeniem
https://hornigold.pl/en/miasto-i-okolice/ilustracje/porcelana,https://hornigold.pl/en/city-and-surroundings/illustrations/porcelain-factory-industry-and-craft/,301,Alias obecny w site/en/miasto-i-okolice/ilustracje/porcelana/index.html; cel spłaszczony do adresu kanonicznego,SZKIC — potwierdzić użycie na starej stronie i zatwierdzić przed wdrożeniem
https://hornigold.pl/en/miasto-i-okolice/ilustracje/porcelana/,https://hornigold.pl/en/city-and-surroundings/illustrations/porcelain-factory-industry-and-craft/,301,Alias obecny w site/en/miasto-i-okolice/ilustracje/porcelana/index.html; cel spłaszczony do adresu kanonicznego,SZKIC — potwierdzić użycie na starej stronie i zatwierdzić przed wdrożeniem
https://hornigold.pl/en/miasto-i-okolice/ilustracje/przed-koncertem,https://hornigold.pl/en/city-and-surroundings/illustrations/a-moment-before-the-concert/,301,Alias obecny w site/en/miasto-i-okolice/ilustracje/przed-koncertem/index.html; cel spłaszczony do adresu kanonicznego,SZKIC — potwierdzić użycie na starej stronie i zatwierdzić przed wdrożeniem
https://hornigold.pl/en/miasto-i-okolice/ilustracje/przed-koncertem/,https://hornigold.pl/en/city-and-surroundings/illustrations/a-moment-before-the-concert/,301,Alias obecny w site/en/miasto-i-okolice/ilustracje/przed-koncertem/index.html; cel spłaszczony do adresu kanonicznego,SZKIC — potwierdzić użycie na starej stronie i zatwierdzić przed wdrożeniem
https://hornigold.pl/en/miasto-i-okolice/ilustracje/sakralne-wieze,https://hornigold.pl/en/city-and-surroundings/illustrations/towers-and-quiet/,301,Alias obecny w site/en/miasto-i-okolice/ilustracje/sakralne-wieze/index.html; cel spłaszczony do adresu kanonicznego,SZKIC — potwierdzić użycie na starej stronie i zatwierdzić przed wdrożeniem
https://hornigold.pl/en/miasto-i-okolice/ilustracje/sakralne-wieze/,https://hornigold.pl/en/city-and-surroundings/illustrations/towers-and-quiet/,301,Alias obecny w site/en/miasto-i-okolice/ilustracje/sakralne-wieze/index.html; cel spłaszczony do adresu kanonicznego,SZKIC — potwierdzić użycie na starej stronie i zatwierdzić przed wdrożeniem
https://hornigold.pl/en/miasto-i-okolice/ilustracje/sala-nad-woda,https://hornigold.pl/en/city-and-surroundings/illustrations/music-by-the-water/,301,Alias obecny w site/en/miasto-i-okolice/ilustracje/sala-nad-woda/index.html; cel spłaszczony do adresu kanonicznego,SZKIC — potwierdzić użycie na starej stronie i zatwierdzić przed wdrożeniem
https://hornigold.pl/en/miasto-i-okolice/ilustracje/sala-nad-woda/,https://hornigold.pl/en/city-and-surroundings/illustrations/music-by-the-water/,301,Alias obecny w site/en/miasto-i-okolice/ilustracje/sala-nad-woda/index.html; cel spłaszczony do adresu kanonicznego,SZKIC — potwierdzić użycie na starej stronie i zatwierdzić przed wdrożeniem
https://hornigold.pl/en/miasto-i-okolice/ilustracje/spodek,https://hornigold.pl/en/city-and-surroundings/illustrations/spodek-an-interpretation/,301,Alias obecny w site/en/miasto-i-okolice/ilustracje/spodek/index.html; cel spłaszczony do adresu kanonicznego,SZKIC — potwierdzić użycie na starej stronie i zatwierdzić przed wdrożeniem
https://hornigold.pl/en/miasto-i-okolice/ilustracje/spodek/,https://hornigold.pl/en/city-and-surroundings/illustrations/spodek-an-interpretation/,301,Alias obecny w site/en/miasto-i-okolice/ilustracje/spodek/index.html; cel spłaszczony do adresu kanonicznego,SZKIC — potwierdzić użycie na starej stronie i zatwierdzić przed wdrożeniem
https://hornigold.pl/en/miasto-i-okolice/ilustracje/teatr-slaski,https://hornigold.pl/en/city-and-surroundings/illustrations/silesian-theatre-an-evening-by-the-square/,301,Alias obecny w site/en/miasto-i-okolice/ilustracje/teatr-slaski/index.html; cel spłaszczony do adresu kanonicznego,SZKIC — potwierdzić użycie na starej stronie i zatwierdzić przed wdrożeniem
https://hornigold.pl/en/miasto-i-okolice/ilustracje/teatr-slaski/,https://hornigold.pl/en/city-and-surroundings/illustrations/silesian-theatre-an-evening-by-the-square/,301,Alias obecny w site/en/miasto-i-okolice/ilustracje/teatr-slaski/index.html; cel spłaszczony do adresu kanonicznego,SZKIC — potwierdzić użycie na starej stronie i zatwierdzić przed wdrożeniem
https://hornigold.pl/en/miasto-i-okolice/ilustracje/teatralne-schody,https://hornigold.pl/en/city-and-surroundings/illustrations/steps-to-the-theatre/,301,Alias obecny w site/en/miasto-i-okolice/ilustracje/teatralne-schody/index.html; cel spłaszczony do adresu kanonicznego,SZKIC — potwierdzić użycie na starej stronie i zatwierdzić przed wdrożeniem
https://hornigold.pl/en/miasto-i-okolice/ilustracje/teatralne-schody/,https://hornigold.pl/en/city-and-surroundings/illustrations/steps-to-the-theatre/,301,Alias obecny w site/en/miasto-i-okolice/ilustracje/teatralne-schody/index.html; cel spłaszczony do adresu kanonicznego,SZKIC — potwierdzić użycie na starej stronie i zatwierdzić przed wdrożeniem
https://hornigold.pl/en/miasto-i-okolice/ilustracje/tramwaj-poranek,https://hornigold.pl/en/city-and-surroundings/illustrations/morning-on-the-tracks/,301,Alias obecny w site/en/miasto-i-okolice/ilustracje/tramwaj-poranek/index.html; cel spłaszczony do adresu kanonicznego,SZKIC — potwierdzić użycie na starej stronie i zatwierdzić przed wdrożeniem
https://hornigold.pl/en/miasto-i-okolice/ilustracje/tramwaj-poranek/,https://hornigold.pl/en/city-and-surroundings/illustrations/morning-on-the-tracks/,301,Alias obecny w site/en/miasto-i-okolice/ilustracje/tramwaj-poranek/index.html; cel spłaszczony do adresu kanonicznego,SZKIC — potwierdzić użycie na starej stronie i zatwierdzić przed wdrożeniem
https://hornigold.pl/en/miasto-i-okolice/ilustracje/tramwaj-wieczor,https://hornigold.pl/en/city-and-surroundings/illustrations/a-tram-in-the-blue-hour/,301,Alias obecny w site/en/miasto-i-okolice/ilustracje/tramwaj-wieczor/index.html; cel spłaszczony do adresu kanonicznego,SZKIC — potwierdzić użycie na starej stronie i zatwierdzić przed wdrożeniem
https://hornigold.pl/en/miasto-i-okolice/ilustracje/tramwaj-wieczor/,https://hornigold.pl/en/city-and-surroundings/illustrations/a-tram-in-the-blue-hour/,301,Alias obecny w site/en/miasto-i-okolice/ilustracje/tramwaj-wieczor/index.html; cel spłaszczony do adresu kanonicznego,SZKIC — potwierdzić użycie na starej stronie i zatwierdzić przed wdrożeniem
https://hornigold.pl/en/miasto-i-okolice/ilustracje/ulica-moderny,https://hornigold.pl/en/city-and-surroundings/illustrations/a-modernist-street/,301,Alias obecny w site/en/miasto-i-okolice/ilustracje/ulica-moderny/index.html; cel spłaszczony do adresu kanonicznego,SZKIC — potwierdzić użycie na starej stronie i zatwierdzić przed wdrożeniem
https://hornigold.pl/en/miasto-i-okolice/ilustracje/ulica-moderny/,https://hornigold.pl/en/city-and-surroundings/illustrations/a-modernist-street/,301,Alias obecny w site/en/miasto-i-okolice/ilustracje/ulica-moderny/index.html; cel spłaszczony do adresu kanonicznego,SZKIC — potwierdzić użycie na starej stronie i zatwierdzić przed wdrożeniem
https://hornigold.pl/en/miasto-i-okolice/ilustracje/wieza-wodna,https://hornigold.pl/en/city-and-surroundings/illustrations/water-tower-a-trace-of-infrastructure/,301,Alias obecny w site/en/miasto-i-okolice/ilustracje/wieza-wodna/index.html; cel spłaszczony do adresu kanonicznego,SZKIC — potwierdzić użycie na starej stronie i zatwierdzić przed wdrożeniem
https://hornigold.pl/en/miasto-i-okolice/ilustracje/wieza-wodna/,https://hornigold.pl/en/city-and-surroundings/illustrations/water-tower-a-trace-of-infrastructure/,301,Alias obecny w site/en/miasto-i-okolice/ilustracje/wieza-wodna/index.html; cel spłaszczony do adresu kanonicznego,SZKIC — potwierdzić użycie na starej stronie i zatwierdzić przed wdrożeniem
https://hornigold.pl/en/miasto-i-okolice/ilustracje/zielony-korytarz,https://hornigold.pl/en/city-and-surroundings/illustrations/the-citys-green-corridor/,301,Alias obecny w site/en/miasto-i-okolice/ilustracje/zielony-korytarz/index.html; cel spłaszczony do adresu kanonicznego,SZKIC — potwierdzić użycie na starej stronie i zatwierdzić przed wdrożeniem
https://hornigold.pl/en/miasto-i-okolice/ilustracje/zielony-korytarz/,https://hornigold.pl/en/city-and-surroundings/illustrations/the-citys-green-corridor/,301,Alias obecny w site/en/miasto-i-okolice/ilustracje/zielony-korytarz/index.html; cel spłaszczony do adresu kanonicznego,SZKIC — potwierdzić użycie na starej stronie i zatwierdzić przed wdrożeniem
https://hornigold.pl/en/miasto-i-okolice/katalog-zabytkow,https://hornigold.pl/en/city-and-surroundings/heritage-and-trails-explore-further/,301,Alias obecny w site/en/miasto-i-okolice/katalog-zabytkow/index.html; cel spłaszczony do adresu kanonicznego,SZKIC — potwierdzić użycie na starej stronie i zatwierdzić przed wdrożeniem
https://hornigold.pl/en/miasto-i-okolice/katalog-zabytkow/,https://hornigold.pl/en/city-and-surroundings/heritage-and-trails-explore-further/,301,Alias obecny w site/en/miasto-i-okolice/katalog-zabytkow/index.html; cel spłaszczony do adresu kanonicznego,SZKIC — potwierdzić użycie na starej stronie i zatwierdzić przed wdrożeniem
https://hornigold.pl/en/miasto-i-okolice/miejsca-pamieci-slaska,https://hornigold.pl/en/city-and-surroundings/silesian-places-of-remembrance-distinct-histories/,301,Alias obecny w site/en/miasto-i-okolice/miejsca-pamieci-slaska/index.html; cel spłaszczony do adresu kanonicznego,SZKIC — potwierdzić użycie na starej stronie i zatwierdzić przed wdrożeniem
https://hornigold.pl/en/miasto-i-okolice/miejsca-pamieci-slaska/,https://hornigold.pl/en/city-and-surroundings/silesian-places-of-remembrance-distinct-histories/,301,Alias obecny w site/en/miasto-i-okolice/miejsca-pamieci-slaska/index.html; cel spłaszczony do adresu kanonicznego,SZKIC — potwierdzić użycie na starej stronie i zatwierdzić przed wdrożeniem
https://hornigold.pl/en/miasto-i-okolice/moderna-i-zabytki,https://hornigold.pl/en/city-and-surroundings/modernism-townhouses-and-a-wooden-church/,301,Alias obecny w site/en/miasto-i-okolice/moderna-i-zabytki/index.html; cel spłaszczony do adresu kanonicznego,SZKIC — potwierdzić użycie na starej stronie i zatwierdzić przed wdrożeniem
https://hornigold.pl/en/miasto-i-okolice/moderna-i-zabytki/,https://hornigold.pl/en/city-and-surroundings/modernism-townhouses-and-a-wooden-church/,301,Alias obecny w site/en/miasto-i-okolice/moderna-i-zabytki/index.html; cel spłaszczony do adresu kanonicznego,SZKIC — potwierdzić użycie na starej stronie i zatwierdzić przed wdrożeniem
https://hornigold.pl/en/miasto-i-okolice/nikiszowiec,https://hornigold.pl/en/city-and-surroundings/nikiszowiec/,301,Alias obecny w site/en/miasto-i-okolice/nikiszowiec/index.html; cel spłaszczony do adresu kanonicznego,SZKIC — potwierdzić użycie na starej stronie i zatwierdzić przed wdrożeniem
https://hornigold.pl/en/miasto-i-okolice/nikiszowiec/,https://hornigold.pl/en/city-and-surroundings/nikiszowiec/,301,Alias obecny w site/en/miasto-i-okolice/nikiszowiec/index.html; cel spłaszczony do adresu kanonicznego,SZKIC — potwierdzić użycie na starej stronie i zatwierdzić przed wdrożeniem
https://hornigold.pl/en/miasto-i-okolice/pszczyna,https://hornigold.pl/en/city-and-surroundings/pszczyna/,301,Alias obecny w site/en/miasto-i-okolice/pszczyna/index.html; cel spłaszczony do adresu kanonicznego,SZKIC — potwierdzić użycie na starej stronie i zatwierdzić przed wdrożeniem
https://hornigold.pl/en/miasto-i-okolice/pszczyna/,https://hornigold.pl/en/city-and-surroundings/pszczyna/,301,Alias obecny w site/en/miasto-i-okolice/pszczyna/index.html; cel spłaszczony do adresu kanonicznego,SZKIC — potwierdzić użycie na starej stronie i zatwierdzić przed wdrożeniem
https://hornigold.pl/en/miasto-i-okolice/rynek,https://hornigold.pl/en/city-and-surroundings/the-market-square-katowice-in-one-frame/,301,Alias obecny w site/en/miasto-i-okolice/rynek/index.html; cel spłaszczony do adresu kanonicznego,SZKIC — potwierdzić użycie na starej stronie i zatwierdzić przed wdrożeniem
https://hornigold.pl/en/miasto-i-okolice/rynek/,https://hornigold.pl/en/city-and-surroundings/the-market-square-katowice-in-one-frame/,301,Alias obecny w site/en/miasto-i-okolice/rynek/index.html; cel spłaszczony do adresu kanonicznego,SZKIC — potwierdzić użycie na starej stronie i zatwierdzić przed wdrożeniem
https://hornigold.pl/en/miasto-i-okolice/strefa-kultury,https://hornigold.pl/en/city-and-surroundings/the-culture-zone-a-new-chapter-for-an-industrial-site/,301,Alias obecny w site/en/miasto-i-okolice/strefa-kultury/index.html; cel spłaszczony do adresu kanonicznego,SZKIC — potwierdzić użycie na starej stronie i zatwierdzić przed wdrożeniem
https://hornigold.pl/en/miasto-i-okolice/strefa-kultury/,https://hornigold.pl/en/city-and-surroundings/the-culture-zone-a-new-chapter-for-an-industrial-site/,301,Alias obecny w site/en/miasto-i-okolice/strefa-kultury/index.html; cel spłaszczony do adresu kanonicznego,SZKIC — potwierdzić użycie na starej stronie i zatwierdzić przed wdrożeniem
https://hornigold.pl/en/miasto-i-okolice/szlak-zabytkow-techniki,https://hornigold.pl/en/city-and-surroundings/the-industrial-monuments-route-a-region-shaped-by-work/,301,Alias obecny w site/en/miasto-i-okolice/szlak-zabytkow-techniki/index.html; cel spłaszczony do adresu kanonicznego,SZKIC — potwierdzić użycie na starej stronie i zatwierdzić przed wdrożeniem
https://hornigold.pl/en/miasto-i-okolice/szlak-zabytkow-techniki/,https://hornigold.pl/en/city-and-surroundings/the-industrial-monuments-route-a-region-shaped-by-work/,301,Alias obecny w site/en/miasto-i-okolice/szlak-zabytkow-techniki/index.html; cel spłaszczony do adresu kanonicznego,SZKIC — potwierdzić użycie na starej stronie i zatwierdzić przed wdrożeniem
https://hornigold.pl/en/miasto-i-okolice/tarnowskie-gory,https://hornigold.pl/en/city-and-surroundings/tarnowskie-gory/,301,Alias obecny w site/en/miasto-i-okolice/tarnowskie-gory/index.html; cel spłaszczony do adresu kanonicznego,SZKIC — potwierdzić użycie na starej stronie i zatwierdzić przed wdrożeniem
https://hornigold.pl/en/miasto-i-okolice/tarnowskie-gory/,https://hornigold.pl/en/city-and-surroundings/tarnowskie-gory/,301,Alias obecny w site/en/miasto-i-okolice/tarnowskie-gory/index.html; cel spłaszczony do adresu kanonicznego,SZKIC — potwierdzić użycie na starej stronie i zatwierdzić przed wdrożeniem
https://hornigold.pl/en/miasto-i-okolice/zabrze-guido-luiza,https://hornigold.pl/en/city-and-surroundings/zabrze-guido-mine-and-the-queen-louise-adit/,301,Alias obecny w site/en/miasto-i-okolice/zabrze-guido-luiza/index.html; cel spłaszczony do adresu kanonicznego,SZKIC — potwierdzić użycie na starej stronie i zatwierdzić przed wdrożeniem
https://hornigold.pl/en/miasto-i-okolice/zabrze-guido-luiza/,https://hornigold.pl/en/city-and-surroundings/zabrze-guido-mine-and-the-queen-louise-adit/,301,Alias obecny w site/en/miasto-i-okolice/zabrze-guido-luiza/index.html; cel spłaszczony do adresu kanonicznego,SZKIC — potwierdzić użycie na starej stronie i zatwierdzić przed wdrożeniem
https://hornigold.pl/en/o-nas,https://hornigold.pl/en/about-hornigold/,301,Alias obecny w site/en/o-nas/index.html; cel spłaszczony do adresu kanonicznego,SZKIC — potwierdzić użycie na starej stronie i zatwierdzić przed wdrożeniem
https://hornigold.pl/en/o-nas/,https://hornigold.pl/en/about-hornigold/,301,Alias obecny w site/en/o-nas/index.html; cel spłaszczony do adresu kanonicznego,SZKIC — potwierdzić użycie na starej stronie i zatwierdzić przed wdrożeniem
https://hornigold.pl/en/oferty,https://hornigold.pl/en/a-stay-that-suits-you/,301,Alias obecny w site/en/oferty/index.html; cel spłaszczony do adresu kanonicznego,SZKIC — potwierdzić użycie na starej stronie i zatwierdzić przed wdrożeniem
https://hornigold.pl/en/oferty/,https://hornigold.pl/en/a-stay-that-suits-you/,301,Alias obecny w site/en/oferty/index.html; cel spłaszczony do adresu kanonicznego,SZKIC — potwierdzić użycie na starej stronie i zatwierdzić przed wdrożeniem
https://hornigold.pl/en/opinie,https://hornigold.pl/en/our-guests-experiences/,301,Alias obecny w site/en/opinie/index.html; cel spłaszczony do adresu kanonicznego,SZKIC — potwierdzić użycie na starej stronie i zatwierdzić przed wdrożeniem
https://hornigold.pl/en/opinie/,https://hornigold.pl/en/our-guests-experiences/,301,Alias obecny w site/en/opinie/index.html; cel spłaszczony do adresu kanonicznego,SZKIC — potwierdzić użycie na starej stronie i zatwierdzić przed wdrożeniem
https://hornigold.pl/en/parking,https://hornigold.pl/en/plan-an-easy-arrival/,301,Alias obecny w site/en/parking/index.html; cel spłaszczony do adresu kanonicznego,SZKIC — potwierdzić użycie na starej stronie i zatwierdzić przed wdrożeniem
https://hornigold.pl/en/parking/,https://hornigold.pl/en/plan-an-easy-arrival/,301,Alias obecny w site/en/parking/index.html; cel spłaszczony do adresu kanonicznego,SZKIC — potwierdzić użycie na starej stronie i zatwierdzić przed wdrożeniem
https://hornigold.pl/en/pokoje,https://hornigold.pl/en/rooms/,301,Alias obecny w site/en/pokoje/index.html; cel spłaszczony do adresu kanonicznego,SZKIC — potwierdzić użycie na starej stronie i zatwierdzić przed wdrożeniem
https://hornigold.pl/en/pokoje/,https://hornigold.pl/en/rooms/,301,Alias obecny w site/en/pokoje/index.html; cel spłaszczony do adresu kanonicznego,SZKIC — potwierdzić użycie na starej stronie i zatwierdzić przed wdrożeniem
https://hornigold.pl/en/pokoje/apartament-deluxe,https://hornigold.pl/en/rooms/apartament-deluxe/,301,Alias obecny w site/en/pokoje/apartament-deluxe/index.html; cel spłaszczony do adresu kanonicznego,SZKIC — potwierdzić użycie na starej stronie i zatwierdzić przed wdrożeniem
https://hornigold.pl/en/pokoje/apartament-deluxe/,https://hornigold.pl/en/rooms/apartament-deluxe/,301,Alias obecny w site/en/pokoje/apartament-deluxe/index.html; cel spłaszczony do adresu kanonicznego,SZKIC — potwierdzić użycie na starej stronie i zatwierdzić przed wdrożeniem
https://hornigold.pl/en/pokoje/classic,https://hornigold.pl/en/rooms/classic/,301,Alias obecny w site/en/pokoje/classic/index.html; cel spłaszczony do adresu kanonicznego,SZKIC — potwierdzić użycie na starej stronie i zatwierdzić przed wdrożeniem
https://hornigold.pl/en/pokoje/classic/,https://hornigold.pl/en/rooms/classic/,301,Alias obecny w site/en/pokoje/classic/index.html; cel spłaszczony do adresu kanonicznego,SZKIC — potwierdzić użycie na starej stronie i zatwierdzić przed wdrożeniem
https://hornigold.pl/en/pokoje/deluxe-premium,https://hornigold.pl/en/rooms/deluxe-premium/,301,Alias obecny w site/en/pokoje/deluxe-premium/index.html; cel spłaszczony do adresu kanonicznego,SZKIC — potwierdzić użycie na starej stronie i zatwierdzić przed wdrożeniem
https://hornigold.pl/en/pokoje/deluxe-premium/,https://hornigold.pl/en/rooms/deluxe-premium/,301,Alias obecny w site/en/pokoje/deluxe-premium/index.html; cel spłaszczony do adresu kanonicznego,SZKIC — potwierdzić użycie na starej stronie i zatwierdzić przed wdrożeniem
https://hornigold.pl/en/pokoje/deluxe,https://hornigold.pl/en/rooms/deluxe/,301,Alias obecny w site/en/pokoje/deluxe/index.html; cel spłaszczony do adresu kanonicznego,SZKIC — potwierdzić użycie na starej stronie i zatwierdzić przed wdrożeniem
https://hornigold.pl/en/pokoje/deluxe/,https://hornigold.pl/en/rooms/deluxe/,301,Alias obecny w site/en/pokoje/deluxe/index.html; cel spłaszczony do adresu kanonicznego,SZKIC — potwierdzić użycie na starej stronie i zatwierdzić przed wdrożeniem
https://hornigold.pl/en/pokoje/hornigold,https://hornigold.pl/en/rooms/hornigold/,301,Alias obecny w site/en/pokoje/hornigold/index.html; cel spłaszczony do adresu kanonicznego,SZKIC — potwierdzić użycie na starej stronie i zatwierdzić przed wdrożeniem
https://hornigold.pl/en/pokoje/hornigold/,https://hornigold.pl/en/rooms/hornigold/,301,Alias obecny w site/en/pokoje/hornigold/index.html; cel spłaszczony do adresu kanonicznego,SZKIC — potwierdzić użycie na starej stronie i zatwierdzić przed wdrożeniem
https://hornigold.pl/en/pokoje/premium,https://hornigold.pl/en/rooms/premium/,301,Alias obecny w site/en/pokoje/premium/index.html; cel spłaszczony do adresu kanonicznego,SZKIC — potwierdzić użycie na starej stronie i zatwierdzić przed wdrożeniem
https://hornigold.pl/en/pokoje/premium/,https://hornigold.pl/en/rooms/premium/,301,Alias obecny w site/en/pokoje/premium/index.html; cel spłaszczony do adresu kanonicznego,SZKIC — potwierdzić użycie na starej stronie i zatwierdzić przed wdrożeniem
https://hornigold.pl/en/pokoje/prestige-deluxe,https://hornigold.pl/en/rooms/prestige-deluxe/,301,Alias obecny w site/en/pokoje/prestige-deluxe/index.html; cel spłaszczony do adresu kanonicznego,SZKIC — potwierdzić użycie na starej stronie i zatwierdzić przed wdrożeniem
https://hornigold.pl/en/pokoje/prestige-deluxe/,https://hornigold.pl/en/rooms/prestige-deluxe/,301,Alias obecny w site/en/pokoje/prestige-deluxe/index.html; cel spłaszczony do adresu kanonicznego,SZKIC — potwierdzić użycie na starej stronie i zatwierdzić przed wdrożeniem
https://hornigold.pl/en/pokoje/prestige,https://hornigold.pl/en/rooms/prestige/,301,Alias obecny w site/en/pokoje/prestige/index.html; cel spłaszczony do adresu kanonicznego,SZKIC — potwierdzić użycie na starej stronie i zatwierdzić przed wdrożeniem
https://hornigold.pl/en/pokoje/prestige/,https://hornigold.pl/en/rooms/prestige/,301,Alias obecny w site/en/pokoje/prestige/index.html; cel spłaszczony do adresu kanonicznego,SZKIC — potwierdzić użycie na starej stronie i zatwierdzić przed wdrożeniem
https://hornigold.pl/en/pokoje/suite,https://hornigold.pl/en/rooms/suite/,301,Alias obecny w site/en/pokoje/suite/index.html; cel spłaszczony do adresu kanonicznego,SZKIC — potwierdzić użycie na starej stronie i zatwierdzić przed wdrożeniem
https://hornigold.pl/en/pokoje/suite/,https://hornigold.pl/en/rooms/suite/,301,Alias obecny w site/en/pokoje/suite/index.html; cel spłaszczony do adresu kanonicznego,SZKIC — potwierdzić użycie na starej stronie i zatwierdzić przed wdrożeniem
https://hornigold.pl/en/porownaj,https://hornigold.pl/en/compare/,301,Alias obecny w site/en/porownaj/index.html; cel spłaszczony do adresu kanonicznego,SZKIC — potwierdzić użycie na starej stronie i zatwierdzić przed wdrożeniem
https://hornigold.pl/en/porownaj/,https://hornigold.pl/en/compare/,301,Alias obecny w site/en/porownaj/index.html; cel spłaszczony do adresu kanonicznego,SZKIC — potwierdzić użycie na starej stronie i zatwierdzić przed wdrożeniem
https://hornigold.pl/en/prywatnosc,https://hornigold.pl/en/privacy-and-data/,301,Alias obecny w site/en/prywatnosc/index.html; cel spłaszczony do adresu kanonicznego,SZKIC — potwierdzić użycie na starej stronie i zatwierdzić przed wdrożeniem
https://hornigold.pl/en/prywatnosc/,https://hornigold.pl/en/privacy-and-data/,301,Alias obecny w site/en/prywatnosc/index.html; cel spłaszczony do adresu kanonicznego,SZKIC — potwierdzić użycie na starej stronie i zatwierdzić przed wdrożeniem
https://hornigold.pl/en/sniadania,https://hornigold.pl/en/breakfast/,301,Alias obecny w site/en/sniadania/index.html; cel spłaszczony do adresu kanonicznego,SZKIC — potwierdzić użycie na starej stronie i zatwierdzić przed wdrożeniem
https://hornigold.pl/en/sniadania/,https://hornigold.pl/en/breakfast/,301,Alias obecny w site/en/sniadania/index.html; cel spłaszczony do adresu kanonicznego,SZKIC — potwierdzić użycie na starej stronie i zatwierdzić przed wdrożeniem
https://hornigold.pl/en/wellness-spa,https://hornigold.pl/en/wellness-and-spa/,301,Alias obecny w site/en/wellness-spa/index.html; cel spłaszczony do adresu kanonicznego,SZKIC — potwierdzić użycie na starej stronie i zatwierdzić przed wdrożeniem
https://hornigold.pl/en/wellness-spa/,https://hornigold.pl/en/wellness-and-spa/,301,Alias obecny w site/en/wellness-spa/index.html; cel spłaszczony do adresu kanonicznego,SZKIC — potwierdzić użycie na starej stronie i zatwierdzić przed wdrożeniem
https://hornigold.pl/es/catering,https://hornigold.pl/es/catering-y-celebraciones/,301,Alias obecny w site/es/catering/index.html; cel spłaszczony do adresu kanonicznego,SZKIC — potwierdzić użycie na starej stronie i zatwierdzić przed wdrożeniem
https://hornigold.pl/es/catering/,https://hornigold.pl/es/catering-y-celebraciones/,301,Alias obecny w site/es/catering/index.html; cel spłaszczony do adresu kanonicznego,SZKIC — potwierdzić użycie na starej stronie i zatwierdzić przed wdrożeniem
https://hornigold.pl/es/dla-firm,https://hornigold.pl/es/condiciones-adaptadas-a-tus-planes/,301,Alias obecny w site/es/dla-firm/index.html; cel spłaszczony do adresu kanonicznego,SZKIC — potwierdzić użycie na starej stronie i zatwierdzić przed wdrożeniem
https://hornigold.pl/es/dla-firm/,https://hornigold.pl/es/condiciones-adaptadas-a-tus-planes/,301,Alias obecny w site/es/dla-firm/index.html; cel spłaszczony do adresu kanonicznego,SZKIC — potwierdzić użycie na starej stronie i zatwierdzić przed wdrożeniem
https://hornigold.pl/es/dokumenty,https://hornigold.pl/es/todo-claro-antes-de-llegar/,301,Alias obecny w site/es/dokumenty/index.html; cel spłaszczony do adresu kanonicznego,SZKIC — potwierdzić użycie na starej stronie i zatwierdzić przed wdrożeniem
https://hornigold.pl/es/dokumenty/,https://hornigold.pl/es/todo-claro-antes-de-llegar/,301,Alias obecny w site/es/dokumenty/index.html; cel spłaszczony do adresu kanonicznego,SZKIC — potwierdzić użycie na starej stronie i zatwierdzić przed wdrożeniem
https://hornigold.pl/es/faq,https://hornigold.pl/es/conviene-saberlo/,301,Alias obecny w site/es/faq/index.html; cel spłaszczony do adresu kanonicznego,SZKIC — potwierdzić użycie na starej stronie i zatwierdzić przed wdrożeniem
https://hornigold.pl/es/faq/,https://hornigold.pl/es/conviene-saberlo/,301,Alias obecny w site/es/faq/index.html; cel spłaszczony do adresu kanonicznego,SZKIC — potwierdzić użycie na starej stronie i zatwierdzić przed wdrożeniem
https://hornigold.pl/es/informacje,https://hornigold.pl/es/una-visita-tranquila-empieza-antes-de-llegar/,301,Alias obecny w site/es/informacje/index.html; cel spłaszczony do adresu kanonicznego,SZKIC — potwierdzić użycie na starej stronie i zatwierdzić przed wdrożeniem
https://hornigold.pl/es/informacje/,https://hornigold.pl/es/una-visita-tranquila-empieza-antes-de-llegar/,301,Alias obecny w site/es/informacje/index.html; cel spłaszczony do adresu kanonicznego,SZKIC — potwierdzić użycie na starej stronie i zatwierdzić przed wdrożeniem
https://hornigold.pl/es/katowice,https://hornigold.pl/es/katowice-con-hornigold/,301,Alias obecny w site/es/katowice/index.html; cel spłaszczony do adresu kanonicznego,SZKIC — potwierdzić użycie na starej stronie i zatwierdzić przed wdrożeniem
https://hornigold.pl/es/katowice/,https://hornigold.pl/es/katowice-con-hornigold/,301,Alias obecny w site/es/katowice/index.html; cel spłaszczony do adresu kanonicznego,SZKIC — potwierdzić użycie na starej stronie i zatwierdzić przed wdrożeniem
https://hornigold.pl/es/katowice/architektura,https://hornigold.pl/es/katowice/arquitectura-y-paseo-por-el-centro/,301,Alias obecny w site/es/katowice/architektura/index.html; cel spłaszczony do adresu kanonicznego,SZKIC — potwierdzić użycie na starej stronie i zatwierdzić przed wdrożeniem
https://hornigold.pl/es/katowice/architektura/,https://hornigold.pl/es/katowice/arquitectura-y-paseo-por-el-centro/,301,Alias obecny w site/es/katowice/architektura/index.html; cel spłaszczony do adresu kanonicznego,SZKIC — potwierdzić użycie na starej stronie i zatwierdzić przed wdrożeniem
https://hornigold.pl/es/katowice/pierwszy-przyjazd,https://hornigold.pl/es/katowice/tu-primera-llegada-a-katowice/,301,Alias obecny w site/es/katowice/pierwszy-przyjazd/index.html; cel spłaszczony do adresu kanonicznego,SZKIC — potwierdzić użycie na starej stronie i zatwierdzić przed wdrożeniem
https://hornigold.pl/es/katowice/pierwszy-przyjazd/,https://hornigold.pl/es/katowice/tu-primera-llegada-a-katowice/,301,Alias obecny w site/es/katowice/pierwszy-przyjazd/index.html; cel spłaszczony do adresu kanonicznego,SZKIC — potwierdzić użycie na starej stronie i zatwierdzić przed wdrożeniem
https://hornigold.pl/es/katowice/sluzbowo,https://hornigold.pl/es/katowice/viaje-de-trabajo-antes-de-llegar/,301,Alias obecny w site/es/katowice/sluzbowo/index.html; cel spłaszczony do adresu kanonicznego,SZKIC — potwierdzić użycie na starej stronie i zatwierdzić przed wdrożeniem
https://hornigold.pl/es/katowice/sluzbowo/,https://hornigold.pl/es/katowice/viaje-de-trabajo-antes-de-llegar/,301,Alias obecny w site/es/katowice/sluzbowo/index.html; cel spłaszczony do adresu kanonicznego,SZKIC — potwierdzić użycie na starej stronie i zatwierdzić przed wdrożeniem
https://hornigold.pl/es/katowice/weekend,https://hornigold.pl/es/katowice/katowice-en-24-o-48-horas/,301,Alias obecny w site/es/katowice/weekend/index.html; cel spłaszczony do adresu kanonicznego,SZKIC — potwierdzić użycie na starej stronie i zatwierdzić przed wdrożeniem
https://hornigold.pl/es/katowice/weekend/,https://hornigold.pl/es/katowice/katowice-en-24-o-48-horas/,301,Alias obecny w site/es/katowice/weekend/index.html; cel spłaszczony do adresu kanonicznego,SZKIC — potwierdzić użycie na starej stronie i zatwierdzić przed wdrożeniem
https://hornigold.pl/es/katowice/wydarzenia,https://hornigold.pl/es/katowice/elige-un-evento-planifica-tu-estancia/,301,Alias obecny w site/es/katowice/wydarzenia/index.html; cel spłaszczony do adresu kanonicznego,SZKIC — potwierdzić użycie na starej stronie i zatwierdzić przed wdrożeniem
https://hornigold.pl/es/katowice/wydarzenia/,https://hornigold.pl/es/katowice/elige-un-evento-planifica-tu-estancia/,301,Alias obecny w site/es/katowice/wydarzenia/index.html; cel spłaszczony do adresu kanonicznego,SZKIC — potwierdzić użycie na starej stronie i zatwierdzić przed wdrożeniem
https://hornigold.pl/es/katowice/wydarzenie,https://hornigold.pl/es/katowice/visita-a-mck-spodek-o-nospr/,301,Alias obecny w site/es/katowice/wydarzenie/index.html; cel spłaszczony do adresu kanonicznego,SZKIC — potwierdzić użycie na starej stronie i zatwierdzić przed wdrożeniem
https://hornigold.pl/es/katowice/wydarzenie/,https://hornigold.pl/es/katowice/visita-a-mck-spodek-o-nospr/,301,Alias obecny w site/es/katowice/wydarzenie/index.html; cel spłaszczony do adresu kanonicznego,SZKIC — potwierdzić użycie na starej stronie i zatwierdzić przed wdrożeniem
https://hornigold.pl/es/katowice/z-dziecmi,https://hornigold.pl/es/katowice/katowice-con-ninos-un-plan-sencillo/,301,Alias obecny w site/es/katowice/z-dziecmi/index.html; cel spłaszczony do adresu kanonicznego,SZKIC — potwierdzić użycie na starej stronie i zatwierdzić przed wdrożeniem
https://hornigold.pl/es/katowice/z-dziecmi/,https://hornigold.pl/es/katowice/katowice-con-ninos-un-plan-sencillo/,301,Alias obecny w site/es/katowice/z-dziecmi/index.html; cel spłaszczony do adresu kanonicznego,SZKIC — potwierdzić użycie na starej stronie i zatwierdzić przed wdrożeniem
https://hornigold.pl/es/konferencje,https://hornigold.pl/es/conferencias-y-reuniones/,301,Alias obecny w site/es/konferencje/index.html; cel spłaszczony do adresu kanonicznego,SZKIC — potwierdzić użycie na starej stronie i zatwierdzić przed wdrożeniem
https://hornigold.pl/es/konferencje/,https://hornigold.pl/es/conferencias-y-reuniones/,301,Alias obecny w site/es/konferencje/index.html; cel spłaszczony do adresu kanonicznego,SZKIC — potwierdzić użycie na starej stronie i zatwierdzić przed wdrożeniem
https://hornigold.pl/es/kontakt,https://hornigold.pl/es/contacto/,301,Alias obecny w site/es/kontakt/index.html; cel spłaszczony do adresu kanonicznego,SZKIC — potwierdzić użycie na starej stronie i zatwierdzić przed wdrożeniem
https://hornigold.pl/es/kontakt/,https://hornigold.pl/es/contacto/,301,Alias obecny w site/es/kontakt/index.html; cel spłaszczony do adresu kanonicznego,SZKIC — potwierdzić użycie na starej stronie i zatwierdzić przed wdrożeniem
https://hornigold.pl/es/lokalizacja,https://hornigold.pl/es/ubicacion/,301,Alias obecny w site/es/lokalizacja/index.html; cel spłaszczony do adresu kanonicznego,SZKIC — potwierdzić użycie na starej stronie i zatwierdzić przed wdrożeniem
https://hornigold.pl/es/lokalizacja/,https://hornigold.pl/es/ubicacion/,301,Alias obecny w site/es/lokalizacja/index.html; cel spłaszczony do adresu kanonicznego,SZKIC — potwierdzić użycie na starej stronie i zatwierdzić przed wdrożeniem
https://hornigold.pl/es/lotniska,https://hornigold.pl/es/aeropuertos/,301,Alias obecny w site/es/lotniska/index.html; cel spłaszczony do adresu kanonicznego,SZKIC — potwierdzić użycie na starej stronie i zatwierdzić przed wdrożeniem
https://hornigold.pl/es/lotniska/,https://hornigold.pl/es/aeropuertos/,301,Alias obecny w site/es/lotniska/index.html; cel spłaszczony do adresu kanonicznego,SZKIC — potwierdzić użycie na starej stronie i zatwierdzić przed wdrożeniem
https://hornigold.pl/es/lotniska/balice,https://hornigold.pl/es/aeropuertos/balice/,301,Alias obecny w site/es/lotniska/balice/index.html; cel spłaszczony do adresu kanonicznego,SZKIC — potwierdzić użycie na starej stronie i zatwierdzić przed wdrożeniem
https://hornigold.pl/es/lotniska/balice/,https://hornigold.pl/es/aeropuertos/balice/,301,Alias obecny w site/es/lotniska/balice/index.html; cel spłaszczony do adresu kanonicznego,SZKIC — potwierdzić użycie na starej stronie i zatwierdzić przed wdrożeniem
https://hornigold.pl/es/lotniska/pyrzowice,https://hornigold.pl/es/aeropuertos/pyrzowice/,301,Alias obecny w site/es/lotniska/pyrzowice/index.html; cel spłaszczony do adresu kanonicznego,SZKIC — potwierdzić użycie na starej stronie i zatwierdzić przed wdrożeniem
https://hornigold.pl/es/lotniska/pyrzowice/,https://hornigold.pl/es/aeropuertos/pyrzowice/,301,Alias obecny w site/es/lotniska/pyrzowice/index.html; cel spłaszczony do adresu kanonicznego,SZKIC — potwierdzić użycie na starej stronie i zatwierdzić przed wdrożeniem
https://hornigold.pl/es/miasto-i-okolice,https://hornigold.pl/es/ciudad-y-alrededores/,301,Alias obecny w site/es/miasto-i-okolice/index.html; cel spłaszczony do adresu kanonicznego,SZKIC — potwierdzić użycie na starej stronie i zatwierdzić przed wdrożeniem
https://hornigold.pl/es/miasto-i-okolice/,https://hornigold.pl/es/ciudad-y-alrededores/,301,Alias obecny w site/es/miasto-i-okolice/index.html; cel spłaszczony do adresu kanonicznego,SZKIC — potwierdzić użycie na starej stronie i zatwierdzić przed wdrożeniem
https://hornigold.pl/es/miasto-i-okolice/auschwitz-birkenau,https://hornigold.pl/es/ciudad-y-alrededores/auschwitz-birkenau/,301,Alias obecny w site/es/miasto-i-okolice/auschwitz-birkenau/index.html; cel spłaszczony do adresu kanonicznego,SZKIC — potwierdzić użycie na starej stronie i zatwierdzić przed wdrożeniem
https://hornigold.pl/es/miasto-i-okolice/auschwitz-birkenau/,https://hornigold.pl/es/ciudad-y-alrededores/auschwitz-birkenau/,301,Alias obecny w site/es/miasto-i-okolice/auschwitz-birkenau/index.html; cel spłaszczony do adresu kanonicznego,SZKIC — potwierdzić użycie na starej stronie i zatwierdzić przed wdrożeniem
https://hornigold.pl/es/miasto-i-okolice/bedzin-i-jura,https://hornigold.pl/es/ciudad-y-alrededores/bedzin-y-el-jura-castillos-fronteras-y-paisaje/,301,Alias obecny w site/es/miasto-i-okolice/bedzin-i-jura/index.html; cel spłaszczony do adresu kanonicznego,SZKIC — potwierdzić użycie na starej stronie i zatwierdzić przed wdrożeniem
https://hornigold.pl/es/miasto-i-okolice/bedzin-i-jura/,https://hornigold.pl/es/ciudad-y-alrededores/bedzin-y-el-jura-castillos-fronteras-y-paisaje/,301,Alias obecny w site/es/miasto-i-okolice/bedzin-i-jura/index.html; cel spłaszczony do adresu kanonicznego,SZKIC — potwierdzić użycie na starej stronie i zatwierdzić przed wdrożeniem
https://hornigold.pl/es/miasto-i-okolice/cieszyn,https://hornigold.pl/es/ciudad-y-alrededores/cieszyn/,301,Alias obecny w site/es/miasto-i-okolice/cieszyn/index.html; cel spłaszczony do adresu kanonicznego,SZKIC — potwierdzić użycie na starej stronie i zatwierdzić przed wdrożeniem
https://hornigold.pl/es/miasto-i-okolice/cieszyn/,https://hornigold.pl/es/ciudad-y-alrededores/cieszyn/,301,Alias obecny w site/es/miasto-i-okolice/cieszyn/index.html; cel spłaszczony do adresu kanonicznego,SZKIC — potwierdzić użycie na starej stronie i zatwierdzić przed wdrożeniem
https://hornigold.pl/es/miasto-i-okolice/dziedzictwo-zydowskie,https://hornigold.pl/es/ciudad-y-alrededores/patrimonio-judio-personas-lugares-y-ausencias/,301,Alias obecny w site/es/miasto-i-okolice/dziedzictwo-zydowskie/index.html; cel spłaszczony do adresu kanonicznego,SZKIC — potwierdzić użycie na starej stronie i zatwierdzić przed wdrożeniem
https://hornigold.pl/es/miasto-i-okolice/dziedzictwo-zydowskie/,https://hornigold.pl/es/ciudad-y-alrededores/patrimonio-judio-personas-lugares-y-ausencias/,301,Alias obecny w site/es/miasto-i-okolice/dziedzictwo-zydowskie/index.html; cel spłaszczony do adresu kanonicznego,SZKIC — potwierdzić użycie na starej stronie i zatwierdzić przed wdrożeniem
https://hornigold.pl/es/miasto-i-okolice/gastronomia,https://hornigold.pl/es/ciudad-y-alrededores/donde-comer-en-katowice/,301,Alias obecny w site/es/miasto-i-okolice/gastronomia/index.html; cel spłaszczony do adresu kanonicznego,SZKIC — potwierdzić użycie na starej stronie i zatwierdzić przed wdrożeniem
https://hornigold.pl/es/miasto-i-okolice/gastronomia/,https://hornigold.pl/es/ciudad-y-alrededores/donde-comer-en-katowice/,301,Alias obecny w site/es/miasto-i-okolice/gastronomia/index.html; cel spłaszczony do adresu kanonicznego,SZKIC — potwierdzić użycie na starej stronie i zatwierdzić przed wdrożeniem
https://hornigold.pl/es/miasto-i-okolice/giszowiec,https://hornigold.pl/es/ciudad-y-alrededores/giszowiec/,301,Alias obecny w site/es/miasto-i-okolice/giszowiec/index.html; cel spłaszczony do adresu kanonicznego,SZKIC — potwierdzić użycie na starej stronie i zatwierdzić przed wdrożeniem
https://hornigold.pl/es/miasto-i-okolice/giszowiec/,https://hornigold.pl/es/ciudad-y-alrededores/giszowiec/,301,Alias obecny w site/es/miasto-i-okolice/giszowiec/index.html; cel spłaszczony do adresu kanonicznego,SZKIC — potwierdzić użycie na starej stronie i zatwierdzić przed wdrożeniem
https://hornigold.pl/es/miasto-i-okolice/gliwice-radiostacja,https://hornigold.pl/es/ciudad-y-alrededores/gliwice-la-emisora-de-radio-y-la-historia-de-la-propaganda/,301,Alias obecny w site/es/miasto-i-okolice/gliwice-radiostacja/index.html; cel spłaszczony do adresu kanonicznego,SZKIC — potwierdzić użycie na starej stronie i zatwierdzić przed wdrożeniem
https://hornigold.pl/es/miasto-i-okolice/gliwice-radiostacja/,https://hornigold.pl/es/ciudad-y-alrededores/gliwice-la-emisora-de-radio-y-la-historia-de-la-propaganda/,301,Alias obecny w site/es/miasto-i-okolice/gliwice-radiostacja/index.html; cel spłaszczony do adresu kanonicznego,SZKIC — potwierdzić użycie na starej stronie i zatwierdzić przed wdrożeniem
https://hornigold.pl/es/miasto-i-okolice/historia-katowic,https://hornigold.pl/es/ciudad-y-alrededores/la-historia-de-katowice-una-ciudad-en-movimiento/,301,Alias obecny w site/es/miasto-i-okolice/historia-katowic/index.html; cel spłaszczony do adresu kanonicznego,SZKIC — potwierdzić użycie na starej stronie i zatwierdzić przed wdrożeniem
https://hornigold.pl/es/miasto-i-okolice/historia-katowic/,https://hornigold.pl/es/ciudad-y-alrededores/la-historia-de-katowice-una-ciudad-en-movimiento/,301,Alias obecny w site/es/miasto-i-okolice/historia-katowic/index.html; cel spłaszczony do adresu kanonicznego,SZKIC — potwierdzić użycie na starej stronie i zatwierdzić przed wdrożeniem
https://hornigold.pl/es/miasto-i-okolice/historia-slaska,https://hornigold.pl/es/ciudad-y-alrededores/silesia-muchas-voces-una-region/,301,Alias obecny w site/es/miasto-i-okolice/historia-slaska/index.html; cel spłaszczony do adresu kanonicznego,SZKIC — potwierdzić użycie na starej stronie i zatwierdzić przed wdrożeniem
https://hornigold.pl/es/miasto-i-okolice/historia-slaska/,https://hornigold.pl/es/ciudad-y-alrededores/silesia-muchas-voces-una-region/,301,Alias obecny w site/es/miasto-i-okolice/historia-slaska/index.html; cel spłaszczony do adresu kanonicznego,SZKIC — potwierdzić użycie na starej stronie i zatwierdzić przed wdrożeniem
https://hornigold.pl/es/miasto-i-okolice/ilustracje,https://hornigold.pl/es/ciudad-y-alrededores/katowice-y-silesia-en-ilustraciones/,301,Alias obecny w site/es/miasto-i-okolice/ilustracje/index.html; cel spłaszczony do adresu kanonicznego,SZKIC — potwierdzić użycie na starej stronie i zatwierdzić przed wdrożeniem
https://hornigold.pl/es/miasto-i-okolice/ilustracje/,https://hornigold.pl/es/ciudad-y-alrededores/katowice-y-silesia-en-ilustraciones/,301,Alias obecny w site/es/miasto-i-okolice/ilustracje/index.html; cel spłaszczony do adresu kanonicznego,SZKIC — potwierdzić użycie na starej stronie i zatwierdzić przed wdrożeniem
https://hornigold.pl/es/miasto-i-okolice/ilustracje/archikatedra,https://hornigold.pl/es/ciudad-y-alrededores/ilustraciones/la-archicatedral-luz-y-piedra/,301,Alias obecny w site/es/miasto-i-okolice/ilustracje/archikatedra/index.html; cel spłaszczony do adresu kanonicznego,SZKIC — potwierdzić użycie na starej stronie i zatwierdzić przed wdrożeniem
https://hornigold.pl/es/miasto-i-okolice/ilustracje/archikatedra/,https://hornigold.pl/es/ciudad-y-alrededores/ilustraciones/la-archicatedral-luz-y-piedra/,301,Alias obecny w site/es/miasto-i-okolice/ilustracje/archikatedra/index.html; cel spłaszczony do adresu kanonicznego,SZKIC — potwierdzić użycie na starej stronie i zatwierdzić przed wdrożeniem
https://hornigold.pl/es/miasto-i-okolice/ilustracje/arkady,https://hornigold.pl/es/ciudad-y-alrededores/ilustraciones/bajo-los-soportales-de-la-ciudad/,301,Alias obecny w site/es/miasto-i-okolice/ilustracje/arkady/index.html; cel spłaszczony do adresu kanonicznego,SZKIC — potwierdzić użycie na starej stronie i zatwierdzić przed wdrożeniem
https://hornigold.pl/es/miasto-i-okolice/ilustracje/arkady/,https://hornigold.pl/es/ciudad-y-alrededores/ilustraciones/bajo-los-soportales-de-la-ciudad/,301,Alias obecny w site/es/miasto-i-okolice/ilustracje/arkady/index.html; cel spłaszczony do adresu kanonicznego,SZKIC — potwierdzić użycie na starej stronie i zatwierdzić przed wdrożeniem
https://hornigold.pl/es/miasto-i-okolice/ilustracje/ceglane-podworze,https://hornigold.pl/es/ciudad-y-alrededores/ilustraciones/un-patio-de-ladrillo/,301,Alias obecny w site/es/miasto-i-okolice/ilustracje/ceglane-podworze/index.html; cel spłaszczony do adresu kanonicznego,SZKIC — potwierdzić użycie na starej stronie i zatwierdzić przed wdrożeniem
https://hornigold.pl/es/miasto-i-okolice/ilustracje/ceglane-podworze/,https://hornigold.pl/es/ciudad-y-alrededores/ilustraciones/un-patio-de-ladrillo/,301,Alias obecny w site/es/miasto-i-okolice/ilustracje/ceglane-podworze/index.html; cel spłaszczony do adresu kanonicznego,SZKIC — potwierdzić użycie na starej stronie i zatwierdzić przed wdrożeniem
https://hornigold.pl/es/miasto-i-okolice/ilustracje/dziedziniec-sztuki,https://hornigold.pl/es/ciudad-y-alrededores/ilustraciones/un-patio-para-el-arte/,301,Alias obecny w site/es/miasto-i-okolice/ilustracje/dziedziniec-sztuki/index.html; cel spłaszczony do adresu kanonicznego,SZKIC — potwierdzić użycie na starej stronie i zatwierdzić przed wdrożeniem
https://hornigold.pl/es/miasto-i-okolice/ilustracje/dziedziniec-sztuki/,https://hornigold.pl/es/ciudad-y-alrededores/ilustraciones/un-patio-para-el-arte/,301,Alias obecny w site/es/miasto-i-okolice/ilustracje/dziedziniec-sztuki/index.html; cel spłaszczony do adresu kanonicznego,SZKIC — potwierdzić użycie na starej stronie i zatwierdzić przed wdrożeniem
https://hornigold.pl/es/miasto-i-okolice/ilustracje/giszowiec-ogrod,https://hornigold.pl/es/ciudad-y-alrededores/ilustraciones/giszowiec-la-idea-de-la-ciudad-jardin/,301,Alias obecny w site/es/miasto-i-okolice/ilustracje/giszowiec-ogrod/index.html; cel spłaszczony do adresu kanonicznego,SZKIC — potwierdzić użycie na starej stronie i zatwierdzić przed wdrożeniem
https://hornigold.pl/es/miasto-i-okolice/ilustracje/giszowiec-ogrod/,https://hornigold.pl/es/ciudad-y-alrededores/ilustraciones/giszowiec-la-idea-de-la-ciudad-jardin/,301,Alias obecny w site/es/miasto-i-okolice/ilustracje/giszowiec-ogrod/index.html; cel spłaszczony do adresu kanonicznego,SZKIC — potwierdzić użycie na starej stronie i zatwierdzić przed wdrożeniem
https://hornigold.pl/es/miasto-i-okolice/ilustracje/hala-dworcowa,https://hornigold.pl/es/ciudad-y-alrededores/ilustraciones/el-viaje-empieza-en-el-vestibulo/,301,Alias obecny w site/es/miasto-i-okolice/ilustracje/hala-dworcowa/index.html; cel spłaszczony do adresu kanonicznego,SZKIC — potwierdzić użycie na starej stronie i zatwierdzić przed wdrożeniem
https://hornigold.pl/es/miasto-i-okolice/ilustracje/hala-dworcowa/,https://hornigold.pl/es/ciudad-y-alrededores/ilustraciones/el-viaje-empieza-en-el-vestibulo/,301,Alias obecny w site/es/miasto-i-okolice/ilustracje/hala-dworcowa/index.html; cel spłaszczony do adresu kanonicznego,SZKIC — potwierdzić użycie na starej stronie i zatwierdzić przed wdrożeniem
https://hornigold.pl/es/miasto-i-okolice/ilustracje/industrialna-zielen,https://hornigold.pl/es/ciudad-y-alrededores/ilustraciones/la-industria-y-el-regreso-de-la-vegetacion/,301,Alias obecny w site/es/miasto-i-okolice/ilustracje/industrialna-zielen/index.html; cel spłaszczony do adresu kanonicznego,SZKIC — potwierdzić użycie na starej stronie i zatwierdzić przed wdrożeniem
https://hornigold.pl/es/miasto-i-okolice/ilustracje/industrialna-zielen/,https://hornigold.pl/es/ciudad-y-alrededores/ilustraciones/la-industria-y-el-regreso-de-la-vegetacion/,301,Alias obecny w site/es/miasto-i-okolice/ilustracje/industrialna-zielen/index.html; cel spłaszczony do adresu kanonicznego,SZKIC — potwierdzić użycie na starej stronie i zatwierdzić przed wdrożeniem
https://hornigold.pl/es/miasto-i-okolice/ilustracje/kino-art-deco,https://hornigold.pl/es/ciudad-y-alrededores/ilustraciones/cine-entre-las-luces-de-la-ciudad/,301,Alias obecny w site/es/miasto-i-okolice/ilustracje/kino-art-deco/index.html; cel spłaszczony do adresu kanonicznego,SZKIC — potwierdzić użycie na starej stronie i zatwierdzić przed wdrożeniem
https://hornigold.pl/es/miasto-i-okolice/ilustracje/kino-art-deco/,https://hornigold.pl/es/ciudad-y-alrededores/ilustraciones/cine-entre-las-luces-de-la-ciudad/,301,Alias obecny w site/es/miasto-i-okolice/ilustracje/kino-art-deco/index.html; cel spłaszczony do adresu kanonicznego,SZKIC — potwierdzić użycie na starej stronie i zatwierdzić przed wdrożeniem
https://hornigold.pl/es/miasto-i-okolice/ilustracje/kosciol-mariacki,https://hornigold.pl/es/ciudad-y-alrededores/ilustraciones/la-iglesia-de-santa-maria-un-ritmo-gotico/,301,Alias obecny w site/es/miasto-i-okolice/ilustracje/kosciol-mariacki/index.html; cel spłaszczony do adresu kanonicznego,SZKIC — potwierdzić użycie na starej stronie i zatwierdzić przed wdrożeniem
https://hornigold.pl/es/miasto-i-okolice/ilustracje/kosciol-mariacki/,https://hornigold.pl/es/ciudad-y-alrededores/ilustraciones/la-iglesia-de-santa-maria-un-ritmo-gotico/,301,Alias obecny w site/es/miasto-i-okolice/ilustracje/kosciol-mariacki/index.html; cel spłaszczony do adresu kanonicznego,SZKIC — potwierdzić użycie na starej stronie i zatwierdzić przed wdrożeniem
https://hornigold.pl/es/miasto-i-okolice/ilustracje/kultura-po-zmroku,https://hornigold.pl/es/ciudad-y-alrededores/ilustraciones/cultura-al-anochecer/,301,Alias obecny w site/es/miasto-i-okolice/ilustracje/kultura-po-zmroku/index.html; cel spłaszczony do adresu kanonicznego,SZKIC — potwierdzić użycie na starej stronie i zatwierdzić przed wdrożeniem
https://hornigold.pl/es/miasto-i-okolice/ilustracje/kultura-po-zmroku/,https://hornigold.pl/es/ciudad-y-alrededores/ilustraciones/cultura-al-anochecer/,301,Alias obecny w site/es/miasto-i-okolice/ilustracje/kultura-po-zmroku/index.html; cel spłaszczony do adresu kanonicznego,SZKIC — potwierdzić użycie na starej stronie i zatwierdzić przed wdrożeniem
https://hornigold.pl/es/miasto-i-okolice/ilustracje/kultura-zachod,https://hornigold.pl/es/ciudad-y-alrededores/ilustraciones/un-distrito-cultural-al-atardecer/,301,Alias obecny w site/es/miasto-i-okolice/ilustracje/kultura-zachod/index.html; cel spłaszczony do adresu kanonicznego,SZKIC — potwierdzić użycie na starej stronie i zatwierdzić przed wdrożeniem
https://hornigold.pl/es/miasto-i-okolice/ilustracje/kultura-zachod/,https://hornigold.pl/es/ciudad-y-alrededores/ilustraciones/un-distrito-cultural-al-atardecer/,301,Alias obecny w site/es/miasto-i-okolice/ilustracje/kultura-zachod/index.html; cel spłaszczony do adresu kanonicznego,SZKIC — potwierdzić użycie na starej stronie i zatwierdzić przed wdrożeniem
https://hornigold.pl/es/miasto-i-okolice/ilustracje/mck,https://hornigold.pl/es/ciudad-y-alrededores/ilustraciones/mck-arquitectura-para-el-encuentro/,301,Alias obecny w site/es/miasto-i-okolice/ilustracje/mck/index.html; cel spłaszczony do adresu kanonicznego,SZKIC — potwierdzić użycie na starej stronie i zatwierdzić przed wdrożeniem
https://hornigold.pl/es/miasto-i-okolice/ilustracje/mck/,https://hornigold.pl/es/ciudad-y-alrededores/ilustraciones/mck-arquitectura-para-el-encuentro/,301,Alias obecny w site/es/miasto-i-okolice/ilustracje/mck/index.html; cel spłaszczony do adresu kanonicznego,SZKIC — potwierdzić użycie na starej stronie i zatwierdzić przed wdrożeniem
https://hornigold.pl/es/miasto-i-okolice/ilustracje/modernizm,https://hornigold.pl/es/ciudad-y-alrededores/ilustraciones/ruta-del-modernismo-una-ciudad-de-nuevas-formas/,301,Alias obecny w site/es/miasto-i-okolice/ilustracje/modernizm/index.html; cel spłaszczony do adresu kanonicznego,SZKIC — potwierdzić użycie na starej stronie i zatwierdzić przed wdrożeniem
https://hornigold.pl/es/miasto-i-okolice/ilustracje/modernizm/,https://hornigold.pl/es/ciudad-y-alrededores/ilustraciones/ruta-del-modernismo-una-ciudad-de-nuevas-formas/,301,Alias obecny w site/es/miasto-i-okolice/ilustracje/modernizm/index.html; cel spłaszczony do adresu kanonicznego,SZKIC — potwierdzić użycie na starej stronie i zatwierdzić przed wdrożeniem
https://hornigold.pl/es/miasto-i-okolice/ilustracje/muzeum-slaskie,https://hornigold.pl/es/ciudad-y-alrededores/ilustraciones/museo-de-silesia-la-nueva-vida-de-una-mina/,301,Alias obecny w site/es/miasto-i-okolice/ilustracje/muzeum-slaskie/index.html; cel spłaszczony do adresu kanonicznego,SZKIC — potwierdzić użycie na starej stronie i zatwierdzić przed wdrożeniem
https://hornigold.pl/es/miasto-i-okolice/ilustracje/muzeum-slaskie/,https://hornigold.pl/es/ciudad-y-alrededores/ilustraciones/museo-de-silesia-la-nueva-vida-de-una-mina/,301,Alias obecny w site/es/miasto-i-okolice/ilustracje/muzeum-slaskie/index.html; cel spłaszczony do adresu kanonicznego,SZKIC — potwierdzić użycie na starej stronie i zatwierdzić przed wdrożeniem
https://hornigold.pl/es/miasto-i-okolice/ilustracje/nikiszowiec-cegla,https://hornigold.pl/es/ciudad-y-alrededores/ilustraciones/nikiszowiec-historias-en-ladrillo-rojo/,301,Alias obecny w site/es/miasto-i-okolice/ilustracje/nikiszowiec-cegla/index.html; cel spłaszczony do adresu kanonicznego,SZKIC — potwierdzić użycie na starej stronie i zatwierdzić przed wdrożeniem
https://hornigold.pl/es/miasto-i-okolice/ilustracje/nikiszowiec-cegla/,https://hornigold.pl/es/ciudad-y-alrededores/ilustraciones/nikiszowiec-historias-en-ladrillo-rojo/,301,Alias obecny w site/es/miasto-i-okolice/ilustracje/nikiszowiec-cegla/index.html; cel spłaszczony do adresu kanonicznego,SZKIC — potwierdzić użycie na starej stronie i zatwierdzić przed wdrożeniem
https://hornigold.pl/es/miasto-i-okolice/ilustracje/nospr,https://hornigold.pl/es/ciudad-y-alrededores/ilustraciones/nospr-una-ciudad-de-musica/,301,Alias obecny w site/es/miasto-i-okolice/ilustracje/nospr/index.html; cel spłaszczony do adresu kanonicznego,SZKIC — potwierdzić użycie na starej stronie i zatwierdzić przed wdrożeniem
https://hornigold.pl/es/miasto-i-okolice/ilustracje/nospr/,https://hornigold.pl/es/ciudad-y-alrededores/ilustraciones/nospr-una-ciudad-de-musica/,301,Alias obecny w site/es/miasto-i-okolice/ilustracje/nospr/index.html; cel spłaszczony do adresu kanonicznego,SZKIC — potwierdzić użycie na starej stronie i zatwierdzić przed wdrożeniem
https://hornigold.pl/es/miasto-i-okolice/ilustracje/opera-wyobrazona,https://hornigold.pl/es/ciudad-y-alrededores/ilustraciones/una-noche-en-la-opera/,301,Alias obecny w site/es/miasto-i-okolice/ilustracje/opera-wyobrazona/index.html; cel spłaszczony do adresu kanonicznego,SZKIC — potwierdzić użycie na starej stronie i zatwierdzić przed wdrożeniem
https://hornigold.pl/es/miasto-i-okolice/ilustracje/opera-wyobrazona/,https://hornigold.pl/es/ciudad-y-alrededores/ilustraciones/una-noche-en-la-opera/,301,Alias obecny w site/es/miasto-i-okolice/ilustracje/opera-wyobrazona/index.html; cel spłaszczony do adresu kanonicznego,SZKIC — potwierdzić użycie na starej stronie i zatwierdzić przed wdrożeniem
https://hornigold.pl/es/miasto-i-okolice/ilustracje/panorama-regionu,https://hornigold.pl/es/ciudad-y-alrededores/ilustraciones/silesia-una-panoramica-imaginada/,301,Alias obecny w site/es/miasto-i-okolice/ilustracje/panorama-regionu/index.html; cel spłaszczony do adresu kanonicznego,SZKIC — potwierdzić użycie na starej stronie i zatwierdzić przed wdrożeniem
https://hornigold.pl/es/miasto-i-okolice/ilustracje/panorama-regionu/,https://hornigold.pl/es/ciudad-y-alrededores/ilustraciones/silesia-una-panoramica-imaginada/,301,Alias obecny w site/es/miasto-i-okolice/ilustracje/panorama-regionu/index.html; cel spłaszczony do adresu kanonicznego,SZKIC — potwierdzić użycie na starej stronie i zatwierdzić przed wdrożeniem
https://hornigold.pl/es/miasto-i-okolice/ilustracje/park-kosciuszki,https://hornigold.pl/es/ciudad-y-alrededores/ilustraciones/parque-kosciuszko-espacio-para-respirar/,301,Alias obecny w site/es/miasto-i-okolice/ilustracje/park-kosciuszki/index.html; cel spłaszczony do adresu kanonicznego,SZKIC — potwierdzić użycie na starej stronie i zatwierdzić przed wdrożeniem
https://hornigold.pl/es/miasto-i-okolice/ilustracje/park-kosciuszki/,https://hornigold.pl/es/ciudad-y-alrededores/ilustraciones/parque-kosciuszko-espacio-para-respirar/,301,Alias obecny w site/es/miasto-i-okolice/ilustracje/park-kosciuszki/index.html; cel spłaszczony do adresu kanonicznego,SZKIC — potwierdzić użycie na starej stronie i zatwierdzić przed wdrożeniem
https://hornigold.pl/es/miasto-i-okolice/ilustracje/park-nad-stawem,https://hornigold.pl/es/ciudad-y-alrededores/ilustraciones/un-parque-junto-al-estanque/,301,Alias obecny w site/es/miasto-i-okolice/ilustracje/park-nad-stawem/index.html; cel spłaszczony do adresu kanonicznego,SZKIC — potwierdzić użycie na starej stronie i zatwierdzić przed wdrożeniem
https://hornigold.pl/es/miasto-i-okolice/ilustracje/park-nad-stawem/,https://hornigold.pl/es/ciudad-y-alrededores/ilustraciones/un-parque-junto-al-estanque/,301,Alias obecny w site/es/miasto-i-okolice/ilustracje/park-nad-stawem/index.html; cel spłaszczony do adresu kanonicznego,SZKIC — potwierdzić użycie na starej stronie i zatwierdzić przed wdrożeniem
https://hornigold.pl/es/miasto-i-okolice/ilustracje/porcelana,https://hornigold.pl/es/ciudad-y-alrededores/ilustraciones/fabrica-de-porcelana-industria-y-artesania/,301,Alias obecny w site/es/miasto-i-okolice/ilustracje/porcelana/index.html; cel spłaszczony do adresu kanonicznego,SZKIC — potwierdzić użycie na starej stronie i zatwierdzić przed wdrożeniem
https://hornigold.pl/es/miasto-i-okolice/ilustracje/porcelana/,https://hornigold.pl/es/ciudad-y-alrededores/ilustraciones/fabrica-de-porcelana-industria-y-artesania/,301,Alias obecny w site/es/miasto-i-okolice/ilustracje/porcelana/index.html; cel spłaszczony do adresu kanonicznego,SZKIC — potwierdzić użycie na starej stronie i zatwierdzić przed wdrożeniem
https://hornigold.pl/es/miasto-i-okolice/ilustracje/przed-koncertem,https://hornigold.pl/es/ciudad-y-alrededores/ilustraciones/un-instante-antes-del-concierto/,301,Alias obecny w site/es/miasto-i-okolice/ilustracje/przed-koncertem/index.html; cel spłaszczony do adresu kanonicznego,SZKIC — potwierdzić użycie na starej stronie i zatwierdzić przed wdrożeniem
https://hornigold.pl/es/miasto-i-okolice/ilustracje/przed-koncertem/,https://hornigold.pl/es/ciudad-y-alrededores/ilustraciones/un-instante-antes-del-concierto/,301,Alias obecny w site/es/miasto-i-okolice/ilustracje/przed-koncertem/index.html; cel spłaszczony do adresu kanonicznego,SZKIC — potwierdzić użycie na starej stronie i zatwierdzić przed wdrożeniem
https://hornigold.pl/es/miasto-i-okolice/ilustracje/sakralne-wieze,https://hornigold.pl/es/ciudad-y-alrededores/ilustraciones/torres-y-silencio/,301,Alias obecny w site/es/miasto-i-okolice/ilustracje/sakralne-wieze/index.html; cel spłaszczony do adresu kanonicznego,SZKIC — potwierdzić użycie na starej stronie i zatwierdzić przed wdrożeniem
https://hornigold.pl/es/miasto-i-okolice/ilustracje/sakralne-wieze/,https://hornigold.pl/es/ciudad-y-alrededores/ilustraciones/torres-y-silencio/,301,Alias obecny w site/es/miasto-i-okolice/ilustracje/sakralne-wieze/index.html; cel spłaszczony do adresu kanonicznego,SZKIC — potwierdzić użycie na starej stronie i zatwierdzić przed wdrożeniem
https://hornigold.pl/es/miasto-i-okolice/ilustracje/sala-nad-woda,https://hornigold.pl/es/ciudad-y-alrededores/ilustraciones/musica-junto-al-agua/,301,Alias obecny w site/es/miasto-i-okolice/ilustracje/sala-nad-woda/index.html; cel spłaszczony do adresu kanonicznego,SZKIC — potwierdzić użycie na starej stronie i zatwierdzić przed wdrożeniem
https://hornigold.pl/es/miasto-i-okolice/ilustracje/sala-nad-woda/,https://hornigold.pl/es/ciudad-y-alrededores/ilustraciones/musica-junto-al-agua/,301,Alias obecny w site/es/miasto-i-okolice/ilustracje/sala-nad-woda/index.html; cel spłaszczony do adresu kanonicznego,SZKIC — potwierdzić użycie na starej stronie i zatwierdzić przed wdrożeniem
https://hornigold.pl/es/miasto-i-okolice/ilustracje/spodek,https://hornigold.pl/es/ciudad-y-alrededores/ilustraciones/spodek-una-interpretacion/,301,Alias obecny w site/es/miasto-i-okolice/ilustracje/spodek/index.html; cel spłaszczony do adresu kanonicznego,SZKIC — potwierdzić użycie na starej stronie i zatwierdzić przed wdrożeniem
https://hornigold.pl/es/miasto-i-okolice/ilustracje/spodek/,https://hornigold.pl/es/ciudad-y-alrededores/ilustraciones/spodek-una-interpretacion/,301,Alias obecny w site/es/miasto-i-okolice/ilustracje/spodek/index.html; cel spłaszczony do adresu kanonicznego,SZKIC — potwierdzić użycie na starej stronie i zatwierdzić przed wdrożeniem
https://hornigold.pl/es/miasto-i-okolice/ilustracje/teatr-slaski,https://hornigold.pl/es/ciudad-y-alrededores/ilustraciones/teatro-de-silesia-una-velada-junto-a-la-plaza/,301,Alias obecny w site/es/miasto-i-okolice/ilustracje/teatr-slaski/index.html; cel spłaszczony do adresu kanonicznego,SZKIC — potwierdzić użycie na starej stronie i zatwierdzić przed wdrożeniem
https://hornigold.pl/es/miasto-i-okolice/ilustracje/teatr-slaski/,https://hornigold.pl/es/ciudad-y-alrededores/ilustraciones/teatro-de-silesia-una-velada-junto-a-la-plaza/,301,Alias obecny w site/es/miasto-i-okolice/ilustracje/teatr-slaski/index.html; cel spłaszczony do adresu kanonicznego,SZKIC — potwierdzić użycie na starej stronie i zatwierdzić przed wdrożeniem
https://hornigold.pl/es/miasto-i-okolice/ilustracje/teatralne-schody,https://hornigold.pl/es/ciudad-y-alrededores/ilustraciones/escalinata-hacia-el-teatro/,301,Alias obecny w site/es/miasto-i-okolice/ilustracje/teatralne-schody/index.html; cel spłaszczony do adresu kanonicznego,SZKIC — potwierdzić użycie na starej stronie i zatwierdzić przed wdrożeniem
https://hornigold.pl/es/miasto-i-okolice/ilustracje/teatralne-schody/,https://hornigold.pl/es/ciudad-y-alrededores/ilustraciones/escalinata-hacia-el-teatro/,301,Alias obecny w site/es/miasto-i-okolice/ilustracje/teatralne-schody/index.html; cel spłaszczony do adresu kanonicznego,SZKIC — potwierdzić użycie na starej stronie i zatwierdzić przed wdrożeniem
https://hornigold.pl/es/miasto-i-okolice/ilustracje/tramwaj-poranek,https://hornigold.pl/es/ciudad-y-alrededores/ilustraciones/manana-sobre-railes/,301,Alias obecny w site/es/miasto-i-okolice/ilustracje/tramwaj-poranek/index.html; cel spłaszczony do adresu kanonicznego,SZKIC — potwierdzić użycie na starej stronie i zatwierdzić przed wdrożeniem
https://hornigold.pl/es/miasto-i-okolice/ilustracje/tramwaj-poranek/,https://hornigold.pl/es/ciudad-y-alrededores/ilustraciones/manana-sobre-railes/,301,Alias obecny w site/es/miasto-i-okolice/ilustracje/tramwaj-poranek/index.html; cel spłaszczony do adresu kanonicznego,SZKIC — potwierdzić użycie na starej stronie i zatwierdzić przed wdrożeniem
https://hornigold.pl/es/miasto-i-okolice/ilustracje/tramwaj-wieczor,https://hornigold.pl/es/ciudad-y-alrededores/ilustraciones/un-tranvia-en-la-hora-azul/,301,Alias obecny w site/es/miasto-i-okolice/ilustracje/tramwaj-wieczor/index.html; cel spłaszczony do adresu kanonicznego,SZKIC — potwierdzić użycie na starej stronie i zatwierdzić przed wdrożeniem
https://hornigold.pl/es/miasto-i-okolice/ilustracje/tramwaj-wieczor/,https://hornigold.pl/es/ciudad-y-alrededores/ilustraciones/un-tranvia-en-la-hora-azul/,301,Alias obecny w site/es/miasto-i-okolice/ilustracje/tramwaj-wieczor/index.html; cel spłaszczony do adresu kanonicznego,SZKIC — potwierdzić użycie na starej stronie i zatwierdzić przed wdrożeniem
https://hornigold.pl/es/miasto-i-okolice/ilustracje/ulica-moderny,https://hornigold.pl/es/ciudad-y-alrededores/ilustraciones/una-calle-modernista/,301,Alias obecny w site/es/miasto-i-okolice/ilustracje/ulica-moderny/index.html; cel spłaszczony do adresu kanonicznego,SZKIC — potwierdzić użycie na starej stronie i zatwierdzić przed wdrożeniem
https://hornigold.pl/es/miasto-i-okolice/ilustracje/ulica-moderny/,https://hornigold.pl/es/ciudad-y-alrededores/ilustraciones/una-calle-modernista/,301,Alias obecny w site/es/miasto-i-okolice/ilustracje/ulica-moderny/index.html; cel spłaszczony do adresu kanonicznego,SZKIC — potwierdzić użycie na starej stronie i zatwierdzić przed wdrożeniem
https://hornigold.pl/es/miasto-i-okolice/ilustracje/wieza-wodna,https://hornigold.pl/es/ciudad-y-alrededores/ilustraciones/torre-de-agua-huella-de-la-infraestructura/,301,Alias obecny w site/es/miasto-i-okolice/ilustracje/wieza-wodna/index.html; cel spłaszczony do adresu kanonicznego,SZKIC — potwierdzić użycie na starej stronie i zatwierdzić przed wdrożeniem
https://hornigold.pl/es/miasto-i-okolice/ilustracje/wieza-wodna/,https://hornigold.pl/es/ciudad-y-alrededores/ilustraciones/torre-de-agua-huella-de-la-infraestructura/,301,Alias obecny w site/es/miasto-i-okolice/ilustracje/wieza-wodna/index.html; cel spłaszczony do adresu kanonicznego,SZKIC — potwierdzić użycie na starej stronie i zatwierdzić przed wdrożeniem
https://hornigold.pl/es/miasto-i-okolice/ilustracje/zielony-korytarz,https://hornigold.pl/es/ciudad-y-alrededores/ilustraciones/el-corredor-verde-de-la-ciudad/,301,Alias obecny w site/es/miasto-i-okolice/ilustracje/zielony-korytarz/index.html; cel spłaszczony do adresu kanonicznego,SZKIC — potwierdzić użycie na starej stronie i zatwierdzić przed wdrożeniem
https://hornigold.pl/es/miasto-i-okolice/ilustracje/zielony-korytarz/,https://hornigold.pl/es/ciudad-y-alrededores/ilustraciones/el-corredor-verde-de-la-ciudad/,301,Alias obecny w site/es/miasto-i-okolice/ilustracje/zielony-korytarz/index.html; cel spłaszczony do adresu kanonicznego,SZKIC — potwierdzić użycie na starej stronie i zatwierdzić przed wdrożeniem
https://hornigold.pl/es/miasto-i-okolice/katalog-zabytkow,https://hornigold.pl/es/ciudad-y-alrededores/patrimonio-y-rutas-sigue-explorando/,301,Alias obecny w site/es/miasto-i-okolice/katalog-zabytkow/index.html; cel spłaszczony do adresu kanonicznego,SZKIC — potwierdzić użycie na starej stronie i zatwierdzić przed wdrożeniem
https://hornigold.pl/es/miasto-i-okolice/katalog-zabytkow/,https://hornigold.pl/es/ciudad-y-alrededores/patrimonio-y-rutas-sigue-explorando/,301,Alias obecny w site/es/miasto-i-okolice/katalog-zabytkow/index.html; cel spłaszczony do adresu kanonicznego,SZKIC — potwierdzić użycie na starej stronie i zatwierdzić przed wdrożeniem
https://hornigold.pl/es/miasto-i-okolice/miejsca-pamieci-slaska,https://hornigold.pl/es/ciudad-y-alrededores/lugares-de-memoria-de-silesia-historias-diferentes/,301,Alias obecny w site/es/miasto-i-okolice/miejsca-pamieci-slaska/index.html; cel spłaszczony do adresu kanonicznego,SZKIC — potwierdzić użycie na starej stronie i zatwierdzić przed wdrożeniem
https://hornigold.pl/es/miasto-i-okolice/miejsca-pamieci-slaska/,https://hornigold.pl/es/ciudad-y-alrededores/lugares-de-memoria-de-silesia-historias-diferentes/,301,Alias obecny w site/es/miasto-i-okolice/miejsca-pamieci-slaska/index.html; cel spłaszczony do adresu kanonicznego,SZKIC — potwierdzić użycie na starej stronie i zatwierdzić przed wdrożeniem
https://hornigold.pl/es/miasto-i-okolice/moderna-i-zabytki,https://hornigold.pl/es/ciudad-y-alrededores/modernismo-casas-urbanas-y-una-iglesia-de-madera/,301,Alias obecny w site/es/miasto-i-okolice/moderna-i-zabytki/index.html; cel spłaszczony do adresu kanonicznego,SZKIC — potwierdzić użycie na starej stronie i zatwierdzić przed wdrożeniem
https://hornigold.pl/es/miasto-i-okolice/moderna-i-zabytki/,https://hornigold.pl/es/ciudad-y-alrededores/modernismo-casas-urbanas-y-una-iglesia-de-madera/,301,Alias obecny w site/es/miasto-i-okolice/moderna-i-zabytki/index.html; cel spłaszczony do adresu kanonicznego,SZKIC — potwierdzić użycie na starej stronie i zatwierdzić przed wdrożeniem
https://hornigold.pl/es/miasto-i-okolice/nikiszowiec,https://hornigold.pl/es/ciudad-y-alrededores/nikiszowiec/,301,Alias obecny w site/es/miasto-i-okolice/nikiszowiec/index.html; cel spłaszczony do adresu kanonicznego,SZKIC — potwierdzić użycie na starej stronie i zatwierdzić przed wdrożeniem
https://hornigold.pl/es/miasto-i-okolice/nikiszowiec/,https://hornigold.pl/es/ciudad-y-alrededores/nikiszowiec/,301,Alias obecny w site/es/miasto-i-okolice/nikiszowiec/index.html; cel spłaszczony do adresu kanonicznego,SZKIC — potwierdzić użycie na starej stronie i zatwierdzić przed wdrożeniem
https://hornigold.pl/es/miasto-i-okolice/pszczyna,https://hornigold.pl/es/ciudad-y-alrededores/pszczyna/,301,Alias obecny w site/es/miasto-i-okolice/pszczyna/index.html; cel spłaszczony do adresu kanonicznego,SZKIC — potwierdzić użycie na starej stronie i zatwierdzić przed wdrożeniem
https://hornigold.pl/es/miasto-i-okolice/pszczyna/,https://hornigold.pl/es/ciudad-y-alrededores/pszczyna/,301,Alias obecny w site/es/miasto-i-okolice/pszczyna/index.html; cel spłaszczony do adresu kanonicznego,SZKIC — potwierdzić użycie na starej stronie i zatwierdzić przed wdrożeniem
https://hornigold.pl/es/miasto-i-okolice/rynek,https://hornigold.pl/es/ciudad-y-alrededores/la-plaza-del-mercado-katowice-en-una-sola-imagen/,301,Alias obecny w site/es/miasto-i-okolice/rynek/index.html; cel spłaszczony do adresu kanonicznego,SZKIC — potwierdzić użycie na starej stronie i zatwierdzić przed wdrożeniem
https://hornigold.pl/es/miasto-i-okolice/rynek/,https://hornigold.pl/es/ciudad-y-alrededores/la-plaza-del-mercado-katowice-en-una-sola-imagen/,301,Alias obecny w site/es/miasto-i-okolice/rynek/index.html; cel spłaszczony do adresu kanonicznego,SZKIC — potwierdzić użycie na starej stronie i zatwierdzić przed wdrożeniem
https://hornigold.pl/es/miasto-i-okolice/strefa-kultury,https://hornigold.pl/es/ciudad-y-alrededores/la-zona-de-la-cultura-una-nueva-etapa-para-un-recinto-industrial/,301,Alias obecny w site/es/miasto-i-okolice/strefa-kultury/index.html; cel spłaszczony do adresu kanonicznego,SZKIC — potwierdzić użycie na starej stronie i zatwierdzić przed wdrożeniem
https://hornigold.pl/es/miasto-i-okolice/strefa-kultury/,https://hornigold.pl/es/ciudad-y-alrededores/la-zona-de-la-cultura-una-nueva-etapa-para-un-recinto-industrial/,301,Alias obecny w site/es/miasto-i-okolice/strefa-kultury/index.html; cel spłaszczony do adresu kanonicznego,SZKIC — potwierdzić użycie na starej stronie i zatwierdzić przed wdrożeniem
https://hornigold.pl/es/miasto-i-okolice/szlak-zabytkow-techniki,https://hornigold.pl/es/ciudad-y-alrededores/la-ruta-de-los-monumentos-industriales-una-region-forjada-por-el-trabajo/,301,Alias obecny w site/es/miasto-i-okolice/szlak-zabytkow-techniki/index.html; cel spłaszczony do adresu kanonicznego,SZKIC — potwierdzić użycie na starej stronie i zatwierdzić przed wdrożeniem
https://hornigold.pl/es/miasto-i-okolice/szlak-zabytkow-techniki/,https://hornigold.pl/es/ciudad-y-alrededores/la-ruta-de-los-monumentos-industriales-una-region-forjada-por-el-trabajo/,301,Alias obecny w site/es/miasto-i-okolice/szlak-zabytkow-techniki/index.html; cel spłaszczony do adresu kanonicznego,SZKIC — potwierdzić użycie na starej stronie i zatwierdzić przed wdrożeniem
https://hornigold.pl/es/miasto-i-okolice/tarnowskie-gory,https://hornigold.pl/es/ciudad-y-alrededores/tarnowskie-gory/,301,Alias obecny w site/es/miasto-i-okolice/tarnowskie-gory/index.html; cel spłaszczony do adresu kanonicznego,SZKIC — potwierdzić użycie na starej stronie i zatwierdzić przed wdrożeniem
https://hornigold.pl/es/miasto-i-okolice/tarnowskie-gory/,https://hornigold.pl/es/ciudad-y-alrededores/tarnowskie-gory/,301,Alias obecny w site/es/miasto-i-okolice/tarnowskie-gory/index.html; cel spłaszczony do adresu kanonicznego,SZKIC — potwierdzić użycie na starej stronie i zatwierdzić przed wdrożeniem
https://hornigold.pl/es/miasto-i-okolice/zabrze-guido-luiza,https://hornigold.pl/es/ciudad-y-alrededores/zabrze-la-mina-guido-y-la-galeria-reina-luisa/,301,Alias obecny w site/es/miasto-i-okolice/zabrze-guido-luiza/index.html; cel spłaszczony do adresu kanonicznego,SZKIC — potwierdzić użycie na starej stronie i zatwierdzić przed wdrożeniem
https://hornigold.pl/es/miasto-i-okolice/zabrze-guido-luiza/,https://hornigold.pl/es/ciudad-y-alrededores/zabrze-la-mina-guido-y-la-galeria-reina-luisa/,301,Alias obecny w site/es/miasto-i-okolice/zabrze-guido-luiza/index.html; cel spłaszczony do adresu kanonicznego,SZKIC — potwierdzić użycie na starej stronie i zatwierdzić przed wdrożeniem
https://hornigold.pl/es/o-nas,https://hornigold.pl/es/sobre-hornigold/,301,Alias obecny w site/es/o-nas/index.html; cel spłaszczony do adresu kanonicznego,SZKIC — potwierdzić użycie na starej stronie i zatwierdzić przed wdrożeniem
https://hornigold.pl/es/o-nas/,https://hornigold.pl/es/sobre-hornigold/,301,Alias obecny w site/es/o-nas/index.html; cel spłaszczony do adresu kanonicznego,SZKIC — potwierdzić użycie na starej stronie i zatwierdzić przed wdrożeniem
https://hornigold.pl/es/oferty,https://hornigold.pl/es/una-estancia-a-tu-medida/,301,Alias obecny w site/es/oferty/index.html; cel spłaszczony do adresu kanonicznego,SZKIC — potwierdzić użycie na starej stronie i zatwierdzić przed wdrożeniem
https://hornigold.pl/es/oferty/,https://hornigold.pl/es/una-estancia-a-tu-medida/,301,Alias obecny w site/es/oferty/index.html; cel spłaszczony do adresu kanonicznego,SZKIC — potwierdzić użycie na starej stronie i zatwierdzić przed wdrożeniem
https://hornigold.pl/es/opinie,https://hornigold.pl/es/experiencias-de-nuestros-huespedes/,301,Alias obecny w site/es/opinie/index.html; cel spłaszczony do adresu kanonicznego,SZKIC — potwierdzić użycie na starej stronie i zatwierdzić przed wdrożeniem
https://hornigold.pl/es/opinie/,https://hornigold.pl/es/experiencias-de-nuestros-huespedes/,301,Alias obecny w site/es/opinie/index.html; cel spłaszczony do adresu kanonicznego,SZKIC — potwierdzić użycie na starej stronie i zatwierdzić przed wdrożeniem
https://hornigold.pl/es/parking,https://hornigold.pl/es/planifica-una-llegada-tranquila/,301,Alias obecny w site/es/parking/index.html; cel spłaszczony do adresu kanonicznego,SZKIC — potwierdzić użycie na starej stronie i zatwierdzić przed wdrożeniem
https://hornigold.pl/es/parking/,https://hornigold.pl/es/planifica-una-llegada-tranquila/,301,Alias obecny w site/es/parking/index.html; cel spłaszczony do adresu kanonicznego,SZKIC — potwierdzić użycie na starej stronie i zatwierdzić przed wdrożeniem
https://hornigold.pl/es/pokoje,https://hornigold.pl/es/habitaciones/,301,Alias obecny w site/es/pokoje/index.html; cel spłaszczony do adresu kanonicznego,SZKIC — potwierdzić użycie na starej stronie i zatwierdzić przed wdrożeniem
https://hornigold.pl/es/pokoje/,https://hornigold.pl/es/habitaciones/,301,Alias obecny w site/es/pokoje/index.html; cel spłaszczony do adresu kanonicznego,SZKIC — potwierdzić użycie na starej stronie i zatwierdzić przed wdrożeniem
https://hornigold.pl/es/pokoje/apartament-deluxe,https://hornigold.pl/es/habitaciones/apartament-deluxe/,301,Alias obecny w site/es/pokoje/apartament-deluxe/index.html; cel spłaszczony do adresu kanonicznego,SZKIC — potwierdzić użycie na starej stronie i zatwierdzić przed wdrożeniem
https://hornigold.pl/es/pokoje/apartament-deluxe/,https://hornigold.pl/es/habitaciones/apartament-deluxe/,301,Alias obecny w site/es/pokoje/apartament-deluxe/index.html; cel spłaszczony do adresu kanonicznego,SZKIC — potwierdzić użycie na starej stronie i zatwierdzić przed wdrożeniem
https://hornigold.pl/es/pokoje/classic,https://hornigold.pl/es/habitaciones/classic/,301,Alias obecny w site/es/pokoje/classic/index.html; cel spłaszczony do adresu kanonicznego,SZKIC — potwierdzić użycie na starej stronie i zatwierdzić przed wdrożeniem
https://hornigold.pl/es/pokoje/classic/,https://hornigold.pl/es/habitaciones/classic/,301,Alias obecny w site/es/pokoje/classic/index.html; cel spłaszczony do adresu kanonicznego,SZKIC — potwierdzić użycie na starej stronie i zatwierdzić przed wdrożeniem
https://hornigold.pl/es/pokoje/deluxe-premium,https://hornigold.pl/es/habitaciones/deluxe-premium/,301,Alias obecny w site/es/pokoje/deluxe-premium/index.html; cel spłaszczony do adresu kanonicznego,SZKIC — potwierdzić użycie na starej stronie i zatwierdzić przed wdrożeniem
https://hornigold.pl/es/pokoje/deluxe-premium/,https://hornigold.pl/es/habitaciones/deluxe-premium/,301,Alias obecny w site/es/pokoje/deluxe-premium/index.html; cel spłaszczony do adresu kanonicznego,SZKIC — potwierdzić użycie na starej stronie i zatwierdzić przed wdrożeniem
https://hornigold.pl/es/pokoje/deluxe,https://hornigold.pl/es/habitaciones/deluxe/,301,Alias obecny w site/es/pokoje/deluxe/index.html; cel spłaszczony do adresu kanonicznego,SZKIC — potwierdzić użycie na starej stronie i zatwierdzić przed wdrożeniem
https://hornigold.pl/es/pokoje/deluxe/,https://hornigold.pl/es/habitaciones/deluxe/,301,Alias obecny w site/es/pokoje/deluxe/index.html; cel spłaszczony do adresu kanonicznego,SZKIC — potwierdzić użycie na starej stronie i zatwierdzić przed wdrożeniem
https://hornigold.pl/es/pokoje/hornigold,https://hornigold.pl/es/habitaciones/hornigold/,301,Alias obecny w site/es/pokoje/hornigold/index.html; cel spłaszczony do adresu kanonicznego,SZKIC — potwierdzić użycie na starej stronie i zatwierdzić przed wdrożeniem
https://hornigold.pl/es/pokoje/hornigold/,https://hornigold.pl/es/habitaciones/hornigold/,301,Alias obecny w site/es/pokoje/hornigold/index.html; cel spłaszczony do adresu kanonicznego,SZKIC — potwierdzić użycie na starej stronie i zatwierdzić przed wdrożeniem
https://hornigold.pl/es/pokoje/premium,https://hornigold.pl/es/habitaciones/premium/,301,Alias obecny w site/es/pokoje/premium/index.html; cel spłaszczony do adresu kanonicznego,SZKIC — potwierdzić użycie na starej stronie i zatwierdzić przed wdrożeniem
https://hornigold.pl/es/pokoje/premium/,https://hornigold.pl/es/habitaciones/premium/,301,Alias obecny w site/es/pokoje/premium/index.html; cel spłaszczony do adresu kanonicznego,SZKIC — potwierdzić użycie na starej stronie i zatwierdzić przed wdrożeniem
https://hornigold.pl/es/pokoje/prestige-deluxe,https://hornigold.pl/es/habitaciones/prestige-deluxe/,301,Alias obecny w site/es/pokoje/prestige-deluxe/index.html; cel spłaszczony do adresu kanonicznego,SZKIC — potwierdzić użycie na starej stronie i zatwierdzić przed wdrożeniem
https://hornigold.pl/es/pokoje/prestige-deluxe/,https://hornigold.pl/es/habitaciones/prestige-deluxe/,301,Alias obecny w site/es/pokoje/prestige-deluxe/index.html; cel spłaszczony do adresu kanonicznego,SZKIC — potwierdzić użycie na starej stronie i zatwierdzić przed wdrożeniem
https://hornigold.pl/es/pokoje/prestige,https://hornigold.pl/es/habitaciones/prestige/,301,Alias obecny w site/es/pokoje/prestige/index.html; cel spłaszczony do adresu kanonicznego,SZKIC — potwierdzić użycie na starej stronie i zatwierdzić przed wdrożeniem
https://hornigold.pl/es/pokoje/prestige/,https://hornigold.pl/es/habitaciones/prestige/,301,Alias obecny w site/es/pokoje/prestige/index.html; cel spłaszczony do adresu kanonicznego,SZKIC — potwierdzić użycie na starej stronie i zatwierdzić przed wdrożeniem
https://hornigold.pl/es/pokoje/suite,https://hornigold.pl/es/habitaciones/suite/,301,Alias obecny w site/es/pokoje/suite/index.html; cel spłaszczony do adresu kanonicznego,SZKIC — potwierdzić użycie na starej stronie i zatwierdzić przed wdrożeniem
https://hornigold.pl/es/pokoje/suite/,https://hornigold.pl/es/habitaciones/suite/,301,Alias obecny w site/es/pokoje/suite/index.html; cel spłaszczony do adresu kanonicznego,SZKIC — potwierdzić użycie na starej stronie i zatwierdzić przed wdrożeniem
https://hornigold.pl/es/porownaj,https://hornigold.pl/es/comparar/,301,Alias obecny w site/es/porownaj/index.html; cel spłaszczony do adresu kanonicznego,SZKIC — potwierdzić użycie na starej stronie i zatwierdzić przed wdrożeniem
https://hornigold.pl/es/porownaj/,https://hornigold.pl/es/comparar/,301,Alias obecny w site/es/porownaj/index.html; cel spłaszczony do adresu kanonicznego,SZKIC — potwierdzić użycie na starej stronie i zatwierdzić przed wdrożeniem
https://hornigold.pl/es/prywatnosc,https://hornigold.pl/es/privacidad-y-datos/,301,Alias obecny w site/es/prywatnosc/index.html; cel spłaszczony do adresu kanonicznego,SZKIC — potwierdzić użycie na starej stronie i zatwierdzić przed wdrożeniem
https://hornigold.pl/es/prywatnosc/,https://hornigold.pl/es/privacidad-y-datos/,301,Alias obecny w site/es/prywatnosc/index.html; cel spłaszczony do adresu kanonicznego,SZKIC — potwierdzić użycie na starej stronie i zatwierdzić przed wdrożeniem
https://hornigold.pl/es/sniadania,https://hornigold.pl/es/desayuno/,301,Alias obecny w site/es/sniadania/index.html; cel spłaszczony do adresu kanonicznego,SZKIC — potwierdzić użycie na starej stronie i zatwierdzić przed wdrożeniem
https://hornigold.pl/es/sniadania/,https://hornigold.pl/es/desayuno/,301,Alias obecny w site/es/sniadania/index.html; cel spłaszczony do adresu kanonicznego,SZKIC — potwierdzić użycie na starej stronie i zatwierdzić przed wdrożeniem
https://hornigold.pl/es/wellness-spa,https://hornigold.pl/es/bienestar-y-spa/,301,Alias obecny w site/es/wellness-spa/index.html; cel spłaszczony do adresu kanonicznego,SZKIC — potwierdzić użycie na starej stronie i zatwierdzić przed wdrożeniem
https://hornigold.pl/es/wellness-spa/,https://hornigold.pl/es/bienestar-y-spa/,301,Alias obecny w site/es/wellness-spa/index.html; cel spłaszczony do adresu kanonicznego,SZKIC — potwierdzić użycie na starej stronie i zatwierdzić przed wdrożeniem
https://hornigold.pl/it/catering,https://hornigold.pl/it/catering-ed-eventi/,301,Alias obecny w site/it/catering/index.html; cel spłaszczony do adresu kanonicznego,SZKIC — potwierdzić użycie na starej stronie i zatwierdzić przed wdrożeniem
https://hornigold.pl/it/catering/,https://hornigold.pl/it/catering-ed-eventi/,301,Alias obecny w site/it/catering/index.html; cel spłaszczony do adresu kanonicznego,SZKIC — potwierdzić użycie na starej stronie i zatwierdzić przed wdrożeniem
https://hornigold.pl/it/dla-firm,https://hornigold.pl/it/condizioni-adatte-ai-tuoi-programmi/,301,Alias obecny w site/it/dla-firm/index.html; cel spłaszczony do adresu kanonicznego,SZKIC — potwierdzić użycie na starej stronie i zatwierdzić przed wdrożeniem
https://hornigold.pl/it/dla-firm/,https://hornigold.pl/it/condizioni-adatte-ai-tuoi-programmi/,301,Alias obecny w site/it/dla-firm/index.html; cel spłaszczony do adresu kanonicznego,SZKIC — potwierdzić użycie na starej stronie i zatwierdzić przed wdrożeniem
https://hornigold.pl/it/dokumenty,https://hornigold.pl/it/informazioni-chiare-prima-dellarrivo/,301,Alias obecny w site/it/dokumenty/index.html; cel spłaszczony do adresu kanonicznego,SZKIC — potwierdzić użycie na starej stronie i zatwierdzić przed wdrożeniem
https://hornigold.pl/it/dokumenty/,https://hornigold.pl/it/informazioni-chiare-prima-dellarrivo/,301,Alias obecny w site/it/dokumenty/index.html; cel spłaszczony do adresu kanonicznego,SZKIC — potwierdzić użycie na starej stronie i zatwierdzić przed wdrożeniem
https://hornigold.pl/it/faq,https://hornigold.pl/it/da-sapere/,301,Alias obecny w site/it/faq/index.html; cel spłaszczony do adresu kanonicznego,SZKIC — potwierdzić użycie na starej stronie i zatwierdzić przed wdrożeniem
https://hornigold.pl/it/faq/,https://hornigold.pl/it/da-sapere/,301,Alias obecny w site/it/faq/index.html; cel spłaszczony do adresu kanonicznego,SZKIC — potwierdzić użycie na starej stronie i zatwierdzić przed wdrożeniem
https://hornigold.pl/it/informacje,https://hornigold.pl/it/una-visita-rilassante-comincia-prima-dellarrivo/,301,Alias obecny w site/it/informacje/index.html; cel spłaszczony do adresu kanonicznego,SZKIC — potwierdzić użycie na starej stronie i zatwierdzić przed wdrożeniem
https://hornigold.pl/it/informacje/,https://hornigold.pl/it/una-visita-rilassante-comincia-prima-dellarrivo/,301,Alias obecny w site/it/informacje/index.html; cel spłaszczony do adresu kanonicznego,SZKIC — potwierdzić użycie na starej stronie i zatwierdzić przed wdrożeniem
https://hornigold.pl/it/katowice,https://hornigold.pl/it/katowice-con-hornigold/,301,Alias obecny w site/it/katowice/index.html; cel spłaszczony do adresu kanonicznego,SZKIC — potwierdzić użycie na starej stronie i zatwierdzić przed wdrożeniem
https://hornigold.pl/it/katowice/,https://hornigold.pl/it/katowice-con-hornigold/,301,Alias obecny w site/it/katowice/index.html; cel spłaszczony do adresu kanonicznego,SZKIC — potwierdzić użycie na starej stronie i zatwierdzić przed wdrożeniem
https://hornigold.pl/it/katowice/architektura,https://hornigold.pl/it/katowice/architettura-e-passeggiate-in-centro/,301,Alias obecny w site/it/katowice/architektura/index.html; cel spłaszczony do adresu kanonicznego,SZKIC — potwierdzić użycie na starej stronie i zatwierdzić przed wdrożeniem
https://hornigold.pl/it/katowice/architektura/,https://hornigold.pl/it/katowice/architettura-e-passeggiate-in-centro/,301,Alias obecny w site/it/katowice/architektura/index.html; cel spłaszczony do adresu kanonicznego,SZKIC — potwierdzić użycie na starej stronie i zatwierdzić przed wdrożeniem
https://hornigold.pl/it/katowice/pierwszy-przyjazd,https://hornigold.pl/it/katowice/il-tuo-primo-arrivo-a-katowice/,301,Alias obecny w site/it/katowice/pierwszy-przyjazd/index.html; cel spłaszczony do adresu kanonicznego,SZKIC — potwierdzić użycie na starej stronie i zatwierdzić przed wdrożeniem
https://hornigold.pl/it/katowice/pierwszy-przyjazd/,https://hornigold.pl/it/katowice/il-tuo-primo-arrivo-a-katowice/,301,Alias obecny w site/it/katowice/pierwszy-przyjazd/index.html; cel spłaszczony do adresu kanonicznego,SZKIC — potwierdzić użycie na starej stronie i zatwierdzić przed wdrożeniem
https://hornigold.pl/it/katowice/sluzbowo,https://hornigold.pl/it/katowice/viaggi-di-lavoro-prima-dellarrivo/,301,Alias obecny w site/it/katowice/sluzbowo/index.html; cel spłaszczony do adresu kanonicznego,SZKIC — potwierdzić użycie na starej stronie i zatwierdzić przed wdrożeniem
https://hornigold.pl/it/katowice/sluzbowo/,https://hornigold.pl/it/katowice/viaggi-di-lavoro-prima-dellarrivo/,301,Alias obecny w site/it/katowice/sluzbowo/index.html; cel spłaszczony do adresu kanonicznego,SZKIC — potwierdzić użycie na starej stronie i zatwierdzić przed wdrożeniem
https://hornigold.pl/it/katowice/weekend,https://hornigold.pl/it/katowice/katowice-in-24-o-48-ore/,301,Alias obecny w site/it/katowice/weekend/index.html; cel spłaszczony do adresu kanonicznego,SZKIC — potwierdzić użycie na starej stronie i zatwierdzić przed wdrożeniem
https://hornigold.pl/it/katowice/weekend/,https://hornigold.pl/it/katowice/katowice-in-24-o-48-ore/,301,Alias obecny w site/it/katowice/weekend/index.html; cel spłaszczony do adresu kanonicznego,SZKIC — potwierdzić użycie na starej stronie i zatwierdzić przed wdrożeniem
https://hornigold.pl/it/katowice/wydarzenia,https://hornigold.pl/it/katowice/scegli-un-evento-organizza-il-soggiorno/,301,Alias obecny w site/it/katowice/wydarzenia/index.html; cel spłaszczony do adresu kanonicznego,SZKIC — potwierdzić użycie na starej stronie i zatwierdzić przed wdrożeniem
https://hornigold.pl/it/katowice/wydarzenia/,https://hornigold.pl/it/katowice/scegli-un-evento-organizza-il-soggiorno/,301,Alias obecny w site/it/katowice/wydarzenia/index.html; cel spłaszczony do adresu kanonicznego,SZKIC — potwierdzić użycie na starej stronie i zatwierdzić przed wdrożeniem
https://hornigold.pl/it/katowice/wydarzenie,https://hornigold.pl/it/katowice/visita-a-mck-spodek-o-nospr/,301,Alias obecny w site/it/katowice/wydarzenie/index.html; cel spłaszczony do adresu kanonicznego,SZKIC — potwierdzić użycie na starej stronie i zatwierdzić przed wdrożeniem
https://hornigold.pl/it/katowice/wydarzenie/,https://hornigold.pl/it/katowice/visita-a-mck-spodek-o-nospr/,301,Alias obecny w site/it/katowice/wydarzenie/index.html; cel spłaszczony do adresu kanonicznego,SZKIC — potwierdzić użycie na starej stronie i zatwierdzić przed wdrożeniem
https://hornigold.pl/it/katowice/z-dziecmi,https://hornigold.pl/it/katowice/katowice-con-i-bambini-un-programma-semplice/,301,Alias obecny w site/it/katowice/z-dziecmi/index.html; cel spłaszczony do adresu kanonicznego,SZKIC — potwierdzić użycie na starej stronie i zatwierdzić przed wdrożeniem
https://hornigold.pl/it/katowice/z-dziecmi/,https://hornigold.pl/it/katowice/katowice-con-i-bambini-un-programma-semplice/,301,Alias obecny w site/it/katowice/z-dziecmi/index.html; cel spłaszczony do adresu kanonicznego,SZKIC — potwierdzić użycie na starej stronie i zatwierdzić przed wdrożeniem
https://hornigold.pl/it/konferencje,https://hornigold.pl/it/conferenze-e-incontri/,301,Alias obecny w site/it/konferencje/index.html; cel spłaszczony do adresu kanonicznego,SZKIC — potwierdzić użycie na starej stronie i zatwierdzić przed wdrożeniem
https://hornigold.pl/it/konferencje/,https://hornigold.pl/it/conferenze-e-incontri/,301,Alias obecny w site/it/konferencje/index.html; cel spłaszczony do adresu kanonicznego,SZKIC — potwierdzić użycie na starej stronie i zatwierdzić przed wdrożeniem
https://hornigold.pl/it/kontakt,https://hornigold.pl/it/contatti/,301,Alias obecny w site/it/kontakt/index.html; cel spłaszczony do adresu kanonicznego,SZKIC — potwierdzić użycie na starej stronie i zatwierdzić przed wdrożeniem
https://hornigold.pl/it/kontakt/,https://hornigold.pl/it/contatti/,301,Alias obecny w site/it/kontakt/index.html; cel spłaszczony do adresu kanonicznego,SZKIC — potwierdzić użycie na starej stronie i zatwierdzić przed wdrożeniem
https://hornigold.pl/it/lokalizacja,https://hornigold.pl/it/posizione/,301,Alias obecny w site/it/lokalizacja/index.html; cel spłaszczony do adresu kanonicznego,SZKIC — potwierdzić użycie na starej stronie i zatwierdzić przed wdrożeniem
https://hornigold.pl/it/lokalizacja/,https://hornigold.pl/it/posizione/,301,Alias obecny w site/it/lokalizacja/index.html; cel spłaszczony do adresu kanonicznego,SZKIC — potwierdzić użycie na starej stronie i zatwierdzić przed wdrożeniem
https://hornigold.pl/it/lotniska,https://hornigold.pl/it/aeroporti/,301,Alias obecny w site/it/lotniska/index.html; cel spłaszczony do adresu kanonicznego,SZKIC — potwierdzić użycie na starej stronie i zatwierdzić przed wdrożeniem
https://hornigold.pl/it/lotniska/,https://hornigold.pl/it/aeroporti/,301,Alias obecny w site/it/lotniska/index.html; cel spłaszczony do adresu kanonicznego,SZKIC — potwierdzić użycie na starej stronie i zatwierdzić przed wdrożeniem
https://hornigold.pl/it/lotniska/balice,https://hornigold.pl/it/aeroporti/balice/,301,Alias obecny w site/it/lotniska/balice/index.html; cel spłaszczony do adresu kanonicznego,SZKIC — potwierdzić użycie na starej stronie i zatwierdzić przed wdrożeniem
https://hornigold.pl/it/lotniska/balice/,https://hornigold.pl/it/aeroporti/balice/,301,Alias obecny w site/it/lotniska/balice/index.html; cel spłaszczony do adresu kanonicznego,SZKIC — potwierdzić użycie na starej stronie i zatwierdzić przed wdrożeniem
https://hornigold.pl/it/lotniska/pyrzowice,https://hornigold.pl/it/aeroporti/pyrzowice/,301,Alias obecny w site/it/lotniska/pyrzowice/index.html; cel spłaszczony do adresu kanonicznego,SZKIC — potwierdzić użycie na starej stronie i zatwierdzić przed wdrożeniem
https://hornigold.pl/it/lotniska/pyrzowice/,https://hornigold.pl/it/aeroporti/pyrzowice/,301,Alias obecny w site/it/lotniska/pyrzowice/index.html; cel spłaszczony do adresu kanonicznego,SZKIC — potwierdzić użycie na starej stronie i zatwierdzić przed wdrożeniem
https://hornigold.pl/it/miasto-i-okolice,https://hornigold.pl/it/citta-e-dintorni/,301,Alias obecny w site/it/miasto-i-okolice/index.html; cel spłaszczony do adresu kanonicznego,SZKIC — potwierdzić użycie na starej stronie i zatwierdzić przed wdrożeniem
https://hornigold.pl/it/miasto-i-okolice/,https://hornigold.pl/it/citta-e-dintorni/,301,Alias obecny w site/it/miasto-i-okolice/index.html; cel spłaszczony do adresu kanonicznego,SZKIC — potwierdzić użycie na starej stronie i zatwierdzić przed wdrożeniem
https://hornigold.pl/it/miasto-i-okolice/auschwitz-birkenau,https://hornigold.pl/it/citta-e-dintorni/auschwitz-birkenau/,301,Alias obecny w site/it/miasto-i-okolice/auschwitz-birkenau/index.html; cel spłaszczony do adresu kanonicznego,SZKIC — potwierdzić użycie na starej stronie i zatwierdzić przed wdrożeniem
https://hornigold.pl/it/miasto-i-okolice/auschwitz-birkenau/,https://hornigold.pl/it/citta-e-dintorni/auschwitz-birkenau/,301,Alias obecny w site/it/miasto-i-okolice/auschwitz-birkenau/index.html; cel spłaszczony do adresu kanonicznego,SZKIC — potwierdzić użycie na starej stronie i zatwierdzić przed wdrożeniem
https://hornigold.pl/it/miasto-i-okolice/bedzin-i-jura,https://hornigold.pl/it/citta-e-dintorni/bedzin-e-la-jura-castelli-confini-e-paesaggio/,301,Alias obecny w site/it/miasto-i-okolice/bedzin-i-jura/index.html; cel spłaszczony do adresu kanonicznego,SZKIC — potwierdzić użycie na starej stronie i zatwierdzić przed wdrożeniem
https://hornigold.pl/it/miasto-i-okolice/bedzin-i-jura/,https://hornigold.pl/it/citta-e-dintorni/bedzin-e-la-jura-castelli-confini-e-paesaggio/,301,Alias obecny w site/it/miasto-i-okolice/bedzin-i-jura/index.html; cel spłaszczony do adresu kanonicznego,SZKIC — potwierdzić użycie na starej stronie i zatwierdzić przed wdrożeniem
https://hornigold.pl/it/miasto-i-okolice/cieszyn,https://hornigold.pl/it/citta-e-dintorni/cieszyn/,301,Alias obecny w site/it/miasto-i-okolice/cieszyn/index.html; cel spłaszczony do adresu kanonicznego,SZKIC — potwierdzić użycie na starej stronie i zatwierdzić przed wdrożeniem
https://hornigold.pl/it/miasto-i-okolice/cieszyn/,https://hornigold.pl/it/citta-e-dintorni/cieszyn/,301,Alias obecny w site/it/miasto-i-okolice/cieszyn/index.html; cel spłaszczony do adresu kanonicznego,SZKIC — potwierdzić użycie na starej stronie i zatwierdzić przed wdrożeniem
https://hornigold.pl/it/miasto-i-okolice/dziedzictwo-zydowskie,https://hornigold.pl/it/citta-e-dintorni/patrimonio-ebraico-persone-luoghi-e-assenze/,301,Alias obecny w site/it/miasto-i-okolice/dziedzictwo-zydowskie/index.html; cel spłaszczony do adresu kanonicznego,SZKIC — potwierdzić użycie na starej stronie i zatwierdzić przed wdrożeniem
https://hornigold.pl/it/miasto-i-okolice/dziedzictwo-zydowskie/,https://hornigold.pl/it/citta-e-dintorni/patrimonio-ebraico-persone-luoghi-e-assenze/,301,Alias obecny w site/it/miasto-i-okolice/dziedzictwo-zydowskie/index.html; cel spłaszczony do adresu kanonicznego,SZKIC — potwierdzić użycie na starej stronie i zatwierdzić przed wdrożeniem
https://hornigold.pl/it/miasto-i-okolice/gastronomia,https://hornigold.pl/it/citta-e-dintorni/mangiare-a-katowice/,301,Alias obecny w site/it/miasto-i-okolice/gastronomia/index.html; cel spłaszczony do adresu kanonicznego,SZKIC — potwierdzić użycie na starej stronie i zatwierdzić przed wdrożeniem
https://hornigold.pl/it/miasto-i-okolice/gastronomia/,https://hornigold.pl/it/citta-e-dintorni/mangiare-a-katowice/,301,Alias obecny w site/it/miasto-i-okolice/gastronomia/index.html; cel spłaszczony do adresu kanonicznego,SZKIC — potwierdzić użycie na starej stronie i zatwierdzić przed wdrożeniem
https://hornigold.pl/it/miasto-i-okolice/giszowiec,https://hornigold.pl/it/citta-e-dintorni/giszowiec/,301,Alias obecny w site/it/miasto-i-okolice/giszowiec/index.html; cel spłaszczony do adresu kanonicznego,SZKIC — potwierdzić użycie na starej stronie i zatwierdzić przed wdrożeniem
https://hornigold.pl/it/miasto-i-okolice/giszowiec/,https://hornigold.pl/it/citta-e-dintorni/giszowiec/,301,Alias obecny w site/it/miasto-i-okolice/giszowiec/index.html; cel spłaszczony do adresu kanonicznego,SZKIC — potwierdzić użycie na starej stronie i zatwierdzić przed wdrożeniem
https://hornigold.pl/it/miasto-i-okolice/gliwice-radiostacja,https://hornigold.pl/it/citta-e-dintorni/gliwice-la-stazione-radio-e-la-storia-della-propaganda/,301,Alias obecny w site/it/miasto-i-okolice/gliwice-radiostacja/index.html; cel spłaszczony do adresu kanonicznego,SZKIC — potwierdzić użycie na starej stronie i zatwierdzić przed wdrożeniem
https://hornigold.pl/it/miasto-i-okolice/gliwice-radiostacja/,https://hornigold.pl/it/citta-e-dintorni/gliwice-la-stazione-radio-e-la-storia-della-propaganda/,301,Alias obecny w site/it/miasto-i-okolice/gliwice-radiostacja/index.html; cel spłaszczony do adresu kanonicznego,SZKIC — potwierdzić użycie na starej stronie i zatwierdzić przed wdrożeniem
https://hornigold.pl/it/miasto-i-okolice/historia-katowic,https://hornigold.pl/it/citta-e-dintorni/la-storia-di-katowice-una-citta-in-movimento/,301,Alias obecny w site/it/miasto-i-okolice/historia-katowic/index.html; cel spłaszczony do adresu kanonicznego,SZKIC — potwierdzić użycie na starej stronie i zatwierdzić przed wdrożeniem
https://hornigold.pl/it/miasto-i-okolice/historia-katowic/,https://hornigold.pl/it/citta-e-dintorni/la-storia-di-katowice-una-citta-in-movimento/,301,Alias obecny w site/it/miasto-i-okolice/historia-katowic/index.html; cel spłaszczony do adresu kanonicznego,SZKIC — potwierdzić użycie na starej stronie i zatwierdzić przed wdrożeniem
https://hornigold.pl/it/miasto-i-okolice/historia-slaska,https://hornigold.pl/it/citta-e-dintorni/slesia-molte-voci-una-regione/,301,Alias obecny w site/it/miasto-i-okolice/historia-slaska/index.html; cel spłaszczony do adresu kanonicznego,SZKIC — potwierdzić użycie na starej stronie i zatwierdzić przed wdrożeniem
https://hornigold.pl/it/miasto-i-okolice/historia-slaska/,https://hornigold.pl/it/citta-e-dintorni/slesia-molte-voci-una-regione/,301,Alias obecny w site/it/miasto-i-okolice/historia-slaska/index.html; cel spłaszczony do adresu kanonicznego,SZKIC — potwierdzić użycie na starej stronie i zatwierdzić przed wdrożeniem
https://hornigold.pl/it/miasto-i-okolice/ilustracje,https://hornigold.pl/it/citta-e-dintorni/katowice-e-la-slesia-nelle-illustrazioni/,301,Alias obecny w site/it/miasto-i-okolice/ilustracje/index.html; cel spłaszczony do adresu kanonicznego,SZKIC — potwierdzić użycie na starej stronie i zatwierdzić przed wdrożeniem
https://hornigold.pl/it/miasto-i-okolice/ilustracje/,https://hornigold.pl/it/citta-e-dintorni/katowice-e-la-slesia-nelle-illustrazioni/,301,Alias obecny w site/it/miasto-i-okolice/ilustracje/index.html; cel spłaszczony do adresu kanonicznego,SZKIC — potwierdzić użycie na starej stronie i zatwierdzić przed wdrożeniem
https://hornigold.pl/it/miasto-i-okolice/ilustracje/archikatedra,https://hornigold.pl/it/citta-e-dintorni/illustrazioni/larcicattedrale-luce-e-pietra/,301,Alias obecny w site/it/miasto-i-okolice/ilustracje/archikatedra/index.html; cel spłaszczony do adresu kanonicznego,SZKIC — potwierdzić użycie na starej stronie i zatwierdzić przed wdrożeniem
https://hornigold.pl/it/miasto-i-okolice/ilustracje/archikatedra/,https://hornigold.pl/it/citta-e-dintorni/illustrazioni/larcicattedrale-luce-e-pietra/,301,Alias obecny w site/it/miasto-i-okolice/ilustracje/archikatedra/index.html; cel spłaszczony do adresu kanonicznego,SZKIC — potwierdzić użycie na starej stronie i zatwierdzić przed wdrożeniem
https://hornigold.pl/it/miasto-i-okolice/ilustracje/arkady,https://hornigold.pl/it/citta-e-dintorni/illustrazioni/sotto-i-portici-della-citta/,301,Alias obecny w site/it/miasto-i-okolice/ilustracje/arkady/index.html; cel spłaszczony do adresu kanonicznego,SZKIC — potwierdzić użycie na starej stronie i zatwierdzić przed wdrożeniem
https://hornigold.pl/it/miasto-i-okolice/ilustracje/arkady/,https://hornigold.pl/it/citta-e-dintorni/illustrazioni/sotto-i-portici-della-citta/,301,Alias obecny w site/it/miasto-i-okolice/ilustracje/arkady/index.html; cel spłaszczony do adresu kanonicznego,SZKIC — potwierdzić użycie na starej stronie i zatwierdzić przed wdrożeniem
https://hornigold.pl/it/miasto-i-okolice/ilustracje/ceglane-podworze,https://hornigold.pl/it/citta-e-dintorni/illustrazioni/un-cortile-in-mattoni/,301,Alias obecny w site/it/miasto-i-okolice/ilustracje/ceglane-podworze/index.html; cel spłaszczony do adresu kanonicznego,SZKIC — potwierdzić użycie na starej stronie i zatwierdzić przed wdrożeniem
https://hornigold.pl/it/miasto-i-okolice/ilustracje/ceglane-podworze/,https://hornigold.pl/it/citta-e-dintorni/illustrazioni/un-cortile-in-mattoni/,301,Alias obecny w site/it/miasto-i-okolice/ilustracje/ceglane-podworze/index.html; cel spłaszczony do adresu kanonicznego,SZKIC — potwierdzić użycie na starej stronie i zatwierdzić przed wdrożeniem
https://hornigold.pl/it/miasto-i-okolice/ilustracje/dziedziniec-sztuki,https://hornigold.pl/it/citta-e-dintorni/illustrazioni/un-cortile-per-larte/,301,Alias obecny w site/it/miasto-i-okolice/ilustracje/dziedziniec-sztuki/index.html; cel spłaszczony do adresu kanonicznego,SZKIC — potwierdzić użycie na starej stronie i zatwierdzić przed wdrożeniem
https://hornigold.pl/it/miasto-i-okolice/ilustracje/dziedziniec-sztuki/,https://hornigold.pl/it/citta-e-dintorni/illustrazioni/un-cortile-per-larte/,301,Alias obecny w site/it/miasto-i-okolice/ilustracje/dziedziniec-sztuki/index.html; cel spłaszczony do adresu kanonicznego,SZKIC — potwierdzić użycie na starej stronie i zatwierdzić przed wdrożeniem
https://hornigold.pl/it/miasto-i-okolice/ilustracje/giszowiec-ogrod,https://hornigold.pl/it/citta-e-dintorni/illustrazioni/giszowiec-lidea-della-citta-giardino/,301,Alias obecny w site/it/miasto-i-okolice/ilustracje/giszowiec-ogrod/index.html; cel spłaszczony do adresu kanonicznego,SZKIC — potwierdzić użycie na starej stronie i zatwierdzić przed wdrożeniem
https://hornigold.pl/it/miasto-i-okolice/ilustracje/giszowiec-ogrod/,https://hornigold.pl/it/citta-e-dintorni/illustrazioni/giszowiec-lidea-della-citta-giardino/,301,Alias obecny w site/it/miasto-i-okolice/ilustracje/giszowiec-ogrod/index.html; cel spłaszczony do adresu kanonicznego,SZKIC — potwierdzić użycie na starej stronie i zatwierdzić przed wdrożeniem
https://hornigold.pl/it/miasto-i-okolice/ilustracje/hala-dworcowa,https://hornigold.pl/it/citta-e-dintorni/illustrazioni/un-viaggio-comincia-nellatrio/,301,Alias obecny w site/it/miasto-i-okolice/ilustracje/hala-dworcowa/index.html; cel spłaszczony do adresu kanonicznego,SZKIC — potwierdzić użycie na starej stronie i zatwierdzić przed wdrożeniem
https://hornigold.pl/it/miasto-i-okolice/ilustracje/hala-dworcowa/,https://hornigold.pl/it/citta-e-dintorni/illustrazioni/un-viaggio-comincia-nellatrio/,301,Alias obecny w site/it/miasto-i-okolice/ilustracje/hala-dworcowa/index.html; cel spłaszczony do adresu kanonicznego,SZKIC — potwierdzić użycie na starej stronie i zatwierdzić przed wdrożeniem
https://hornigold.pl/it/miasto-i-okolice/ilustracje/industrialna-zielen,https://hornigold.pl/it/citta-e-dintorni/illustrazioni/industria-e-ritorno-del-verde/,301,Alias obecny w site/it/miasto-i-okolice/ilustracje/industrialna-zielen/index.html; cel spłaszczony do adresu kanonicznego,SZKIC — potwierdzić użycie na starej stronie i zatwierdzić przed wdrożeniem
https://hornigold.pl/it/miasto-i-okolice/ilustracje/industrialna-zielen/,https://hornigold.pl/it/citta-e-dintorni/illustrazioni/industria-e-ritorno-del-verde/,301,Alias obecny w site/it/miasto-i-okolice/ilustracje/industrialna-zielen/index.html; cel spłaszczony do adresu kanonicznego,SZKIC — potwierdzić użycie na starej stronie i zatwierdzić przed wdrożeniem
https://hornigold.pl/it/miasto-i-okolice/ilustracje/kino-art-deco,https://hornigold.pl/it/citta-e-dintorni/illustrazioni/cinema-tra-le-luci-della-citta/,301,Alias obecny w site/it/miasto-i-okolice/ilustracje/kino-art-deco/index.html; cel spłaszczony do adresu kanonicznego,SZKIC — potwierdzić użycie na starej stronie i zatwierdzić przed wdrożeniem
https://hornigold.pl/it/miasto-i-okolice/ilustracje/kino-art-deco/,https://hornigold.pl/it/citta-e-dintorni/illustrazioni/cinema-tra-le-luci-della-citta/,301,Alias obecny w site/it/miasto-i-okolice/ilustracje/kino-art-deco/index.html; cel spłaszczony do adresu kanonicznego,SZKIC — potwierdzić użycie na starej stronie i zatwierdzić przed wdrożeniem
https://hornigold.pl/it/miasto-i-okolice/ilustracje/kosciol-mariacki,https://hornigold.pl/it/citta-e-dintorni/illustrazioni/la-chiesa-di-santa-maria-un-ritmo-gotico/,301,Alias obecny w site/it/miasto-i-okolice/ilustracje/kosciol-mariacki/index.html; cel spłaszczony do adresu kanonicznego,SZKIC — potwierdzić użycie na starej stronie i zatwierdzić przed wdrożeniem
https://hornigold.pl/it/miasto-i-okolice/ilustracje/kosciol-mariacki/,https://hornigold.pl/it/citta-e-dintorni/illustrazioni/la-chiesa-di-santa-maria-un-ritmo-gotico/,301,Alias obecny w site/it/miasto-i-okolice/ilustracje/kosciol-mariacki/index.html; cel spłaszczony do adresu kanonicznego,SZKIC — potwierdzić użycie na starej stronie i zatwierdzić przed wdrożeniem
https://hornigold.pl/it/miasto-i-okolice/ilustracje/kultura-po-zmroku,https://hornigold.pl/it/citta-e-dintorni/illustrazioni/cultura-dopo-il-tramonto/,301,Alias obecny w site/it/miasto-i-okolice/ilustracje/kultura-po-zmroku/index.html; cel spłaszczony do adresu kanonicznego,SZKIC — potwierdzić użycie na starej stronie i zatwierdzić przed wdrożeniem
https://hornigold.pl/it/miasto-i-okolice/ilustracje/kultura-po-zmroku/,https://hornigold.pl/it/citta-e-dintorni/illustrazioni/cultura-dopo-il-tramonto/,301,Alias obecny w site/it/miasto-i-okolice/ilustracje/kultura-po-zmroku/index.html; cel spłaszczony do adresu kanonicznego,SZKIC — potwierdzić użycie na starej stronie i zatwierdzić przed wdrożeniem
https://hornigold.pl/it/miasto-i-okolice/ilustracje/kultura-zachod,https://hornigold.pl/it/citta-e-dintorni/illustrazioni/un-quartiere-culturale-al-tramonto/,301,Alias obecny w site/it/miasto-i-okolice/ilustracje/kultura-zachod/index.html; cel spłaszczony do adresu kanonicznego,SZKIC — potwierdzić użycie na starej stronie i zatwierdzić przed wdrożeniem
https://hornigold.pl/it/miasto-i-okolice/ilustracje/kultura-zachod/,https://hornigold.pl/it/citta-e-dintorni/illustrazioni/un-quartiere-culturale-al-tramonto/,301,Alias obecny w site/it/miasto-i-okolice/ilustracje/kultura-zachod/index.html; cel spłaszczony do adresu kanonicznego,SZKIC — potwierdzić użycie na starej stronie i zatwierdzić przed wdrożeniem
https://hornigold.pl/it/miasto-i-okolice/ilustracje/mck,https://hornigold.pl/it/citta-e-dintorni/illustrazioni/mck-architettura-per-incontrarsi/,301,Alias obecny w site/it/miasto-i-okolice/ilustracje/mck/index.html; cel spłaszczony do adresu kanonicznego,SZKIC — potwierdzić użycie na starej stronie i zatwierdzić przed wdrożeniem
https://hornigold.pl/it/miasto-i-okolice/ilustracje/mck/,https://hornigold.pl/it/citta-e-dintorni/illustrazioni/mck-architettura-per-incontrarsi/,301,Alias obecny w site/it/miasto-i-okolice/ilustracje/mck/index.html; cel spłaszczony do adresu kanonicznego,SZKIC — potwierdzić użycie na starej stronie i zatwierdzić przed wdrożeniem
https://hornigold.pl/it/miasto-i-okolice/ilustracje/modernizm,https://hornigold.pl/it/citta-e-dintorni/illustrazioni/il-percorso-del-modernismo-una-citta-di-forme-nuove/,301,Alias obecny w site/it/miasto-i-okolice/ilustracje/modernizm/index.html; cel spłaszczony do adresu kanonicznego,SZKIC — potwierdzić użycie na starej stronie i zatwierdzić przed wdrożeniem
https://hornigold.pl/it/miasto-i-okolice/ilustracje/modernizm/,https://hornigold.pl/it/citta-e-dintorni/illustrazioni/il-percorso-del-modernismo-una-citta-di-forme-nuove/,301,Alias obecny w site/it/miasto-i-okolice/ilustracje/modernizm/index.html; cel spłaszczony do adresu kanonicznego,SZKIC — potwierdzić użycie na starej stronie i zatwierdzić przed wdrożeniem
https://hornigold.pl/it/miasto-i-okolice/ilustracje/muzeum-slaskie,https://hornigold.pl/it/citta-e-dintorni/illustrazioni/museo-della-slesia-la-nuova-vita-di-una-miniera/,301,Alias obecny w site/it/miasto-i-okolice/ilustracje/muzeum-slaskie/index.html; cel spłaszczony do adresu kanonicznego,SZKIC — potwierdzić użycie na starej stronie i zatwierdzić przed wdrożeniem
https://hornigold.pl/it/miasto-i-okolice/ilustracje/muzeum-slaskie/,https://hornigold.pl/it/citta-e-dintorni/illustrazioni/museo-della-slesia-la-nuova-vita-di-una-miniera/,301,Alias obecny w site/it/miasto-i-okolice/ilustracje/muzeum-slaskie/index.html; cel spłaszczony do adresu kanonicznego,SZKIC — potwierdzić użycie na starej stronie i zatwierdzić przed wdrożeniem
https://hornigold.pl/it/miasto-i-okolice/ilustracje/nikiszowiec-cegla,https://hornigold.pl/it/citta-e-dintorni/illustrazioni/nikiszowiec-storie-in-mattoni-rossi/,301,Alias obecny w site/it/miasto-i-okolice/ilustracje/nikiszowiec-cegla/index.html; cel spłaszczony do adresu kanonicznego,SZKIC — potwierdzić użycie na starej stronie i zatwierdzić przed wdrożeniem
https://hornigold.pl/it/miasto-i-okolice/ilustracje/nikiszowiec-cegla/,https://hornigold.pl/it/citta-e-dintorni/illustrazioni/nikiszowiec-storie-in-mattoni-rossi/,301,Alias obecny w site/it/miasto-i-okolice/ilustracje/nikiszowiec-cegla/index.html; cel spłaszczony do adresu kanonicznego,SZKIC — potwierdzić użycie na starej stronie i zatwierdzić przed wdrożeniem
https://hornigold.pl/it/miasto-i-okolice/ilustracje/nospr,https://hornigold.pl/it/citta-e-dintorni/illustrazioni/nospr-una-citta-di-musica/,301,Alias obecny w site/it/miasto-i-okolice/ilustracje/nospr/index.html; cel spłaszczony do adresu kanonicznego,SZKIC — potwierdzić użycie na starej stronie i zatwierdzić przed wdrożeniem
https://hornigold.pl/it/miasto-i-okolice/ilustracje/nospr/,https://hornigold.pl/it/citta-e-dintorni/illustrazioni/nospr-una-citta-di-musica/,301,Alias obecny w site/it/miasto-i-okolice/ilustracje/nospr/index.html; cel spłaszczony do adresu kanonicznego,SZKIC — potwierdzić użycie na starej stronie i zatwierdzić przed wdrożeniem
https://hornigold.pl/it/miasto-i-okolice/ilustracje/opera-wyobrazona,https://hornigold.pl/it/citta-e-dintorni/illustrazioni/una-serata-allopera/,301,Alias obecny w site/it/miasto-i-okolice/ilustracje/opera-wyobrazona/index.html; cel spłaszczony do adresu kanonicznego,SZKIC — potwierdzić użycie na starej stronie i zatwierdzić przed wdrożeniem
https://hornigold.pl/it/miasto-i-okolice/ilustracje/opera-wyobrazona/,https://hornigold.pl/it/citta-e-dintorni/illustrazioni/una-serata-allopera/,301,Alias obecny w site/it/miasto-i-okolice/ilustracje/opera-wyobrazona/index.html; cel spłaszczony do adresu kanonicznego,SZKIC — potwierdzić użycie na starej stronie i zatwierdzić przed wdrożeniem
https://hornigold.pl/it/miasto-i-okolice/ilustracje/panorama-regionu,https://hornigold.pl/it/citta-e-dintorni/illustrazioni/slesia-un-panorama-immaginato/,301,Alias obecny w site/it/miasto-i-okolice/ilustracje/panorama-regionu/index.html; cel spłaszczony do adresu kanonicznego,SZKIC — potwierdzić użycie na starej stronie i zatwierdzić przed wdrożeniem
https://hornigold.pl/it/miasto-i-okolice/ilustracje/panorama-regionu/,https://hornigold.pl/it/citta-e-dintorni/illustrazioni/slesia-un-panorama-immaginato/,301,Alias obecny w site/it/miasto-i-okolice/ilustracje/panorama-regionu/index.html; cel spłaszczony do adresu kanonicznego,SZKIC — potwierdzić użycie na starej stronie i zatwierdzić przed wdrożeniem
https://hornigold.pl/it/miasto-i-okolice/ilustracje/park-kosciuszki,https://hornigold.pl/it/citta-e-dintorni/illustrazioni/parco-kosciuszko-spazio-per-respirare/,301,Alias obecny w site/it/miasto-i-okolice/ilustracje/park-kosciuszki/index.html; cel spłaszczony do adresu kanonicznego,SZKIC — potwierdzić użycie na starej stronie i zatwierdzić przed wdrożeniem
https://hornigold.pl/it/miasto-i-okolice/ilustracje/park-kosciuszki/,https://hornigold.pl/it/citta-e-dintorni/illustrazioni/parco-kosciuszko-spazio-per-respirare/,301,Alias obecny w site/it/miasto-i-okolice/ilustracje/park-kosciuszki/index.html; cel spłaszczony do adresu kanonicznego,SZKIC — potwierdzić użycie na starej stronie i zatwierdzić przed wdrożeniem
https://hornigold.pl/it/miasto-i-okolice/ilustracje/park-nad-stawem,https://hornigold.pl/it/citta-e-dintorni/illustrazioni/un-parco-vicino-allo-stagno/,301,Alias obecny w site/it/miasto-i-okolice/ilustracje/park-nad-stawem/index.html; cel spłaszczony do adresu kanonicznego,SZKIC — potwierdzić użycie na starej stronie i zatwierdzić przed wdrożeniem
https://hornigold.pl/it/miasto-i-okolice/ilustracje/park-nad-stawem/,https://hornigold.pl/it/citta-e-dintorni/illustrazioni/un-parco-vicino-allo-stagno/,301,Alias obecny w site/it/miasto-i-okolice/ilustracje/park-nad-stawem/index.html; cel spłaszczony do adresu kanonicznego,SZKIC — potwierdzić użycie na starej stronie i zatwierdzić przed wdrożeniem
https://hornigold.pl/it/miasto-i-okolice/ilustracje/porcelana,https://hornigold.pl/it/citta-e-dintorni/illustrazioni/la-fabbrica-della-porcellana-industria-e-artigianato/,301,Alias obecny w site/it/miasto-i-okolice/ilustracje/porcelana/index.html; cel spłaszczony do adresu kanonicznego,SZKIC — potwierdzić użycie na starej stronie i zatwierdzić przed wdrożeniem
https://hornigold.pl/it/miasto-i-okolice/ilustracje/porcelana/,https://hornigold.pl/it/citta-e-dintorni/illustrazioni/la-fabbrica-della-porcellana-industria-e-artigianato/,301,Alias obecny w site/it/miasto-i-okolice/ilustracje/porcelana/index.html; cel spłaszczony do adresu kanonicznego,SZKIC — potwierdzić użycie na starej stronie i zatwierdzić przed wdrożeniem
https://hornigold.pl/it/miasto-i-okolice/ilustracje/przed-koncertem,https://hornigold.pl/it/citta-e-dintorni/illustrazioni/un-momento-prima-del-concerto/,301,Alias obecny w site/it/miasto-i-okolice/ilustracje/przed-koncertem/index.html; cel spłaszczony do adresu kanonicznego,SZKIC — potwierdzić użycie na starej stronie i zatwierdzić przed wdrożeniem
https://hornigold.pl/it/miasto-i-okolice/ilustracje/przed-koncertem/,https://hornigold.pl/it/citta-e-dintorni/illustrazioni/un-momento-prima-del-concerto/,301,Alias obecny w site/it/miasto-i-okolice/ilustracje/przed-koncertem/index.html; cel spłaszczony do adresu kanonicznego,SZKIC — potwierdzić użycie na starej stronie i zatwierdzić przed wdrożeniem
https://hornigold.pl/it/miasto-i-okolice/ilustracje/sakralne-wieze,https://hornigold.pl/it/citta-e-dintorni/illustrazioni/torri-e-silenzio/,301,Alias obecny w site/it/miasto-i-okolice/ilustracje/sakralne-wieze/index.html; cel spłaszczony do adresu kanonicznego,SZKIC — potwierdzić użycie na starej stronie i zatwierdzić przed wdrożeniem
https://hornigold.pl/it/miasto-i-okolice/ilustracje/sakralne-wieze/,https://hornigold.pl/it/citta-e-dintorni/illustrazioni/torri-e-silenzio/,301,Alias obecny w site/it/miasto-i-okolice/ilustracje/sakralne-wieze/index.html; cel spłaszczony do adresu kanonicznego,SZKIC — potwierdzić użycie na starej stronie i zatwierdzić przed wdrożeniem
https://hornigold.pl/it/miasto-i-okolice/ilustracje/sala-nad-woda,https://hornigold.pl/it/citta-e-dintorni/illustrazioni/musica-sullacqua/,301,Alias obecny w site/it/miasto-i-okolice/ilustracje/sala-nad-woda/index.html; cel spłaszczony do adresu kanonicznego,SZKIC — potwierdzić użycie na starej stronie i zatwierdzić przed wdrożeniem
https://hornigold.pl/it/miasto-i-okolice/ilustracje/sala-nad-woda/,https://hornigold.pl/it/citta-e-dintorni/illustrazioni/musica-sullacqua/,301,Alias obecny w site/it/miasto-i-okolice/ilustracje/sala-nad-woda/index.html; cel spłaszczony do adresu kanonicznego,SZKIC — potwierdzić użycie na starej stronie i zatwierdzić przed wdrożeniem
https://hornigold.pl/it/miasto-i-okolice/ilustracje/spodek,https://hornigold.pl/it/citta-e-dintorni/illustrazioni/spodek-uninterpretazione/,301,Alias obecny w site/it/miasto-i-okolice/ilustracje/spodek/index.html; cel spłaszczony do adresu kanonicznego,SZKIC — potwierdzić użycie na starej stronie i zatwierdzić przed wdrożeniem
https://hornigold.pl/it/miasto-i-okolice/ilustracje/spodek/,https://hornigold.pl/it/citta-e-dintorni/illustrazioni/spodek-uninterpretazione/,301,Alias obecny w site/it/miasto-i-okolice/ilustracje/spodek/index.html; cel spłaszczony do adresu kanonicznego,SZKIC — potwierdzić użycie na starej stronie i zatwierdzić przed wdrożeniem
https://hornigold.pl/it/miasto-i-okolice/ilustracje/teatr-slaski,https://hornigold.pl/it/citta-e-dintorni/illustrazioni/teatro-della-slesia-una-serata-sulla-piazza/,301,Alias obecny w site/it/miasto-i-okolice/ilustracje/teatr-slaski/index.html; cel spłaszczony do adresu kanonicznego,SZKIC — potwierdzić użycie na starej stronie i zatwierdzić przed wdrożeniem
https://hornigold.pl/it/miasto-i-okolice/ilustracje/teatr-slaski/,https://hornigold.pl/it/citta-e-dintorni/illustrazioni/teatro-della-slesia-una-serata-sulla-piazza/,301,Alias obecny w site/it/miasto-i-okolice/ilustracje/teatr-slaski/index.html; cel spłaszczony do adresu kanonicznego,SZKIC — potwierdzić użycie na starej stronie i zatwierdzić przed wdrożeniem
https://hornigold.pl/it/miasto-i-okolice/ilustracje/teatralne-schody,https://hornigold.pl/it/citta-e-dintorni/illustrazioni/i-gradini-verso-il-teatro/,301,Alias obecny w site/it/miasto-i-okolice/ilustracje/teatralne-schody/index.html; cel spłaszczony do adresu kanonicznego,SZKIC — potwierdzić użycie na starej stronie i zatwierdzić przed wdrożeniem
https://hornigold.pl/it/miasto-i-okolice/ilustracje/teatralne-schody/,https://hornigold.pl/it/citta-e-dintorni/illustrazioni/i-gradini-verso-il-teatro/,301,Alias obecny w site/it/miasto-i-okolice/ilustracje/teatralne-schody/index.html; cel spłaszczony do adresu kanonicznego,SZKIC — potwierdzić użycie na starej stronie i zatwierdzić przed wdrożeniem
https://hornigold.pl/it/miasto-i-okolice/ilustracje/tramwaj-poranek,https://hornigold.pl/it/citta-e-dintorni/illustrazioni/mattino-sui-binari/,301,Alias obecny w site/it/miasto-i-okolice/ilustracje/tramwaj-poranek/index.html; cel spłaszczony do adresu kanonicznego,SZKIC — potwierdzić użycie na starej stronie i zatwierdzić przed wdrożeniem
https://hornigold.pl/it/miasto-i-okolice/ilustracje/tramwaj-poranek/,https://hornigold.pl/it/citta-e-dintorni/illustrazioni/mattino-sui-binari/,301,Alias obecny w site/it/miasto-i-okolice/ilustracje/tramwaj-poranek/index.html; cel spłaszczony do adresu kanonicznego,SZKIC — potwierdzić użycie na starej stronie i zatwierdzić przed wdrożeniem
https://hornigold.pl/it/miasto-i-okolice/ilustracje/tramwaj-wieczor,https://hornigold.pl/it/citta-e-dintorni/illustrazioni/un-tram-nellora-blu/,301,Alias obecny w site/it/miasto-i-okolice/ilustracje/tramwaj-wieczor/index.html; cel spłaszczony do adresu kanonicznego,SZKIC — potwierdzić użycie na starej stronie i zatwierdzić przed wdrożeniem
https://hornigold.pl/it/miasto-i-okolice/ilustracje/tramwaj-wieczor/,https://hornigold.pl/it/citta-e-dintorni/illustrazioni/un-tram-nellora-blu/,301,Alias obecny w site/it/miasto-i-okolice/ilustracje/tramwaj-wieczor/index.html; cel spłaszczony do adresu kanonicznego,SZKIC — potwierdzić użycie na starej stronie i zatwierdzić przed wdrożeniem
https://hornigold.pl/it/miasto-i-okolice/ilustracje/ulica-moderny,https://hornigold.pl/it/citta-e-dintorni/illustrazioni/una-strada-modernista/,301,Alias obecny w site/it/miasto-i-okolice/ilustracje/ulica-moderny/index.html; cel spłaszczony do adresu kanonicznego,SZKIC — potwierdzić użycie na starej stronie i zatwierdzić przed wdrożeniem
https://hornigold.pl/it/miasto-i-okolice/ilustracje/ulica-moderny/,https://hornigold.pl/it/citta-e-dintorni/illustrazioni/una-strada-modernista/,301,Alias obecny w site/it/miasto-i-okolice/ilustracje/ulica-moderny/index.html; cel spłaszczony do adresu kanonicznego,SZKIC — potwierdzić użycie na starej stronie i zatwierdzić przed wdrożeniem
https://hornigold.pl/it/miasto-i-okolice/ilustracje/wieza-wodna,https://hornigold.pl/it/citta-e-dintorni/illustrazioni/la-torre-dellacqua-una-traccia-delle-infrastrutture/,301,Alias obecny w site/it/miasto-i-okolice/ilustracje/wieza-wodna/index.html; cel spłaszczony do adresu kanonicznego,SZKIC — potwierdzić użycie na starej stronie i zatwierdzić przed wdrożeniem
https://hornigold.pl/it/miasto-i-okolice/ilustracje/wieza-wodna/,https://hornigold.pl/it/citta-e-dintorni/illustrazioni/la-torre-dellacqua-una-traccia-delle-infrastrutture/,301,Alias obecny w site/it/miasto-i-okolice/ilustracje/wieza-wodna/index.html; cel spłaszczony do adresu kanonicznego,SZKIC — potwierdzić użycie na starej stronie i zatwierdzić przed wdrożeniem
https://hornigold.pl/it/miasto-i-okolice/ilustracje/zielony-korytarz,https://hornigold.pl/it/citta-e-dintorni/illustrazioni/il-corridoio-verde-della-citta/,301,Alias obecny w site/it/miasto-i-okolice/ilustracje/zielony-korytarz/index.html; cel spłaszczony do adresu kanonicznego,SZKIC — potwierdzić użycie na starej stronie i zatwierdzić przed wdrożeniem
https://hornigold.pl/it/miasto-i-okolice/ilustracje/zielony-korytarz/,https://hornigold.pl/it/citta-e-dintorni/illustrazioni/il-corridoio-verde-della-citta/,301,Alias obecny w site/it/miasto-i-okolice/ilustracje/zielony-korytarz/index.html; cel spłaszczony do adresu kanonicznego,SZKIC — potwierdzić użycie na starej stronie i zatwierdzić przed wdrożeniem
https://hornigold.pl/it/miasto-i-okolice/katalog-zabytkow,https://hornigold.pl/it/citta-e-dintorni/patrimonio-e-itinerari-continua-a-esplorare/,301,Alias obecny w site/it/miasto-i-okolice/katalog-zabytkow/index.html; cel spłaszczony do adresu kanonicznego,SZKIC — potwierdzić użycie na starej stronie i zatwierdzić przed wdrożeniem
https://hornigold.pl/it/miasto-i-okolice/katalog-zabytkow/,https://hornigold.pl/it/citta-e-dintorni/patrimonio-e-itinerari-continua-a-esplorare/,301,Alias obecny w site/it/miasto-i-okolice/katalog-zabytkow/index.html; cel spłaszczony do adresu kanonicznego,SZKIC — potwierdzić użycie na starej stronie i zatwierdzić przed wdrożeniem
https://hornigold.pl/it/miasto-i-okolice/miejsca-pamieci-slaska,https://hornigold.pl/it/citta-e-dintorni/luoghi-della-memoria-in-slesia-storie-distinte/,301,Alias obecny w site/it/miasto-i-okolice/miejsca-pamieci-slaska/index.html; cel spłaszczony do adresu kanonicznego,SZKIC — potwierdzić użycie na starej stronie i zatwierdzić przed wdrożeniem
https://hornigold.pl/it/miasto-i-okolice/miejsca-pamieci-slaska/,https://hornigold.pl/it/citta-e-dintorni/luoghi-della-memoria-in-slesia-storie-distinte/,301,Alias obecny w site/it/miasto-i-okolice/miejsca-pamieci-slaska/index.html; cel spłaszczony do adresu kanonicznego,SZKIC — potwierdzić użycie na starej stronie i zatwierdzić przed wdrożeniem
https://hornigold.pl/it/miasto-i-okolice/moderna-i-zabytki,https://hornigold.pl/it/citta-e-dintorni/modernismo-palazzi-e-una-chiesa-in-legno/,301,Alias obecny w site/it/miasto-i-okolice/moderna-i-zabytki/index.html; cel spłaszczony do adresu kanonicznego,SZKIC — potwierdzić użycie na starej stronie i zatwierdzić przed wdrożeniem
https://hornigold.pl/it/miasto-i-okolice/moderna-i-zabytki/,https://hornigold.pl/it/citta-e-dintorni/modernismo-palazzi-e-una-chiesa-in-legno/,301,Alias obecny w site/it/miasto-i-okolice/moderna-i-zabytki/index.html; cel spłaszczony do adresu kanonicznego,SZKIC — potwierdzić użycie na starej stronie i zatwierdzić przed wdrożeniem
https://hornigold.pl/it/miasto-i-okolice/nikiszowiec,https://hornigold.pl/it/citta-e-dintorni/nikiszowiec/,301,Alias obecny w site/it/miasto-i-okolice/nikiszowiec/index.html; cel spłaszczony do adresu kanonicznego,SZKIC — potwierdzić użycie na starej stronie i zatwierdzić przed wdrożeniem
https://hornigold.pl/it/miasto-i-okolice/nikiszowiec/,https://hornigold.pl/it/citta-e-dintorni/nikiszowiec/,301,Alias obecny w site/it/miasto-i-okolice/nikiszowiec/index.html; cel spłaszczony do adresu kanonicznego,SZKIC — potwierdzić użycie na starej stronie i zatwierdzić przed wdrożeniem
https://hornigold.pl/it/miasto-i-okolice/pszczyna,https://hornigold.pl/it/citta-e-dintorni/pszczyna/,301,Alias obecny w site/it/miasto-i-okolice/pszczyna/index.html; cel spłaszczony do adresu kanonicznego,SZKIC — potwierdzić użycie na starej stronie i zatwierdzić przed wdrożeniem
https://hornigold.pl/it/miasto-i-okolice/pszczyna/,https://hornigold.pl/it/citta-e-dintorni/pszczyna/,301,Alias obecny w site/it/miasto-i-okolice/pszczyna/index.html; cel spłaszczony do adresu kanonicznego,SZKIC — potwierdzić użycie na starej stronie i zatwierdzić przed wdrożeniem
https://hornigold.pl/it/miasto-i-okolice/rynek,https://hornigold.pl/it/citta-e-dintorni/la-piazza-del-mercato-katowice-in-un-solo-sguardo/,301,Alias obecny w site/it/miasto-i-okolice/rynek/index.html; cel spłaszczony do adresu kanonicznego,SZKIC — potwierdzić użycie na starej stronie i zatwierdzić przed wdrożeniem
https://hornigold.pl/it/miasto-i-okolice/rynek/,https://hornigold.pl/it/citta-e-dintorni/la-piazza-del-mercato-katowice-in-un-solo-sguardo/,301,Alias obecny w site/it/miasto-i-okolice/rynek/index.html; cel spłaszczony do adresu kanonicznego,SZKIC — potwierdzić użycie na starej stronie i zatwierdzić przed wdrożeniem
https://hornigold.pl/it/miasto-i-okolice/strefa-kultury,https://hornigold.pl/it/citta-e-dintorni/la-zona-della-cultura-un-nuovo-capitolo-per-un-sito-industriale/,301,Alias obecny w site/it/miasto-i-okolice/strefa-kultury/index.html; cel spłaszczony do adresu kanonicznego,SZKIC — potwierdzić użycie na starej stronie i zatwierdzić przed wdrożeniem
https://hornigold.pl/it/miasto-i-okolice/strefa-kultury/,https://hornigold.pl/it/citta-e-dintorni/la-zona-della-cultura-un-nuovo-capitolo-per-un-sito-industriale/,301,Alias obecny w site/it/miasto-i-okolice/strefa-kultury/index.html; cel spłaszczony do adresu kanonicznego,SZKIC — potwierdzić użycie na starej stronie i zatwierdzić przed wdrożeniem
https://hornigold.pl/it/miasto-i-okolice/szlak-zabytkow-techniki,https://hornigold.pl/it/citta-e-dintorni/il-percorso-dei-monumenti-della-tecnica-una-regione-plasmata-dal-lavoro/,301,Alias obecny w site/it/miasto-i-okolice/szlak-zabytkow-techniki/index.html; cel spłaszczony do adresu kanonicznego,SZKIC — potwierdzić użycie na starej stronie i zatwierdzić przed wdrożeniem
https://hornigold.pl/it/miasto-i-okolice/szlak-zabytkow-techniki/,https://hornigold.pl/it/citta-e-dintorni/il-percorso-dei-monumenti-della-tecnica-una-regione-plasmata-dal-lavoro/,301,Alias obecny w site/it/miasto-i-okolice/szlak-zabytkow-techniki/index.html; cel spłaszczony do adresu kanonicznego,SZKIC — potwierdzić użycie na starej stronie i zatwierdzić przed wdrożeniem
https://hornigold.pl/it/miasto-i-okolice/tarnowskie-gory,https://hornigold.pl/it/citta-e-dintorni/tarnowskie-gory/,301,Alias obecny w site/it/miasto-i-okolice/tarnowskie-gory/index.html; cel spłaszczony do adresu kanonicznego,SZKIC — potwierdzić użycie na starej stronie i zatwierdzić przed wdrożeniem
https://hornigold.pl/it/miasto-i-okolice/tarnowskie-gory/,https://hornigold.pl/it/citta-e-dintorni/tarnowskie-gory/,301,Alias obecny w site/it/miasto-i-okolice/tarnowskie-gory/index.html; cel spłaszczony do adresu kanonicznego,SZKIC — potwierdzić użycie na starej stronie i zatwierdzić przed wdrożeniem
https://hornigold.pl/it/miasto-i-okolice/zabrze-guido-luiza,https://hornigold.pl/it/citta-e-dintorni/zabrze-la-miniera-guido-e-la-galleria-della-regina-luisa/,301,Alias obecny w site/it/miasto-i-okolice/zabrze-guido-luiza/index.html; cel spłaszczony do adresu kanonicznego,SZKIC — potwierdzić użycie na starej stronie i zatwierdzić przed wdrożeniem
https://hornigold.pl/it/miasto-i-okolice/zabrze-guido-luiza/,https://hornigold.pl/it/citta-e-dintorni/zabrze-la-miniera-guido-e-la-galleria-della-regina-luisa/,301,Alias obecny w site/it/miasto-i-okolice/zabrze-guido-luiza/index.html; cel spłaszczony do adresu kanonicznego,SZKIC — potwierdzić użycie na starej stronie i zatwierdzić przed wdrożeniem
https://hornigold.pl/it/o-nas,https://hornigold.pl/it/informazioni-su-hornigold/,301,Alias obecny w site/it/o-nas/index.html; cel spłaszczony do adresu kanonicznego,SZKIC — potwierdzić użycie na starej stronie i zatwierdzić przed wdrożeniem
https://hornigold.pl/it/o-nas/,https://hornigold.pl/it/informazioni-su-hornigold/,301,Alias obecny w site/it/o-nas/index.html; cel spłaszczony do adresu kanonicznego,SZKIC — potwierdzić użycie na starej stronie i zatwierdzić przed wdrożeniem
https://hornigold.pl/it/oferty,https://hornigold.pl/it/un-soggiorno-su-misura-per-te/,301,Alias obecny w site/it/oferty/index.html; cel spłaszczony do adresu kanonicznego,SZKIC — potwierdzić użycie na starej stronie i zatwierdzić przed wdrożeniem
https://hornigold.pl/it/oferty/,https://hornigold.pl/it/un-soggiorno-su-misura-per-te/,301,Alias obecny w site/it/oferty/index.html; cel spłaszczony do adresu kanonicznego,SZKIC — potwierdzić użycie na starej stronie i zatwierdzić przed wdrożeniem
https://hornigold.pl/it/opinie,https://hornigold.pl/it/le-esperienze-dei-nostri-ospiti/,301,Alias obecny w site/it/opinie/index.html; cel spłaszczony do adresu kanonicznego,SZKIC — potwierdzić użycie na starej stronie i zatwierdzić przed wdrożeniem
https://hornigold.pl/it/opinie/,https://hornigold.pl/it/le-esperienze-dei-nostri-ospiti/,301,Alias obecny w site/it/opinie/index.html; cel spłaszczony do adresu kanonicznego,SZKIC — potwierdzić użycie na starej stronie i zatwierdzić przed wdrożeniem
https://hornigold.pl/it/parking,https://hornigold.pl/it/organizza-un-arrivo-senza-pensieri/,301,Alias obecny w site/it/parking/index.html; cel spłaszczony do adresu kanonicznego,SZKIC — potwierdzić użycie na starej stronie i zatwierdzić przed wdrożeniem
https://hornigold.pl/it/parking/,https://hornigold.pl/it/organizza-un-arrivo-senza-pensieri/,301,Alias obecny w site/it/parking/index.html; cel spłaszczony do adresu kanonicznego,SZKIC — potwierdzić użycie na starej stronie i zatwierdzić przed wdrożeniem
https://hornigold.pl/it/pokoje,https://hornigold.pl/it/camere/,301,Alias obecny w site/it/pokoje/index.html; cel spłaszczony do adresu kanonicznego,SZKIC — potwierdzić użycie na starej stronie i zatwierdzić przed wdrożeniem
https://hornigold.pl/it/pokoje/,https://hornigold.pl/it/camere/,301,Alias obecny w site/it/pokoje/index.html; cel spłaszczony do adresu kanonicznego,SZKIC — potwierdzić użycie na starej stronie i zatwierdzić przed wdrożeniem
https://hornigold.pl/it/pokoje/apartament-deluxe,https://hornigold.pl/it/camere/apartament-deluxe/,301,Alias obecny w site/it/pokoje/apartament-deluxe/index.html; cel spłaszczony do adresu kanonicznego,SZKIC — potwierdzić użycie na starej stronie i zatwierdzić przed wdrożeniem
https://hornigold.pl/it/pokoje/apartament-deluxe/,https://hornigold.pl/it/camere/apartament-deluxe/,301,Alias obecny w site/it/pokoje/apartament-deluxe/index.html; cel spłaszczony do adresu kanonicznego,SZKIC — potwierdzić użycie na starej stronie i zatwierdzić przed wdrożeniem
https://hornigold.pl/it/pokoje/classic,https://hornigold.pl/it/camere/classic/,301,Alias obecny w site/it/pokoje/classic/index.html; cel spłaszczony do adresu kanonicznego,SZKIC — potwierdzić użycie na starej stronie i zatwierdzić przed wdrożeniem
https://hornigold.pl/it/pokoje/classic/,https://hornigold.pl/it/camere/classic/,301,Alias obecny w site/it/pokoje/classic/index.html; cel spłaszczony do adresu kanonicznego,SZKIC — potwierdzić użycie na starej stronie i zatwierdzić przed wdrożeniem
https://hornigold.pl/it/pokoje/deluxe-premium,https://hornigold.pl/it/camere/deluxe-premium/,301,Alias obecny w site/it/pokoje/deluxe-premium/index.html; cel spłaszczony do adresu kanonicznego,SZKIC — potwierdzić użycie na starej stronie i zatwierdzić przed wdrożeniem
https://hornigold.pl/it/pokoje/deluxe-premium/,https://hornigold.pl/it/camere/deluxe-premium/,301,Alias obecny w site/it/pokoje/deluxe-premium/index.html; cel spłaszczony do adresu kanonicznego,SZKIC — potwierdzić użycie na starej stronie i zatwierdzić przed wdrożeniem
https://hornigold.pl/it/pokoje/deluxe,https://hornigold.pl/it/camere/deluxe/,301,Alias obecny w site/it/pokoje/deluxe/index.html; cel spłaszczony do adresu kanonicznego,SZKIC — potwierdzić użycie na starej stronie i zatwierdzić przed wdrożeniem
https://hornigold.pl/it/pokoje/deluxe/,https://hornigold.pl/it/camere/deluxe/,301,Alias obecny w site/it/pokoje/deluxe/index.html; cel spłaszczony do adresu kanonicznego,SZKIC — potwierdzić użycie na starej stronie i zatwierdzić przed wdrożeniem
https://hornigold.pl/it/pokoje/hornigold,https://hornigold.pl/it/camere/hornigold/,301,Alias obecny w site/it/pokoje/hornigold/index.html; cel spłaszczony do adresu kanonicznego,SZKIC — potwierdzić użycie na starej stronie i zatwierdzić przed wdrożeniem
https://hornigold.pl/it/pokoje/hornigold/,https://hornigold.pl/it/camere/hornigold/,301,Alias obecny w site/it/pokoje/hornigold/index.html; cel spłaszczony do adresu kanonicznego,SZKIC — potwierdzić użycie na starej stronie i zatwierdzić przed wdrożeniem
https://hornigold.pl/it/pokoje/premium,https://hornigold.pl/it/camere/premium/,301,Alias obecny w site/it/pokoje/premium/index.html; cel spłaszczony do adresu kanonicznego,SZKIC — potwierdzić użycie na starej stronie i zatwierdzić przed wdrożeniem
https://hornigold.pl/it/pokoje/premium/,https://hornigold.pl/it/camere/premium/,301,Alias obecny w site/it/pokoje/premium/index.html; cel spłaszczony do adresu kanonicznego,SZKIC — potwierdzić użycie na starej stronie i zatwierdzić przed wdrożeniem
https://hornigold.pl/it/pokoje/prestige-deluxe,https://hornigold.pl/it/camere/prestige-deluxe/,301,Alias obecny w site/it/pokoje/prestige-deluxe/index.html; cel spłaszczony do adresu kanonicznego,SZKIC — potwierdzić użycie na starej stronie i zatwierdzić przed wdrożeniem
https://hornigold.pl/it/pokoje/prestige-deluxe/,https://hornigold.pl/it/camere/prestige-deluxe/,301,Alias obecny w site/it/pokoje/prestige-deluxe/index.html; cel spłaszczony do adresu kanonicznego,SZKIC — potwierdzić użycie na starej stronie i zatwierdzić przed wdrożeniem
https://hornigold.pl/it/pokoje/prestige,https://hornigold.pl/it/camere/prestige/,301,Alias obecny w site/it/pokoje/prestige/index.html; cel spłaszczony do adresu kanonicznego,SZKIC — potwierdzić użycie na starej stronie i zatwierdzić przed wdrożeniem
https://hornigold.pl/it/pokoje/prestige/,https://hornigold.pl/it/camere/prestige/,301,Alias obecny w site/it/pokoje/prestige/index.html; cel spłaszczony do adresu kanonicznego,SZKIC — potwierdzić użycie na starej stronie i zatwierdzić przed wdrożeniem
https://hornigold.pl/it/pokoje/suite,https://hornigold.pl/it/camere/suite/,301,Alias obecny w site/it/pokoje/suite/index.html; cel spłaszczony do adresu kanonicznego,SZKIC — potwierdzić użycie na starej stronie i zatwierdzić przed wdrożeniem
https://hornigold.pl/it/pokoje/suite/,https://hornigold.pl/it/camere/suite/,301,Alias obecny w site/it/pokoje/suite/index.html; cel spłaszczony do adresu kanonicznego,SZKIC — potwierdzić użycie na starej stronie i zatwierdzić przed wdrożeniem
https://hornigold.pl/it/porownaj,https://hornigold.pl/it/confronta/,301,Alias obecny w site/it/porownaj/index.html; cel spłaszczony do adresu kanonicznego,SZKIC — potwierdzić użycie na starej stronie i zatwierdzić przed wdrożeniem
https://hornigold.pl/it/porownaj/,https://hornigold.pl/it/confronta/,301,Alias obecny w site/it/porownaj/index.html; cel spłaszczony do adresu kanonicznego,SZKIC — potwierdzić użycie na starej stronie i zatwierdzić przed wdrożeniem
https://hornigold.pl/it/prywatnosc,https://hornigold.pl/it/privacy-e-dati/,301,Alias obecny w site/it/prywatnosc/index.html; cel spłaszczony do adresu kanonicznego,SZKIC — potwierdzić użycie na starej stronie i zatwierdzić przed wdrożeniem
https://hornigold.pl/it/prywatnosc/,https://hornigold.pl/it/privacy-e-dati/,301,Alias obecny w site/it/prywatnosc/index.html; cel spłaszczony do adresu kanonicznego,SZKIC — potwierdzić użycie na starej stronie i zatwierdzić przed wdrożeniem
https://hornigold.pl/it/sniadania,https://hornigold.pl/it/colazione/,301,Alias obecny w site/it/sniadania/index.html; cel spłaszczony do adresu kanonicznego,SZKIC — potwierdzić użycie na starej stronie i zatwierdzić przed wdrożeniem
https://hornigold.pl/it/sniadania/,https://hornigold.pl/it/colazione/,301,Alias obecny w site/it/sniadania/index.html; cel spłaszczony do adresu kanonicznego,SZKIC — potwierdzić użycie na starej stronie i zatwierdzić przed wdrożeniem
https://hornigold.pl/it/wellness-spa,https://hornigold.pl/it/benessere-e-spa/,301,Alias obecny w site/it/wellness-spa/index.html; cel spłaszczony do adresu kanonicznego,SZKIC — potwierdzić użycie na starej stronie i zatwierdzić przed wdrożeniem
https://hornigold.pl/it/wellness-spa/,https://hornigold.pl/it/benessere-e-spa/,301,Alias obecny w site/it/wellness-spa/index.html; cel spłaszczony do adresu kanonicznego,SZKIC — potwierdzić użycie na starej stronie i zatwierdzić przed wdrożeniem
https://hornigold.pl/uk/catering,https://hornigold.pl/uk/%D0%BA%D0%B5%D0%B8%D1%82%D0%B5%D1%80%D0%B8%D0%BD%D0%B3-%D1%96-%D0%BF%D0%BE%D0%B4%D1%96%D1%96/,301,Alias obecny w site/uk/catering/index.html; cel spłaszczony do adresu kanonicznego,SZKIC — potwierdzić użycie na starej stronie i zatwierdzić przed wdrożeniem
https://hornigold.pl/uk/catering/,https://hornigold.pl/uk/%D0%BA%D0%B5%D0%B8%D1%82%D0%B5%D1%80%D0%B8%D0%BD%D0%B3-%D1%96-%D0%BF%D0%BE%D0%B4%D1%96%D1%96/,301,Alias obecny w site/uk/catering/index.html; cel spłaszczony do adresu kanonicznego,SZKIC — potwierdzić użycie na starej stronie i zatwierdzić przed wdrożeniem
https://hornigold.pl/uk/dla-firm,https://hornigold.pl/uk/%D1%83%D0%BC%D0%BE%D0%B2%D0%B8-%D0%B2%D1%96%D0%B4%D0%BF%D0%BE%D0%B2%D1%96%D0%B4%D0%BD%D0%BE-%D0%B4%D0%BE-%D0%B2%D0%B0%D1%88%D0%B8%D1%85-%D0%BF%D0%BB%D0%B0%D0%BD%D1%96%D0%B2/,301,Alias obecny w site/uk/dla-firm/index.html; cel spłaszczony do adresu kanonicznego,SZKIC — potwierdzić użycie na starej stronie i zatwierdzić przed wdrożeniem
https://hornigold.pl/uk/dla-firm/,https://hornigold.pl/uk/%D1%83%D0%BC%D0%BE%D0%B2%D0%B8-%D0%B2%D1%96%D0%B4%D0%BF%D0%BE%D0%B2%D1%96%D0%B4%D0%BD%D0%BE-%D0%B4%D0%BE-%D0%B2%D0%B0%D1%88%D0%B8%D1%85-%D0%BF%D0%BB%D0%B0%D0%BD%D1%96%D0%B2/,301,Alias obecny w site/uk/dla-firm/index.html; cel spłaszczony do adresu kanonicznego,SZKIC — potwierdzić użycie na starej stronie i zatwierdzić przed wdrożeniem
https://hornigold.pl/uk/dokumenty,https://hornigold.pl/uk/%D1%83%D1%81%D0%B5-%D0%B7%D1%80%D0%BE%D0%B7%D1%83%D0%BC%D1%96%D0%BB%D0%BE-%D1%89%D0%B5-%D0%B4%D0%BE-%D0%BF%D1%80%D0%B8%D1%96%D0%B7%D0%B4%D1%83/,301,Alias obecny w site/uk/dokumenty/index.html; cel spłaszczony do adresu kanonicznego,SZKIC — potwierdzić użycie na starej stronie i zatwierdzić przed wdrożeniem
https://hornigold.pl/uk/dokumenty/,https://hornigold.pl/uk/%D1%83%D1%81%D0%B5-%D0%B7%D1%80%D0%BE%D0%B7%D1%83%D0%BC%D1%96%D0%BB%D0%BE-%D1%89%D0%B5-%D0%B4%D0%BE-%D0%BF%D1%80%D0%B8%D1%96%D0%B7%D0%B4%D1%83/,301,Alias obecny w site/uk/dokumenty/index.html; cel spłaszczony do adresu kanonicznego,SZKIC — potwierdzić użycie na starej stronie i zatwierdzić przed wdrożeniem
https://hornigold.pl/uk/faq,https://hornigold.pl/uk/%D0%BA%D0%BE%D1%80%D0%B8%D1%81%D0%BD%D0%BE-%D0%B7%D0%BD%D0%B0%D1%82%D0%B8/,301,Alias obecny w site/uk/faq/index.html; cel spłaszczony do adresu kanonicznego,SZKIC — potwierdzić użycie na starej stronie i zatwierdzić przed wdrożeniem
https://hornigold.pl/uk/faq/,https://hornigold.pl/uk/%D0%BA%D0%BE%D1%80%D0%B8%D1%81%D0%BD%D0%BE-%D0%B7%D0%BD%D0%B0%D1%82%D0%B8/,301,Alias obecny w site/uk/faq/index.html; cel spłaszczony do adresu kanonicznego,SZKIC — potwierdzić użycie na starej stronie i zatwierdzić przed wdrożeniem
https://hornigold.pl/uk/informacje,https://hornigold.pl/uk/%D1%81%D0%BF%D0%BE%D0%BA%D1%96%D0%B8%D0%BD%D0%B0-%D0%BF%D0%BE%D0%B4%D0%BE%D1%80%D0%BE%D0%B6-%D0%BF%D0%BE%D1%87%D0%B8%D0%BD%D0%B0%D1%94%D1%82%D1%8C%D1%81%D1%8F-%D1%89%D0%B5-%D0%B4%D0%BE-%D0%BF%D1%80%D0%B8%D1%96%D0%B7%D0%B4%D1%83/,301,Alias obecny w site/uk/informacje/index.html; cel spłaszczony do adresu kanonicznego,SZKIC — potwierdzić użycie na starej stronie i zatwierdzić przed wdrożeniem
https://hornigold.pl/uk/informacje/,https://hornigold.pl/uk/%D1%81%D0%BF%D0%BE%D0%BA%D1%96%D0%B8%D0%BD%D0%B0-%D0%BF%D0%BE%D0%B4%D0%BE%D1%80%D0%BE%D0%B6-%D0%BF%D0%BE%D1%87%D0%B8%D0%BD%D0%B0%D1%94%D1%82%D1%8C%D1%81%D1%8F-%D1%89%D0%B5-%D0%B4%D0%BE-%D0%BF%D1%80%D0%B8%D1%96%D0%B7%D0%B4%D1%83/,301,Alias obecny w site/uk/informacje/index.html; cel spłaszczony do adresu kanonicznego,SZKIC — potwierdzić użycie na starej stronie i zatwierdzić przed wdrożeniem
https://hornigold.pl/uk/katowice,https://hornigold.pl/uk/%D0%BA%D0%B0%D1%82%D0%BE%D0%B2%D1%96%D1%86%D0%B5-%D0%B7-hornigold/,301,Alias obecny w site/uk/katowice/index.html; cel spłaszczony do adresu kanonicznego,SZKIC — potwierdzić użycie na starej stronie i zatwierdzić przed wdrożeniem
https://hornigold.pl/uk/katowice/,https://hornigold.pl/uk/%D0%BA%D0%B0%D1%82%D0%BE%D0%B2%D1%96%D1%86%D0%B5-%D0%B7-hornigold/,301,Alias obecny w site/uk/katowice/index.html; cel spłaszczony do adresu kanonicznego,SZKIC — potwierdzić użycie na starej stronie i zatwierdzić przed wdrożeniem
https://hornigold.pl/uk/katowice/architektura,https://hornigold.pl/uk/katowice/%D0%B0%D1%80%D1%85%D1%96%D1%82%D0%B5%D0%BA%D1%82%D1%83%D1%80%D0%B0-%D1%82%D0%B0-%D0%BF%D1%80%D0%BE%D0%B3%D1%83%D0%BB%D1%8F%D0%BD%D0%BA%D0%B0-%D1%86%D0%B5%D0%BD%D1%82%D1%80%D0%BE%D0%BC/,301,Alias obecny w site/uk/katowice/architektura/index.html; cel spłaszczony do adresu kanonicznego,SZKIC — potwierdzić użycie na starej stronie i zatwierdzić przed wdrożeniem
https://hornigold.pl/uk/katowice/architektura/,https://hornigold.pl/uk/katowice/%D0%B0%D1%80%D1%85%D1%96%D1%82%D0%B5%D0%BA%D1%82%D1%83%D1%80%D0%B0-%D1%82%D0%B0-%D0%BF%D1%80%D0%BE%D0%B3%D1%83%D0%BB%D1%8F%D0%BD%D0%BA%D0%B0-%D1%86%D0%B5%D0%BD%D1%82%D1%80%D0%BE%D0%BC/,301,Alias obecny w site/uk/katowice/architektura/index.html; cel spłaszczony do adresu kanonicznego,SZKIC — potwierdzić użycie na starej stronie i zatwierdzić przed wdrożeniem
https://hornigold.pl/uk/katowice/pierwszy-przyjazd,https://hornigold.pl/uk/katowice/%D0%B2%D0%B0%D1%88-%D0%BF%D0%B5%D1%80%D1%88%D0%B8%D0%B8-%D0%BF%D1%80%D0%B8%D1%96%D0%B7%D0%B4-%D0%B4%D0%BE-%D0%BA%D0%B0%D1%82%D0%BE%D0%B2%D1%96%D1%86%D0%B5/,301,Alias obecny w site/uk/katowice/pierwszy-przyjazd/index.html; cel spłaszczony do adresu kanonicznego,SZKIC — potwierdzić użycie na starej stronie i zatwierdzić przed wdrożeniem
https://hornigold.pl/uk/katowice/pierwszy-przyjazd/,https://hornigold.pl/uk/katowice/%D0%B2%D0%B0%D1%88-%D0%BF%D0%B5%D1%80%D1%88%D0%B8%D0%B8-%D0%BF%D1%80%D0%B8%D1%96%D0%B7%D0%B4-%D0%B4%D0%BE-%D0%BA%D0%B0%D1%82%D0%BE%D0%B2%D1%96%D1%86%D0%B5/,301,Alias obecny w site/uk/katowice/pierwszy-przyjazd/index.html; cel spłaszczony do adresu kanonicznego,SZKIC — potwierdzić użycie na starej stronie i zatwierdzić przed wdrożeniem
https://hornigold.pl/uk/katowice/sluzbowo,https://hornigold.pl/uk/katowice/%D0%B4%D1%96%D0%BB%D0%BE%D0%B2%D0%B0-%D0%BF%D0%BE%D1%96%D0%B7%D0%B4%D0%BA%D0%B0-%D0%BF%D0%B5%D1%80%D0%B5%D0%B4-%D0%BF%D1%80%D0%B8%D1%96%D0%B7%D0%B4%D0%BE%D0%BC/,301,Alias obecny w site/uk/katowice/sluzbowo/index.html; cel spłaszczony do adresu kanonicznego,SZKIC — potwierdzić użycie na starej stronie i zatwierdzić przed wdrożeniem
https://hornigold.pl/uk/katowice/sluzbowo/,https://hornigold.pl/uk/katowice/%D0%B4%D1%96%D0%BB%D0%BE%D0%B2%D0%B0-%D0%BF%D0%BE%D1%96%D0%B7%D0%B4%D0%BA%D0%B0-%D0%BF%D0%B5%D1%80%D0%B5%D0%B4-%D0%BF%D1%80%D0%B8%D1%96%D0%B7%D0%B4%D0%BE%D0%BC/,301,Alias obecny w site/uk/katowice/sluzbowo/index.html; cel spłaszczony do adresu kanonicznego,SZKIC — potwierdzić użycie na starej stronie i zatwierdzić przed wdrożeniem
https://hornigold.pl/uk/katowice/weekend,https://hornigold.pl/uk/katowice/%D0%BA%D0%B0%D1%82%D0%BE%D0%B2%D1%96%D1%86%D0%B5-%D0%B7%D0%B0-24-%D0%B0%D0%B1%D0%BE-48-%D0%B3%D0%BE%D0%B4%D0%B8%D0%BD/,301,Alias obecny w site/uk/katowice/weekend/index.html; cel spłaszczony do adresu kanonicznego,SZKIC — potwierdzić użycie na starej stronie i zatwierdzić przed wdrożeniem
https://hornigold.pl/uk/katowice/weekend/,https://hornigold.pl/uk/katowice/%D0%BA%D0%B0%D1%82%D0%BE%D0%B2%D1%96%D1%86%D0%B5-%D0%B7%D0%B0-24-%D0%B0%D0%B1%D0%BE-48-%D0%B3%D0%BE%D0%B4%D0%B8%D0%BD/,301,Alias obecny w site/uk/katowice/weekend/index.html; cel spłaszczony do adresu kanonicznego,SZKIC — potwierdzić użycie na starej stronie i zatwierdzić przed wdrożeniem
https://hornigold.pl/uk/katowice/wydarzenia,https://hornigold.pl/uk/katowice/%D0%BE%D0%B1%D0%B5%D1%80%D1%96%D1%82%D1%8C-%D0%BF%D0%BE%D0%B4%D1%96%D1%8E-%D0%B7%D0%B0%D0%BF%D0%BB%D0%B0%D0%BD%D1%83%D0%B8%D1%82%D0%B5-%D0%BF%D1%80%D0%BE%D0%B6%D0%B8%D0%B2%D0%B0%D0%BD%D0%BD%D1%8F/,301,Alias obecny w site/uk/katowice/wydarzenia/index.html; cel spłaszczony do adresu kanonicznego,SZKIC — potwierdzić użycie na starej stronie i zatwierdzić przed wdrożeniem
https://hornigold.pl/uk/katowice/wydarzenia/,https://hornigold.pl/uk/katowice/%D0%BE%D0%B1%D0%B5%D1%80%D1%96%D1%82%D1%8C-%D0%BF%D0%BE%D0%B4%D1%96%D1%8E-%D0%B7%D0%B0%D0%BF%D0%BB%D0%B0%D0%BD%D1%83%D0%B8%D1%82%D0%B5-%D0%BF%D1%80%D0%BE%D0%B6%D0%B8%D0%B2%D0%B0%D0%BD%D0%BD%D1%8F/,301,Alias obecny w site/uk/katowice/wydarzenia/index.html; cel spłaszczony do adresu kanonicznego,SZKIC — potwierdzić użycie na starej stronie i zatwierdzić przed wdrożeniem
https://hornigold.pl/uk/katowice/wydarzenie,https://hornigold.pl/uk/katowice/%D0%BD%D0%B0-%D0%BF%D0%BE%D0%B4%D1%96%D1%8E-%D0%B2-mck-spodek-%D0%B0%D0%B1%D0%BE-nospr/,301,Alias obecny w site/uk/katowice/wydarzenie/index.html; cel spłaszczony do adresu kanonicznego,SZKIC — potwierdzić użycie na starej stronie i zatwierdzić przed wdrożeniem
https://hornigold.pl/uk/katowice/wydarzenie/,https://hornigold.pl/uk/katowice/%D0%BD%D0%B0-%D0%BF%D0%BE%D0%B4%D1%96%D1%8E-%D0%B2-mck-spodek-%D0%B0%D0%B1%D0%BE-nospr/,301,Alias obecny w site/uk/katowice/wydarzenie/index.html; cel spłaszczony do adresu kanonicznego,SZKIC — potwierdzić użycie na starej stronie i zatwierdzić przed wdrożeniem
https://hornigold.pl/uk/katowice/z-dziecmi,https://hornigold.pl/uk/katowice/%D0%BA%D0%B0%D1%82%D0%BE%D0%B2%D1%96%D1%86%D0%B5-%D0%B7-%D0%B4%D1%96%D1%82%D1%8C%D0%BC%D0%B8-%D0%BF%D1%80%D0%BE%D1%81%D1%82%D0%B8%D0%B8-%D0%BF%D0%BB%D0%B0%D0%BD/,301,Alias obecny w site/uk/katowice/z-dziecmi/index.html; cel spłaszczony do adresu kanonicznego,SZKIC — potwierdzić użycie na starej stronie i zatwierdzić przed wdrożeniem
https://hornigold.pl/uk/katowice/z-dziecmi/,https://hornigold.pl/uk/katowice/%D0%BA%D0%B0%D1%82%D0%BE%D0%B2%D1%96%D1%86%D0%B5-%D0%B7-%D0%B4%D1%96%D1%82%D1%8C%D0%BC%D0%B8-%D0%BF%D1%80%D0%BE%D1%81%D1%82%D0%B8%D0%B8-%D0%BF%D0%BB%D0%B0%D0%BD/,301,Alias obecny w site/uk/katowice/z-dziecmi/index.html; cel spłaszczony do adresu kanonicznego,SZKIC — potwierdzić użycie na starej stronie i zatwierdzić przed wdrożeniem
https://hornigold.pl/uk/konferencje,https://hornigold.pl/uk/%D0%BA%D0%BE%D0%BD%D1%84%D0%B5%D1%80%D0%B5%D0%BD%D1%86%D1%96%D1%96-%D1%82%D0%B0-%D0%B7%D1%83%D1%81%D1%82%D1%80%D1%96%D1%87%D1%96/,301,Alias obecny w site/uk/konferencje/index.html; cel spłaszczony do adresu kanonicznego,SZKIC — potwierdzić użycie na starej stronie i zatwierdzić przed wdrożeniem
https://hornigold.pl/uk/konferencje/,https://hornigold.pl/uk/%D0%BA%D0%BE%D0%BD%D1%84%D0%B5%D1%80%D0%B5%D0%BD%D1%86%D1%96%D1%96-%D1%82%D0%B0-%D0%B7%D1%83%D1%81%D1%82%D1%80%D1%96%D1%87%D1%96/,301,Alias obecny w site/uk/konferencje/index.html; cel spłaszczony do adresu kanonicznego,SZKIC — potwierdzić użycie na starej stronie i zatwierdzić przed wdrożeniem
https://hornigold.pl/uk/kontakt,https://hornigold.pl/uk/%D0%BA%D0%BE%D0%BD%D1%82%D0%B0%D0%BA%D1%82%D0%B8/,301,Alias obecny w site/uk/kontakt/index.html; cel spłaszczony do adresu kanonicznego,SZKIC — potwierdzić użycie na starej stronie i zatwierdzić przed wdrożeniem
https://hornigold.pl/uk/kontakt/,https://hornigold.pl/uk/%D0%BA%D0%BE%D0%BD%D1%82%D0%B0%D0%BA%D1%82%D0%B8/,301,Alias obecny w site/uk/kontakt/index.html; cel spłaszczony do adresu kanonicznego,SZKIC — potwierdzić użycie na starej stronie i zatwierdzić przed wdrożeniem
https://hornigold.pl/uk/lokalizacja,https://hornigold.pl/uk/%D1%80%D0%BE%D0%B7%D1%82%D0%B0%D1%88%D1%83%D0%B2%D0%B0%D0%BD%D0%BD%D1%8F/,301,Alias obecny w site/uk/lokalizacja/index.html; cel spłaszczony do adresu kanonicznego,SZKIC — potwierdzić użycie na starej stronie i zatwierdzić przed wdrożeniem
https://hornigold.pl/uk/lokalizacja/,https://hornigold.pl/uk/%D1%80%D0%BE%D0%B7%D1%82%D0%B0%D1%88%D1%83%D0%B2%D0%B0%D0%BD%D0%BD%D1%8F/,301,Alias obecny w site/uk/lokalizacja/index.html; cel spłaszczony do adresu kanonicznego,SZKIC — potwierdzić użycie na starej stronie i zatwierdzić przed wdrożeniem
https://hornigold.pl/uk/lotniska,https://hornigold.pl/uk/%D0%B0%D0%B5%D1%80%D0%BE%D0%BF%D0%BE%D1%80%D1%82%D0%B8/,301,Alias obecny w site/uk/lotniska/index.html; cel spłaszczony do adresu kanonicznego,SZKIC — potwierdzić użycie na starej stronie i zatwierdzić przed wdrożeniem
https://hornigold.pl/uk/lotniska/,https://hornigold.pl/uk/%D0%B0%D0%B5%D1%80%D0%BE%D0%BF%D0%BE%D1%80%D1%82%D0%B8/,301,Alias obecny w site/uk/lotniska/index.html; cel spłaszczony do adresu kanonicznego,SZKIC — potwierdzić użycie na starej stronie i zatwierdzić przed wdrożeniem
https://hornigold.pl/uk/lotniska/balice,https://hornigold.pl/uk/%D0%B0%D0%B5%D1%80%D0%BE%D0%BF%D0%BE%D1%80%D1%82%D0%B8/balice/,301,Alias obecny w site/uk/lotniska/balice/index.html; cel spłaszczony do adresu kanonicznego,SZKIC — potwierdzić użycie na starej stronie i zatwierdzić przed wdrożeniem
https://hornigold.pl/uk/lotniska/balice/,https://hornigold.pl/uk/%D0%B0%D0%B5%D1%80%D0%BE%D0%BF%D0%BE%D1%80%D1%82%D0%B8/balice/,301,Alias obecny w site/uk/lotniska/balice/index.html; cel spłaszczony do adresu kanonicznego,SZKIC — potwierdzić użycie na starej stronie i zatwierdzić przed wdrożeniem
https://hornigold.pl/uk/lotniska/pyrzowice,https://hornigold.pl/uk/%D0%B0%D0%B5%D1%80%D0%BE%D0%BF%D0%BE%D1%80%D1%82%D0%B8/pyrzowice/,301,Alias obecny w site/uk/lotniska/pyrzowice/index.html; cel spłaszczony do adresu kanonicznego,SZKIC — potwierdzić użycie na starej stronie i zatwierdzić przed wdrożeniem
https://hornigold.pl/uk/lotniska/pyrzowice/,https://hornigold.pl/uk/%D0%B0%D0%B5%D1%80%D0%BE%D0%BF%D0%BE%D1%80%D1%82%D0%B8/pyrzowice/,301,Alias obecny w site/uk/lotniska/pyrzowice/index.html; cel spłaszczony do adresu kanonicznego,SZKIC — potwierdzić użycie na starej stronie i zatwierdzić przed wdrożeniem
https://hornigold.pl/uk/miasto-i-okolice,https://hornigold.pl/uk/%D0%BC%D1%96%D1%81%D1%82%D0%BE-%D1%82%D0%B0-%D0%BE%D0%BA%D0%BE%D0%BB%D0%B8%D1%86%D1%96/,301,Alias obecny w site/uk/miasto-i-okolice/index.html; cel spłaszczony do adresu kanonicznego,SZKIC — potwierdzić użycie na starej stronie i zatwierdzić przed wdrożeniem
https://hornigold.pl/uk/miasto-i-okolice/,https://hornigold.pl/uk/%D0%BC%D1%96%D1%81%D1%82%D0%BE-%D1%82%D0%B0-%D0%BE%D0%BA%D0%BE%D0%BB%D0%B8%D1%86%D1%96/,301,Alias obecny w site/uk/miasto-i-okolice/index.html; cel spłaszczony do adresu kanonicznego,SZKIC — potwierdzić użycie na starej stronie i zatwierdzić przed wdrożeniem
https://hornigold.pl/uk/miasto-i-okolice/auschwitz-birkenau,https://hornigold.pl/uk/%D0%BC%D1%96%D1%81%D1%82%D0%BE-%D1%82%D0%B0-%D0%BE%D0%BA%D0%BE%D0%BB%D0%B8%D1%86%D1%96/auschwitz-birkenau/,301,Alias obecny w site/uk/miasto-i-okolice/auschwitz-birkenau/index.html; cel spłaszczony do adresu kanonicznego,SZKIC — potwierdzić użycie na starej stronie i zatwierdzić przed wdrożeniem
https://hornigold.pl/uk/miasto-i-okolice/auschwitz-birkenau/,https://hornigold.pl/uk/%D0%BC%D1%96%D1%81%D1%82%D0%BE-%D1%82%D0%B0-%D0%BE%D0%BA%D0%BE%D0%BB%D0%B8%D1%86%D1%96/auschwitz-birkenau/,301,Alias obecny w site/uk/miasto-i-okolice/auschwitz-birkenau/index.html; cel spłaszczony do adresu kanonicznego,SZKIC — potwierdzić użycie na starej stronie i zatwierdzić przed wdrożeniem
https://hornigold.pl/uk/miasto-i-okolice/bedzin-i-jura,https://hornigold.pl/uk/%D0%BC%D1%96%D1%81%D1%82%D0%BE-%D1%82%D0%B0-%D0%BE%D0%BA%D0%BE%D0%BB%D0%B8%D1%86%D1%96/%D0%B1%D0%B5%D0%BD%D0%B4%D0%B7%D1%96%D0%BD-%D1%96-%D1%8E%D1%80%D0%B0-%D0%B7%D0%B0%D0%BC%D0%BA%D0%B8-%D0%BA%D0%BE%D1%80%D0%B4%D0%BE%D0%BD%D0%B8-%D1%82%D0%B0-%D0%BA%D1%80%D0%B0%D1%94%D0%B2%D0%B8%D0%B4/,301,Alias obecny w site/uk/miasto-i-okolice/bedzin-i-jura/index.html; cel spłaszczony do adresu kanonicznego,SZKIC — potwierdzić użycie na starej stronie i zatwierdzić przed wdrożeniem
https://hornigold.pl/uk/miasto-i-okolice/bedzin-i-jura/,https://hornigold.pl/uk/%D0%BC%D1%96%D1%81%D1%82%D0%BE-%D1%82%D0%B0-%D0%BE%D0%BA%D0%BE%D0%BB%D0%B8%D1%86%D1%96/%D0%B1%D0%B5%D0%BD%D0%B4%D0%B7%D1%96%D0%BD-%D1%96-%D1%8E%D1%80%D0%B0-%D0%B7%D0%B0%D0%BC%D0%BA%D0%B8-%D0%BA%D0%BE%D1%80%D0%B4%D0%BE%D0%BD%D0%B8-%D1%82%D0%B0-%D0%BA%D1%80%D0%B0%D1%94%D0%B2%D0%B8%D0%B4/,301,Alias obecny w site/uk/miasto-i-okolice/bedzin-i-jura/index.html; cel spłaszczony do adresu kanonicznego,SZKIC — potwierdzić użycie na starej stronie i zatwierdzić przed wdrożeniem
https://hornigold.pl/uk/miasto-i-okolice/cieszyn,https://hornigold.pl/uk/%D0%BC%D1%96%D1%81%D1%82%D0%BE-%D1%82%D0%B0-%D0%BE%D0%BA%D0%BE%D0%BB%D0%B8%D1%86%D1%96/cieszyn/,301,Alias obecny w site/uk/miasto-i-okolice/cieszyn/index.html; cel spłaszczony do adresu kanonicznego,SZKIC — potwierdzić użycie na starej stronie i zatwierdzić przed wdrożeniem
https://hornigold.pl/uk/miasto-i-okolice/cieszyn/,https://hornigold.pl/uk/%D0%BC%D1%96%D1%81%D1%82%D0%BE-%D1%82%D0%B0-%D0%BE%D0%BA%D0%BE%D0%BB%D0%B8%D1%86%D1%96/cieszyn/,301,Alias obecny w site/uk/miasto-i-okolice/cieszyn/index.html; cel spłaszczony do adresu kanonicznego,SZKIC — potwierdzić użycie na starej stronie i zatwierdzić przed wdrożeniem
https://hornigold.pl/uk/miasto-i-okolice/dziedzictwo-zydowskie,https://hornigold.pl/uk/%D0%BC%D1%96%D1%81%D1%82%D0%BE-%D1%82%D0%B0-%D0%BE%D0%BA%D0%BE%D0%BB%D0%B8%D1%86%D1%96/%D1%94%D0%B2%D1%80%D0%B5%D0%B8%D1%81%D1%8C%D0%BA%D0%B0-%D1%81%D0%BF%D0%B0%D0%B4%D1%89%D0%B8%D0%BD%D0%B0-%D0%BB%D1%8E%D0%B4%D0%B8-%D0%BC%D1%96%D1%81%D1%86%D1%8F-%D0%B2%D1%96%D0%B4%D1%81%D1%83%D1%82%D0%BD%D1%96%D1%81%D1%82%D1%8C/,301,Alias obecny w site/uk/miasto-i-okolice/dziedzictwo-zydowskie/index.html; cel spłaszczony do adresu kanonicznego,SZKIC — potwierdzić użycie na starej stronie i zatwierdzić przed wdrożeniem
https://hornigold.pl/uk/miasto-i-okolice/dziedzictwo-zydowskie/,https://hornigold.pl/uk/%D0%BC%D1%96%D1%81%D1%82%D0%BE-%D1%82%D0%B0-%D0%BE%D0%BA%D0%BE%D0%BB%D0%B8%D1%86%D1%96/%D1%94%D0%B2%D1%80%D0%B5%D0%B8%D1%81%D1%8C%D0%BA%D0%B0-%D1%81%D0%BF%D0%B0%D0%B4%D1%89%D0%B8%D0%BD%D0%B0-%D0%BB%D1%8E%D0%B4%D0%B8-%D0%BC%D1%96%D1%81%D1%86%D1%8F-%D0%B2%D1%96%D0%B4%D1%81%D1%83%D1%82%D0%BD%D1%96%D1%81%D1%82%D1%8C/,301,Alias obecny w site/uk/miasto-i-okolice/dziedzictwo-zydowskie/index.html; cel spłaszczony do adresu kanonicznego,SZKIC — potwierdzić użycie na starej stronie i zatwierdzić przed wdrożeniem
https://hornigold.pl/uk/miasto-i-okolice/gastronomia,https://hornigold.pl/uk/%D0%BC%D1%96%D1%81%D1%82%D0%BE-%D1%82%D0%B0-%D0%BE%D0%BA%D0%BE%D0%BB%D0%B8%D1%86%D1%96/%D0%B3%D0%B0%D1%81%D1%82%D1%80%D0%BE%D0%BD%D0%BE%D0%BC%D1%96%D1%8F-%D0%BA%D0%B0%D1%82%D0%BE%D0%B2%D1%96%D1%86%D0%B5/,301,Alias obecny w site/uk/miasto-i-okolice/gastronomia/index.html; cel spłaszczony do adresu kanonicznego,SZKIC — potwierdzić użycie na starej stronie i zatwierdzić przed wdrożeniem
https://hornigold.pl/uk/miasto-i-okolice/gastronomia/,https://hornigold.pl/uk/%D0%BC%D1%96%D1%81%D1%82%D0%BE-%D1%82%D0%B0-%D0%BE%D0%BA%D0%BE%D0%BB%D0%B8%D1%86%D1%96/%D0%B3%D0%B0%D1%81%D1%82%D1%80%D0%BE%D0%BD%D0%BE%D0%BC%D1%96%D1%8F-%D0%BA%D0%B0%D1%82%D0%BE%D0%B2%D1%96%D1%86%D0%B5/,301,Alias obecny w site/uk/miasto-i-okolice/gastronomia/index.html; cel spłaszczony do adresu kanonicznego,SZKIC — potwierdzić użycie na starej stronie i zatwierdzić przed wdrożeniem
https://hornigold.pl/uk/miasto-i-okolice/giszowiec,https://hornigold.pl/uk/%D0%BC%D1%96%D1%81%D1%82%D0%BE-%D1%82%D0%B0-%D0%BE%D0%BA%D0%BE%D0%BB%D0%B8%D1%86%D1%96/giszowiec/,301,Alias obecny w site/uk/miasto-i-okolice/giszowiec/index.html; cel spłaszczony do adresu kanonicznego,SZKIC — potwierdzić użycie na starej stronie i zatwierdzić przed wdrożeniem
https://hornigold.pl/uk/miasto-i-okolice/giszowiec/,https://hornigold.pl/uk/%D0%BC%D1%96%D1%81%D1%82%D0%BE-%D1%82%D0%B0-%D0%BE%D0%BA%D0%BE%D0%BB%D0%B8%D1%86%D1%96/giszowiec/,301,Alias obecny w site/uk/miasto-i-okolice/giszowiec/index.html; cel spłaszczony do adresu kanonicznego,SZKIC — potwierdzić użycie na starej stronie i zatwierdzić przed wdrożeniem
https://hornigold.pl/uk/miasto-i-okolice/gliwice-radiostacja,https://hornigold.pl/uk/%D0%BC%D1%96%D1%81%D1%82%D0%BE-%D1%82%D0%B0-%D0%BE%D0%BA%D0%BE%D0%BB%D0%B8%D1%86%D1%96/%D0%B3%D0%BB%D1%96%D0%B2%D1%96%D1%86%D0%B5-%D1%80%D0%B0%D0%B4%D1%96%D0%BE%D1%81%D1%82%D0%B0%D0%BD%D1%86%D1%96%D1%8F-%D1%82%D0%B0-%D1%96%D1%81%D1%82%D0%BE%D1%80%D1%96%D1%8F-%D0%BF%D1%80%D0%BE%D0%BF%D0%B0%D0%B3%D0%B0%D0%BD%D0%B4%D0%B8/,301,Alias obecny w site/uk/miasto-i-okolice/gliwice-radiostacja/index.html; cel spłaszczony do adresu kanonicznego,SZKIC — potwierdzić użycie na starej stronie i zatwierdzić przed wdrożeniem
https://hornigold.pl/uk/miasto-i-okolice/gliwice-radiostacja/,https://hornigold.pl/uk/%D0%BC%D1%96%D1%81%D1%82%D0%BE-%D1%82%D0%B0-%D0%BE%D0%BA%D0%BE%D0%BB%D0%B8%D1%86%D1%96/%D0%B3%D0%BB%D1%96%D0%B2%D1%96%D1%86%D0%B5-%D1%80%D0%B0%D0%B4%D1%96%D0%BE%D1%81%D1%82%D0%B0%D0%BD%D1%86%D1%96%D1%8F-%D1%82%D0%B0-%D1%96%D1%81%D1%82%D0%BE%D1%80%D1%96%D1%8F-%D0%BF%D1%80%D0%BE%D0%BF%D0%B0%D0%B3%D0%B0%D0%BD%D0%B4%D0%B8/,301,Alias obecny w site/uk/miasto-i-okolice/gliwice-radiostacja/index.html; cel spłaszczony do adresu kanonicznego,SZKIC — potwierdzić użycie na starej stronie i zatwierdzić przed wdrożeniem
https://hornigold.pl/uk/miasto-i-okolice/historia-katowic,https://hornigold.pl/uk/%D0%BC%D1%96%D1%81%D1%82%D0%BE-%D1%82%D0%B0-%D0%BE%D0%BA%D0%BE%D0%BB%D0%B8%D1%86%D1%96/%D1%96%D1%81%D1%82%D0%BE%D1%80%D1%96%D1%8F-%D0%BA%D0%B0%D1%82%D0%BE%D0%B2%D1%96%D1%86%D0%B5-%D0%BC%D1%96%D1%81%D1%82%D0%BE-%D1%89%D0%BE-%D0%B7%D0%BC%D1%96%D0%BD%D1%8E%D1%94%D1%82%D1%8C%D1%81%D1%8F/,301,Alias obecny w site/uk/miasto-i-okolice/historia-katowic/index.html; cel spłaszczony do adresu kanonicznego,SZKIC — potwierdzić użycie na starej stronie i zatwierdzić przed wdrożeniem
https://hornigold.pl/uk/miasto-i-okolice/historia-katowic/,https://hornigold.pl/uk/%D0%BC%D1%96%D1%81%D1%82%D0%BE-%D1%82%D0%B0-%D0%BE%D0%BA%D0%BE%D0%BB%D0%B8%D1%86%D1%96/%D1%96%D1%81%D1%82%D0%BE%D1%80%D1%96%D1%8F-%D0%BA%D0%B0%D1%82%D0%BE%D0%B2%D1%96%D1%86%D0%B5-%D0%BC%D1%96%D1%81%D1%82%D0%BE-%D1%89%D0%BE-%D0%B7%D0%BC%D1%96%D0%BD%D1%8E%D1%94%D1%82%D1%8C%D1%81%D1%8F/,301,Alias obecny w site/uk/miasto-i-okolice/historia-katowic/index.html; cel spłaszczony do adresu kanonicznego,SZKIC — potwierdzić użycie na starej stronie i zatwierdzić przed wdrożeniem
https://hornigold.pl/uk/miasto-i-okolice/historia-slaska,https://hornigold.pl/uk/%D0%BC%D1%96%D1%81%D1%82%D0%BE-%D1%82%D0%B0-%D0%BE%D0%BA%D0%BE%D0%BB%D0%B8%D1%86%D1%96/%D1%81%D1%96%D0%BB%D0%B5%D0%B7%D1%96%D1%8F-%D0%B1%D0%B0%D0%B3%D0%B0%D1%82%D0%BE-%D0%B3%D0%BE%D0%BB%D0%BE%D1%81%D1%96%D0%B2-%D0%BE%D0%B4%D0%BD%D0%BE%D0%B3%D0%BE-%D0%BA%D1%80%D0%B0%D1%8E/,301,Alias obecny w site/uk/miasto-i-okolice/historia-slaska/index.html; cel spłaszczony do adresu kanonicznego,SZKIC — potwierdzić użycie na starej stronie i zatwierdzić przed wdrożeniem
https://hornigold.pl/uk/miasto-i-okolice/historia-slaska/,https://hornigold.pl/uk/%D0%BC%D1%96%D1%81%D1%82%D0%BE-%D1%82%D0%B0-%D0%BE%D0%BA%D0%BE%D0%BB%D0%B8%D1%86%D1%96/%D1%81%D1%96%D0%BB%D0%B5%D0%B7%D1%96%D1%8F-%D0%B1%D0%B0%D0%B3%D0%B0%D1%82%D0%BE-%D0%B3%D0%BE%D0%BB%D0%BE%D1%81%D1%96%D0%B2-%D0%BE%D0%B4%D0%BD%D0%BE%D0%B3%D0%BE-%D0%BA%D1%80%D0%B0%D1%8E/,301,Alias obecny w site/uk/miasto-i-okolice/historia-slaska/index.html; cel spłaszczony do adresu kanonicznego,SZKIC — potwierdzić użycie na starej stronie i zatwierdzić przed wdrożeniem
https://hornigold.pl/uk/miasto-i-okolice/ilustracje,https://hornigold.pl/uk/%D0%BC%D1%96%D1%81%D1%82%D0%BE-%D1%82%D0%B0-%D0%BE%D0%BA%D0%BE%D0%BB%D0%B8%D1%86%D1%96/%D0%BA%D0%B0%D1%82%D0%BE%D0%B2%D1%96%D1%86%D0%B5-%D0%B8-%D1%81%D1%96%D0%BB%D0%B5%D0%B7%D1%96%D1%8F-%D0%B2-%D1%96%D0%BB%D1%8E%D1%81%D1%82%D1%80%D0%B0%D1%86%D1%96%D1%8F%D1%85/,301,Alias obecny w site/uk/miasto-i-okolice/ilustracje/index.html; cel spłaszczony do adresu kanonicznego,SZKIC — potwierdzić użycie na starej stronie i zatwierdzić przed wdrożeniem
https://hornigold.pl/uk/miasto-i-okolice/ilustracje/,https://hornigold.pl/uk/%D0%BC%D1%96%D1%81%D1%82%D0%BE-%D1%82%D0%B0-%D0%BE%D0%BA%D0%BE%D0%BB%D0%B8%D1%86%D1%96/%D0%BA%D0%B0%D1%82%D0%BE%D0%B2%D1%96%D1%86%D0%B5-%D0%B8-%D1%81%D1%96%D0%BB%D0%B5%D0%B7%D1%96%D1%8F-%D0%B2-%D1%96%D0%BB%D1%8E%D1%81%D1%82%D1%80%D0%B0%D1%86%D1%96%D1%8F%D1%85/,301,Alias obecny w site/uk/miasto-i-okolice/ilustracje/index.html; cel spłaszczony do adresu kanonicznego,SZKIC — potwierdzić użycie na starej stronie i zatwierdzić przed wdrożeniem
https://hornigold.pl/uk/miasto-i-okolice/ilustracje/archikatedra,https://hornigold.pl/uk/%D0%BC%D1%96%D1%81%D1%82%D0%BE-%D1%82%D0%B0-%D0%BE%D0%BA%D0%BE%D0%BB%D0%B8%D1%86%D1%96/%D1%96%D0%BB%D1%8E%D1%81%D1%82%D1%80%D0%B0%D1%86%D1%96%D1%97/%D0%B0%D1%80%D1%85%D1%96%D0%BA%D0%B0%D1%82%D0%B5%D0%B4%D1%80%D0%B0-%D1%81%D0%B2%D1%96%D1%82%D0%BB%D0%BE-%D0%B8-%D0%BA%D0%B0%D0%BC%D1%96%D0%BD%D1%8C/,301,Alias obecny w site/uk/miasto-i-okolice/ilustracje/archikatedra/index.html; cel spłaszczony do adresu kanonicznego,SZKIC — potwierdzić użycie na starej stronie i zatwierdzić przed wdrożeniem
https://hornigold.pl/uk/miasto-i-okolice/ilustracje/archikatedra/,https://hornigold.pl/uk/%D0%BC%D1%96%D1%81%D1%82%D0%BE-%D1%82%D0%B0-%D0%BE%D0%BA%D0%BE%D0%BB%D0%B8%D1%86%D1%96/%D1%96%D0%BB%D1%8E%D1%81%D1%82%D1%80%D0%B0%D1%86%D1%96%D1%97/%D0%B0%D1%80%D1%85%D1%96%D0%BA%D0%B0%D1%82%D0%B5%D0%B4%D1%80%D0%B0-%D1%81%D0%B2%D1%96%D1%82%D0%BB%D0%BE-%D0%B8-%D0%BA%D0%B0%D0%BC%D1%96%D0%BD%D1%8C/,301,Alias obecny w site/uk/miasto-i-okolice/ilustracje/archikatedra/index.html; cel spłaszczony do adresu kanonicznego,SZKIC — potwierdzić użycie na starej stronie i zatwierdzić przed wdrożeniem
https://hornigold.pl/uk/miasto-i-okolice/ilustracje/arkady,https://hornigold.pl/uk/%D0%BC%D1%96%D1%81%D1%82%D0%BE-%D1%82%D0%B0-%D0%BE%D0%BA%D0%BE%D0%BB%D0%B8%D1%86%D1%96/%D1%96%D0%BB%D1%8E%D1%81%D1%82%D1%80%D0%B0%D1%86%D1%96%D1%97/%D0%BF%D1%96%D0%B4-%D0%BC%D1%96%D1%81%D1%8C%D0%BA%D0%B8%D0%BC%D0%B8-%D0%B0%D1%80%D0%BA%D0%B0%D0%B4%D0%B0%D0%BC%D0%B8/,301,Alias obecny w site/uk/miasto-i-okolice/ilustracje/arkady/index.html; cel spłaszczony do adresu kanonicznego,SZKIC — potwierdzić użycie na starej stronie i zatwierdzić przed wdrożeniem
https://hornigold.pl/uk/miasto-i-okolice/ilustracje/arkady/,https://hornigold.pl/uk/%D0%BC%D1%96%D1%81%D1%82%D0%BE-%D1%82%D0%B0-%D0%BE%D0%BA%D0%BE%D0%BB%D0%B8%D1%86%D1%96/%D1%96%D0%BB%D1%8E%D1%81%D1%82%D1%80%D0%B0%D1%86%D1%96%D1%97/%D0%BF%D1%96%D0%B4-%D0%BC%D1%96%D1%81%D1%8C%D0%BA%D0%B8%D0%BC%D0%B8-%D0%B0%D1%80%D0%BA%D0%B0%D0%B4%D0%B0%D0%BC%D0%B8/,301,Alias obecny w site/uk/miasto-i-okolice/ilustracje/arkady/index.html; cel spłaszczony do adresu kanonicznego,SZKIC — potwierdzić użycie na starej stronie i zatwierdzić przed wdrożeniem
https://hornigold.pl/uk/miasto-i-okolice/ilustracje/ceglane-podworze,https://hornigold.pl/uk/%D0%BC%D1%96%D1%81%D1%82%D0%BE-%D1%82%D0%B0-%D0%BE%D0%BA%D0%BE%D0%BB%D0%B8%D1%86%D1%96/%D1%96%D0%BB%D1%8E%D1%81%D1%82%D1%80%D0%B0%D1%86%D1%96%D1%97/%D1%86%D0%B5%D0%B3%D0%BB%D1%8F%D0%BD%D0%B5-%D0%BF%D0%BE%D0%B4%D0%B2%D1%96%D1%80%D1%8F/,301,Alias obecny w site/uk/miasto-i-okolice/ilustracje/ceglane-podworze/index.html; cel spłaszczony do adresu kanonicznego,SZKIC — potwierdzić użycie na starej stronie i zatwierdzić przed wdrożeniem
https://hornigold.pl/uk/miasto-i-okolice/ilustracje/ceglane-podworze/,https://hornigold.pl/uk/%D0%BC%D1%96%D1%81%D1%82%D0%BE-%D1%82%D0%B0-%D0%BE%D0%BA%D0%BE%D0%BB%D0%B8%D1%86%D1%96/%D1%96%D0%BB%D1%8E%D1%81%D1%82%D1%80%D0%B0%D1%86%D1%96%D1%97/%D1%86%D0%B5%D0%B3%D0%BB%D1%8F%D0%BD%D0%B5-%D0%BF%D0%BE%D0%B4%D0%B2%D1%96%D1%80%D1%8F/,301,Alias obecny w site/uk/miasto-i-okolice/ilustracje/ceglane-podworze/index.html; cel spłaszczony do adresu kanonicznego,SZKIC — potwierdzić użycie na starej stronie i zatwierdzić przed wdrożeniem
https://hornigold.pl/uk/miasto-i-okolice/ilustracje/dziedziniec-sztuki,https://hornigold.pl/uk/%D0%BC%D1%96%D1%81%D1%82%D0%BE-%D1%82%D0%B0-%D0%BE%D0%BA%D0%BE%D0%BB%D0%B8%D1%86%D1%96/%D1%96%D0%BB%D1%8E%D1%81%D1%82%D1%80%D0%B0%D1%86%D1%96%D1%97/%D0%BF%D0%BE%D0%B4%D0%B2%D1%96%D1%80%D1%8F-%D0%BC%D0%B8%D1%81%D1%82%D0%B5%D1%86%D1%82%D0%B2%D0%B0/,301,Alias obecny w site/uk/miasto-i-okolice/ilustracje/dziedziniec-sztuki/index.html; cel spłaszczony do adresu kanonicznego,SZKIC — potwierdzić użycie na starej stronie i zatwierdzić przed wdrożeniem
https://hornigold.pl/uk/miasto-i-okolice/ilustracje/dziedziniec-sztuki/,https://hornigold.pl/uk/%D0%BC%D1%96%D1%81%D1%82%D0%BE-%D1%82%D0%B0-%D0%BE%D0%BA%D0%BE%D0%BB%D0%B8%D1%86%D1%96/%D1%96%D0%BB%D1%8E%D1%81%D1%82%D1%80%D0%B0%D1%86%D1%96%D1%97/%D0%BF%D0%BE%D0%B4%D0%B2%D1%96%D1%80%D1%8F-%D0%BC%D0%B8%D1%81%D1%82%D0%B5%D1%86%D1%82%D0%B2%D0%B0/,301,Alias obecny w site/uk/miasto-i-okolice/ilustracje/dziedziniec-sztuki/index.html; cel spłaszczony do adresu kanonicznego,SZKIC — potwierdzić użycie na starej stronie i zatwierdzić przed wdrożeniem
https://hornigold.pl/uk/miasto-i-okolice/ilustracje/giszowiec-ogrod,https://hornigold.pl/uk/%D0%BC%D1%96%D1%81%D1%82%D0%BE-%D1%82%D0%B0-%D0%BE%D0%BA%D0%BE%D0%BB%D0%B8%D1%86%D1%96/%D1%96%D0%BB%D1%8E%D1%81%D1%82%D1%80%D0%B0%D1%86%D1%96%D1%97/%D0%B3%D1%96%D1%88%D0%BE%D0%B2%D0%B5%D1%86%D1%8C-%D1%96%D0%B4%D0%B5%D1%8F-%D0%BC%D1%96%D1%81%D1%82%D0%B0-%D1%81%D0%B0%D0%B4%D1%83/,301,Alias obecny w site/uk/miasto-i-okolice/ilustracje/giszowiec-ogrod/index.html; cel spłaszczony do adresu kanonicznego,SZKIC — potwierdzić użycie na starej stronie i zatwierdzić przed wdrożeniem
https://hornigold.pl/uk/miasto-i-okolice/ilustracje/giszowiec-ogrod/,https://hornigold.pl/uk/%D0%BC%D1%96%D1%81%D1%82%D0%BE-%D1%82%D0%B0-%D0%BE%D0%BA%D0%BE%D0%BB%D0%B8%D1%86%D1%96/%D1%96%D0%BB%D1%8E%D1%81%D1%82%D1%80%D0%B0%D1%86%D1%96%D1%97/%D0%B3%D1%96%D1%88%D0%BE%D0%B2%D0%B5%D1%86%D1%8C-%D1%96%D0%B4%D0%B5%D1%8F-%D0%BC%D1%96%D1%81%D1%82%D0%B0-%D1%81%D0%B0%D0%B4%D1%83/,301,Alias obecny w site/uk/miasto-i-okolice/ilustracje/giszowiec-ogrod/index.html; cel spłaszczony do adresu kanonicznego,SZKIC — potwierdzić użycie na starej stronie i zatwierdzić przed wdrożeniem
https://hornigold.pl/uk/miasto-i-okolice/ilustracje/hala-dworcowa,https://hornigold.pl/uk/%D0%BC%D1%96%D1%81%D1%82%D0%BE-%D1%82%D0%B0-%D0%BE%D0%BA%D0%BE%D0%BB%D0%B8%D1%86%D1%96/%D1%96%D0%BB%D1%8E%D1%81%D1%82%D1%80%D0%B0%D1%86%D1%96%D1%97/%D0%BF%D0%BE%D0%B4%D0%BE%D1%80%D0%BE%D0%B6-%D0%BF%D0%BE%D1%87%D0%B8%D0%BD%D0%B0%D1%94%D1%82%D1%8C%D1%81%D1%8F-%D0%B2-%D0%B7%D0%B0%D0%BB%D1%96/,301,Alias obecny w site/uk/miasto-i-okolice/ilustracje/hala-dworcowa/index.html; cel spłaszczony do adresu kanonicznego,SZKIC — potwierdzić użycie na starej stronie i zatwierdzić przed wdrożeniem
https://hornigold.pl/uk/miasto-i-okolice/ilustracje/hala-dworcowa/,https://hornigold.pl/uk/%D0%BC%D1%96%D1%81%D1%82%D0%BE-%D1%82%D0%B0-%D0%BE%D0%BA%D0%BE%D0%BB%D0%B8%D1%86%D1%96/%D1%96%D0%BB%D1%8E%D1%81%D1%82%D1%80%D0%B0%D1%86%D1%96%D1%97/%D0%BF%D0%BE%D0%B4%D0%BE%D1%80%D0%BE%D0%B6-%D0%BF%D0%BE%D1%87%D0%B8%D0%BD%D0%B0%D1%94%D1%82%D1%8C%D1%81%D1%8F-%D0%B2-%D0%B7%D0%B0%D0%BB%D1%96/,301,Alias obecny w site/uk/miasto-i-okolice/ilustracje/hala-dworcowa/index.html; cel spłaszczony do adresu kanonicznego,SZKIC — potwierdzić użycie na starej stronie i zatwierdzić przed wdrożeniem
https://hornigold.pl/uk/miasto-i-okolice/ilustracje/industrialna-zielen,https://hornigold.pl/uk/%D0%BC%D1%96%D1%81%D1%82%D0%BE-%D1%82%D0%B0-%D0%BE%D0%BA%D0%BE%D0%BB%D0%B8%D1%86%D1%96/%D1%96%D0%BB%D1%8E%D1%81%D1%82%D1%80%D0%B0%D1%86%D1%96%D1%97/%D0%BF%D1%80%D0%BE%D0%BC%D0%B8%D1%81%D0%BB%D0%BE%D0%B2%D1%96%D1%81%D1%82%D1%8C-%D1%96-%D0%BF%D0%BE%D0%B2%D0%B5%D1%80%D0%BD%D0%B5%D0%BD%D0%BD%D1%8F-%D0%B7%D0%B5%D0%BB%D0%B5%D0%BD%D1%96/,301,Alias obecny w site/uk/miasto-i-okolice/ilustracje/industrialna-zielen/index.html; cel spłaszczony do adresu kanonicznego,SZKIC — potwierdzić użycie na starej stronie i zatwierdzić przed wdrożeniem
https://hornigold.pl/uk/miasto-i-okolice/ilustracje/industrialna-zielen/,https://hornigold.pl/uk/%D0%BC%D1%96%D1%81%D1%82%D0%BE-%D1%82%D0%B0-%D0%BE%D0%BA%D0%BE%D0%BB%D0%B8%D1%86%D1%96/%D1%96%D0%BB%D1%8E%D1%81%D1%82%D1%80%D0%B0%D1%86%D1%96%D1%97/%D0%BF%D1%80%D0%BE%D0%BC%D0%B8%D1%81%D0%BB%D0%BE%D0%B2%D1%96%D1%81%D1%82%D1%8C-%D1%96-%D0%BF%D0%BE%D0%B2%D0%B5%D1%80%D0%BD%D0%B5%D0%BD%D0%BD%D1%8F-%D0%B7%D0%B5%D0%BB%D0%B5%D0%BD%D1%96/,301,Alias obecny w site/uk/miasto-i-okolice/ilustracje/industrialna-zielen/index.html; cel spłaszczony do adresu kanonicznego,SZKIC — potwierdzić użycie na starej stronie i zatwierdzić przed wdrożeniem
https://hornigold.pl/uk/miasto-i-okolice/ilustracje/kino-art-deco,https://hornigold.pl/uk/%D0%BC%D1%96%D1%81%D1%82%D0%BE-%D1%82%D0%B0-%D0%BE%D0%BA%D0%BE%D0%BB%D0%B8%D1%86%D1%96/%D1%96%D0%BB%D1%8E%D1%81%D1%82%D1%80%D0%B0%D1%86%D1%96%D1%97/%D0%BA%D1%96%D0%BD%D0%BE-%D1%83-%D1%81%D0%B2%D1%96%D1%82%D0%BB%D1%96-%D0%BC%D1%96%D1%81%D1%82%D0%B0/,301,Alias obecny w site/uk/miasto-i-okolice/ilustracje/kino-art-deco/index.html; cel spłaszczony do adresu kanonicznego,SZKIC — potwierdzić użycie na starej stronie i zatwierdzić przed wdrożeniem
https://hornigold.pl/uk/miasto-i-okolice/ilustracje/kino-art-deco/,https://hornigold.pl/uk/%D0%BC%D1%96%D1%81%D1%82%D0%BE-%D1%82%D0%B0-%D0%BE%D0%BA%D0%BE%D0%BB%D0%B8%D1%86%D1%96/%D1%96%D0%BB%D1%8E%D1%81%D1%82%D1%80%D0%B0%D1%86%D1%96%D1%97/%D0%BA%D1%96%D0%BD%D0%BE-%D1%83-%D1%81%D0%B2%D1%96%D1%82%D0%BB%D1%96-%D0%BC%D1%96%D1%81%D1%82%D0%B0/,301,Alias obecny w site/uk/miasto-i-okolice/ilustracje/kino-art-deco/index.html; cel spłaszczony do adresu kanonicznego,SZKIC — potwierdzić użycie na starej stronie i zatwierdzić przed wdrożeniem
https://hornigold.pl/uk/miasto-i-okolice/ilustracje/kosciol-mariacki,https://hornigold.pl/uk/%D0%BC%D1%96%D1%81%D1%82%D0%BE-%D1%82%D0%B0-%D0%BE%D0%BA%D0%BE%D0%BB%D0%B8%D1%86%D1%96/%D1%96%D0%BB%D1%8E%D1%81%D1%82%D1%80%D0%B0%D1%86%D1%96%D1%97/%D0%BC%D0%B0%D1%80%D1%96%D0%B0%D1%86%D1%8C%D0%BA%D0%B8%D0%B8-%D0%BA%D0%BE%D1%81%D1%82%D0%B5%D0%BB-%D0%B3%D0%BE%D1%82%D0%B8%D1%87%D0%BD%D0%B8%D0%B8-%D1%80%D0%B8%D1%82%D0%BC/,301,Alias obecny w site/uk/miasto-i-okolice/ilustracje/kosciol-mariacki/index.html; cel spłaszczony do adresu kanonicznego,SZKIC — potwierdzić użycie na starej stronie i zatwierdzić przed wdrożeniem
https://hornigold.pl/uk/miasto-i-okolice/ilustracje/kosciol-mariacki/,https://hornigold.pl/uk/%D0%BC%D1%96%D1%81%D1%82%D0%BE-%D1%82%D0%B0-%D0%BE%D0%BA%D0%BE%D0%BB%D0%B8%D1%86%D1%96/%D1%96%D0%BB%D1%8E%D1%81%D1%82%D1%80%D0%B0%D1%86%D1%96%D1%97/%D0%BC%D0%B0%D1%80%D1%96%D0%B0%D1%86%D1%8C%D0%BA%D0%B8%D0%B8-%D0%BA%D0%BE%D1%81%D1%82%D0%B5%D0%BB-%D0%B3%D0%BE%D1%82%D0%B8%D1%87%D0%BD%D0%B8%D0%B8-%D1%80%D0%B8%D1%82%D0%BC/,301,Alias obecny w site/uk/miasto-i-okolice/ilustracje/kosciol-mariacki/index.html; cel spłaszczony do adresu kanonicznego,SZKIC — potwierdzić użycie na starej stronie i zatwierdzić przed wdrożeniem
https://hornigold.pl/uk/miasto-i-okolice/ilustracje/kultura-po-zmroku,https://hornigold.pl/uk/%D0%BC%D1%96%D1%81%D1%82%D0%BE-%D1%82%D0%B0-%D0%BE%D0%BA%D0%BE%D0%BB%D0%B8%D1%86%D1%96/%D1%96%D0%BB%D1%8E%D1%81%D1%82%D1%80%D0%B0%D1%86%D1%96%D1%97/%D0%BA%D1%83%D0%BB%D1%8C%D1%82%D1%83%D1%80%D0%B0-%D0%BF%D1%96%D1%81%D0%BB%D1%8F-%D1%81%D1%83%D1%82%D1%96%D0%BD%D0%BA%D1%96%D0%B2/,301,Alias obecny w site/uk/miasto-i-okolice/ilustracje/kultura-po-zmroku/index.html; cel spłaszczony do adresu kanonicznego,SZKIC — potwierdzić użycie na starej stronie i zatwierdzić przed wdrożeniem
https://hornigold.pl/uk/miasto-i-okolice/ilustracje/kultura-po-zmroku/,https://hornigold.pl/uk/%D0%BC%D1%96%D1%81%D1%82%D0%BE-%D1%82%D0%B0-%D0%BE%D0%BA%D0%BE%D0%BB%D0%B8%D1%86%D1%96/%D1%96%D0%BB%D1%8E%D1%81%D1%82%D1%80%D0%B0%D1%86%D1%96%D1%97/%D0%BA%D1%83%D0%BB%D1%8C%D1%82%D1%83%D1%80%D0%B0-%D0%BF%D1%96%D1%81%D0%BB%D1%8F-%D1%81%D1%83%D1%82%D1%96%D0%BD%D0%BA%D1%96%D0%B2/,301,Alias obecny w site/uk/miasto-i-okolice/ilustracje/kultura-po-zmroku/index.html; cel spłaszczony do adresu kanonicznego,SZKIC — potwierdzić użycie na starej stronie i zatwierdzić przed wdrożeniem
https://hornigold.pl/uk/miasto-i-okolice/ilustracje/kultura-zachod,https://hornigold.pl/uk/%D0%BC%D1%96%D1%81%D1%82%D0%BE-%D1%82%D0%B0-%D0%BE%D0%BA%D0%BE%D0%BB%D0%B8%D1%86%D1%96/%D1%96%D0%BB%D1%8E%D1%81%D1%82%D1%80%D0%B0%D1%86%D1%96%D1%97/%D0%BA%D1%83%D0%BB%D1%8C%D1%82%D1%83%D1%80%D0%BD%D0%B8%D0%B8-%D1%80%D0%B0%D0%B8%D0%BE%D0%BD-%D0%BD%D0%B0-%D0%B7%D0%B0%D1%85%D0%BE%D0%B4%D1%96-%D1%81%D0%BE%D0%BD%D1%86%D1%8F/,301,Alias obecny w site/uk/miasto-i-okolice/ilustracje/kultura-zachod/index.html; cel spłaszczony do adresu kanonicznego,SZKIC — potwierdzić użycie na starej stronie i zatwierdzić przed wdrożeniem
https://hornigold.pl/uk/miasto-i-okolice/ilustracje/kultura-zachod/,https://hornigold.pl/uk/%D0%BC%D1%96%D1%81%D1%82%D0%BE-%D1%82%D0%B0-%D0%BE%D0%BA%D0%BE%D0%BB%D0%B8%D1%86%D1%96/%D1%96%D0%BB%D1%8E%D1%81%D1%82%D1%80%D0%B0%D1%86%D1%96%D1%97/%D0%BA%D1%83%D0%BB%D1%8C%D1%82%D1%83%D1%80%D0%BD%D0%B8%D0%B8-%D1%80%D0%B0%D0%B8%D0%BE%D0%BD-%D0%BD%D0%B0-%D0%B7%D0%B0%D1%85%D0%BE%D0%B4%D1%96-%D1%81%D0%BE%D0%BD%D1%86%D1%8F/,301,Alias obecny w site/uk/miasto-i-okolice/ilustracje/kultura-zachod/index.html; cel spłaszczony do adresu kanonicznego,SZKIC — potwierdzić użycie na starej stronie i zatwierdzić przed wdrożeniem
https://hornigold.pl/uk/miasto-i-okolice/ilustracje/mck,https://hornigold.pl/uk/%D0%BC%D1%96%D1%81%D1%82%D0%BE-%D1%82%D0%B0-%D0%BE%D0%BA%D0%BE%D0%BB%D0%B8%D1%86%D1%96/%D1%96%D0%BB%D1%8E%D1%81%D1%82%D1%80%D0%B0%D1%86%D1%96%D1%97/mck-%D0%B0%D1%80%D1%85%D1%96%D1%82%D0%B5%D0%BA%D1%82%D1%83%D1%80%D0%B0-%D0%B7%D1%83%D1%81%D1%82%D1%80%D1%96%D1%87%D0%B5%D0%B8/,301,Alias obecny w site/uk/miasto-i-okolice/ilustracje/mck/index.html; cel spłaszczony do adresu kanonicznego,SZKIC — potwierdzić użycie na starej stronie i zatwierdzić przed wdrożeniem
https://hornigold.pl/uk/miasto-i-okolice/ilustracje/mck/,https://hornigold.pl/uk/%D0%BC%D1%96%D1%81%D1%82%D0%BE-%D1%82%D0%B0-%D0%BE%D0%BA%D0%BE%D0%BB%D0%B8%D1%86%D1%96/%D1%96%D0%BB%D1%8E%D1%81%D1%82%D1%80%D0%B0%D1%86%D1%96%D1%97/mck-%D0%B0%D1%80%D1%85%D1%96%D1%82%D0%B5%D0%BA%D1%82%D1%83%D1%80%D0%B0-%D0%B7%D1%83%D1%81%D1%82%D1%80%D1%96%D1%87%D0%B5%D0%B8/,301,Alias obecny w site/uk/miasto-i-okolice/ilustracje/mck/index.html; cel spłaszczony do adresu kanonicznego,SZKIC — potwierdzić użycie na starej stronie i zatwierdzić przed wdrożeniem
https://hornigold.pl/uk/miasto-i-okolice/ilustracje/modernizm,https://hornigold.pl/uk/%D0%BC%D1%96%D1%81%D1%82%D0%BE-%D1%82%D0%B0-%D0%BE%D0%BA%D0%BE%D0%BB%D0%B8%D1%86%D1%96/%D1%96%D0%BB%D1%8E%D1%81%D1%82%D1%80%D0%B0%D1%86%D1%96%D1%97/%D1%88%D0%BB%D1%8F%D1%85-%D0%BC%D0%BE%D0%B4%D0%B5%D1%80%D0%BD%D1%96%D0%B7%D0%BC%D1%83-%D0%BC%D1%96%D1%81%D1%82%D0%BE-%D0%BD%D0%BE%D0%B2%D0%B8%D1%85-%D1%84%D0%BE%D1%80%D0%BC/,301,Alias obecny w site/uk/miasto-i-okolice/ilustracje/modernizm/index.html; cel spłaszczony do adresu kanonicznego,SZKIC — potwierdzić użycie na starej stronie i zatwierdzić przed wdrożeniem
https://hornigold.pl/uk/miasto-i-okolice/ilustracje/modernizm/,https://hornigold.pl/uk/%D0%BC%D1%96%D1%81%D1%82%D0%BE-%D1%82%D0%B0-%D0%BE%D0%BA%D0%BE%D0%BB%D0%B8%D1%86%D1%96/%D1%96%D0%BB%D1%8E%D1%81%D1%82%D1%80%D0%B0%D1%86%D1%96%D1%97/%D1%88%D0%BB%D1%8F%D1%85-%D0%BC%D0%BE%D0%B4%D0%B5%D1%80%D0%BD%D1%96%D0%B7%D0%BC%D1%83-%D0%BC%D1%96%D1%81%D1%82%D0%BE-%D0%BD%D0%BE%D0%B2%D0%B8%D1%85-%D1%84%D0%BE%D1%80%D0%BC/,301,Alias obecny w site/uk/miasto-i-okolice/ilustracje/modernizm/index.html; cel spłaszczony do adresu kanonicznego,SZKIC — potwierdzić użycie na starej stronie i zatwierdzić przed wdrożeniem
https://hornigold.pl/uk/miasto-i-okolice/ilustracje/muzeum-slaskie,https://hornigold.pl/uk/%D0%BC%D1%96%D1%81%D1%82%D0%BE-%D1%82%D0%B0-%D0%BE%D0%BA%D0%BE%D0%BB%D0%B8%D1%86%D1%96/%D1%96%D0%BB%D1%8E%D1%81%D1%82%D1%80%D0%B0%D1%86%D1%96%D1%97/%D1%81%D1%96%D0%BB%D0%B5%D0%B7%D1%8C%D0%BA%D0%B8%D0%B8-%D0%BC%D1%83%D0%B7%D0%B5%D0%B8-%D0%BD%D0%BE%D0%B2%D0%B5-%D0%B6%D0%B8%D1%82%D1%82%D1%8F-%D1%88%D0%B0%D1%85%D1%82%D0%B8/,301,Alias obecny w site/uk/miasto-i-okolice/ilustracje/muzeum-slaskie/index.html; cel spłaszczony do adresu kanonicznego,SZKIC — potwierdzić użycie na starej stronie i zatwierdzić przed wdrożeniem
https://hornigold.pl/uk/miasto-i-okolice/ilustracje/muzeum-slaskie/,https://hornigold.pl/uk/%D0%BC%D1%96%D1%81%D1%82%D0%BE-%D1%82%D0%B0-%D0%BE%D0%BA%D0%BE%D0%BB%D0%B8%D1%86%D1%96/%D1%96%D0%BB%D1%8E%D1%81%D1%82%D1%80%D0%B0%D1%86%D1%96%D1%97/%D1%81%D1%96%D0%BB%D0%B5%D0%B7%D1%8C%D0%BA%D0%B8%D0%B8-%D0%BC%D1%83%D0%B7%D0%B5%D0%B8-%D0%BD%D0%BE%D0%B2%D0%B5-%D0%B6%D0%B8%D1%82%D1%82%D1%8F-%D1%88%D0%B0%D1%85%D1%82%D0%B8/,301,Alias obecny w site/uk/miasto-i-okolice/ilustracje/muzeum-slaskie/index.html; cel spłaszczony do adresu kanonicznego,SZKIC — potwierdzić użycie na starej stronie i zatwierdzić przed wdrożeniem
https://hornigold.pl/uk/miasto-i-okolice/ilustracje/nikiszowiec-cegla,https://hornigold.pl/uk/%D0%BC%D1%96%D1%81%D1%82%D0%BE-%D1%82%D0%B0-%D0%BE%D0%BA%D0%BE%D0%BB%D0%B8%D1%86%D1%96/%D1%96%D0%BB%D1%8E%D1%81%D1%82%D1%80%D0%B0%D1%86%D1%96%D1%97/%D0%BD%D1%96%D0%BA%D1%96%D1%88%D0%BE%D0%B2%D0%B5%D1%86%D1%8C-%D1%96%D1%81%D1%82%D0%BE%D1%80%D1%96%D1%8F-%D1%87%D0%B5%D1%80%D0%B2%D0%BE%D0%BD%D0%BE%D1%96-%D1%86%D0%B5%D0%B3%D0%BB%D0%B8/,301,Alias obecny w site/uk/miasto-i-okolice/ilustracje/nikiszowiec-cegla/index.html; cel spłaszczony do adresu kanonicznego,SZKIC — potwierdzić użycie na starej stronie i zatwierdzić przed wdrożeniem
https://hornigold.pl/uk/miasto-i-okolice/ilustracje/nikiszowiec-cegla/,https://hornigold.pl/uk/%D0%BC%D1%96%D1%81%D1%82%D0%BE-%D1%82%D0%B0-%D0%BE%D0%BA%D0%BE%D0%BB%D0%B8%D1%86%D1%96/%D1%96%D0%BB%D1%8E%D1%81%D1%82%D1%80%D0%B0%D1%86%D1%96%D1%97/%D0%BD%D1%96%D0%BA%D1%96%D1%88%D0%BE%D0%B2%D0%B5%D1%86%D1%8C-%D1%96%D1%81%D1%82%D0%BE%D1%80%D1%96%D1%8F-%D1%87%D0%B5%D1%80%D0%B2%D0%BE%D0%BD%D0%BE%D1%96-%D1%86%D0%B5%D0%B3%D0%BB%D0%B8/,301,Alias obecny w site/uk/miasto-i-okolice/ilustracje/nikiszowiec-cegla/index.html; cel spłaszczony do adresu kanonicznego,SZKIC — potwierdzić użycie na starej stronie i zatwierdzić przed wdrożeniem
https://hornigold.pl/uk/miasto-i-okolice/ilustracje/nospr,https://hornigold.pl/uk/%D0%BC%D1%96%D1%81%D1%82%D0%BE-%D1%82%D0%B0-%D0%BE%D0%BA%D0%BE%D0%BB%D0%B8%D1%86%D1%96/%D1%96%D0%BB%D1%8E%D1%81%D1%82%D1%80%D0%B0%D1%86%D1%96%D1%97/nospr-%D0%BC%D1%96%D1%81%D1%82%D0%BE-%D0%BC%D1%83%D0%B7%D0%B8%D0%BA%D0%B8/,301,Alias obecny w site/uk/miasto-i-okolice/ilustracje/nospr/index.html; cel spłaszczony do adresu kanonicznego,SZKIC — potwierdzić użycie na starej stronie i zatwierdzić przed wdrożeniem
https://hornigold.pl/uk/miasto-i-okolice/ilustracje/nospr/,https://hornigold.pl/uk/%D0%BC%D1%96%D1%81%D1%82%D0%BE-%D1%82%D0%B0-%D0%BE%D0%BA%D0%BE%D0%BB%D0%B8%D1%86%D1%96/%D1%96%D0%BB%D1%8E%D1%81%D1%82%D1%80%D0%B0%D1%86%D1%96%D1%97/nospr-%D0%BC%D1%96%D1%81%D1%82%D0%BE-%D0%BC%D1%83%D0%B7%D0%B8%D0%BA%D0%B8/,301,Alias obecny w site/uk/miasto-i-okolice/ilustracje/nospr/index.html; cel spłaszczony do adresu kanonicznego,SZKIC — potwierdzić użycie na starej stronie i zatwierdzić przed wdrożeniem
https://hornigold.pl/uk/miasto-i-okolice/ilustracje/opera-wyobrazona,https://hornigold.pl/uk/%D0%BC%D1%96%D1%81%D1%82%D0%BE-%D1%82%D0%B0-%D0%BE%D0%BA%D0%BE%D0%BB%D0%B8%D1%86%D1%96/%D1%96%D0%BB%D1%8E%D1%81%D1%82%D1%80%D0%B0%D1%86%D1%96%D1%97/%D0%BE%D0%BF%D0%B5%D1%80%D0%BD%D0%B8%D0%B8-%D0%B2%D0%B5%D1%87%D1%96%D1%80/,301,Alias obecny w site/uk/miasto-i-okolice/ilustracje/opera-wyobrazona/index.html; cel spłaszczony do adresu kanonicznego,SZKIC — potwierdzić użycie na starej stronie i zatwierdzić przed wdrożeniem
https://hornigold.pl/uk/miasto-i-okolice/ilustracje/opera-wyobrazona/,https://hornigold.pl/uk/%D0%BC%D1%96%D1%81%D1%82%D0%BE-%D1%82%D0%B0-%D0%BE%D0%BA%D0%BE%D0%BB%D0%B8%D1%86%D1%96/%D1%96%D0%BB%D1%8E%D1%81%D1%82%D1%80%D0%B0%D1%86%D1%96%D1%97/%D0%BE%D0%BF%D0%B5%D1%80%D0%BD%D0%B8%D0%B8-%D0%B2%D0%B5%D1%87%D1%96%D1%80/,301,Alias obecny w site/uk/miasto-i-okolice/ilustracje/opera-wyobrazona/index.html; cel spłaszczony do adresu kanonicznego,SZKIC — potwierdzić użycie na starej stronie i zatwierdzić przed wdrożeniem
https://hornigold.pl/uk/miasto-i-okolice/ilustracje/panorama-regionu,https://hornigold.pl/uk/%D0%BC%D1%96%D1%81%D1%82%D0%BE-%D1%82%D0%B0-%D0%BE%D0%BA%D0%BE%D0%BB%D0%B8%D1%86%D1%96/%D1%96%D0%BB%D1%8E%D1%81%D1%82%D1%80%D0%B0%D1%86%D1%96%D1%97/%D1%81%D1%96%D0%BB%D0%B5%D0%B7%D1%96%D1%8F-%D1%83%D1%8F%D0%B2%D0%BD%D0%B0-%D0%BF%D0%B0%D0%BD%D0%BE%D1%80%D0%B0%D0%BC%D0%B0/,301,Alias obecny w site/uk/miasto-i-okolice/ilustracje/panorama-regionu/index.html; cel spłaszczony do adresu kanonicznego,SZKIC — potwierdzić użycie na starej stronie i zatwierdzić przed wdrożeniem
https://hornigold.pl/uk/miasto-i-okolice/ilustracje/panorama-regionu/,https://hornigold.pl/uk/%D0%BC%D1%96%D1%81%D1%82%D0%BE-%D1%82%D0%B0-%D0%BE%D0%BA%D0%BE%D0%BB%D0%B8%D1%86%D1%96/%D1%96%D0%BB%D1%8E%D1%81%D1%82%D1%80%D0%B0%D1%86%D1%96%D1%97/%D1%81%D1%96%D0%BB%D0%B5%D0%B7%D1%96%D1%8F-%D1%83%D1%8F%D0%B2%D0%BD%D0%B0-%D0%BF%D0%B0%D0%BD%D0%BE%D1%80%D0%B0%D0%BC%D0%B0/,301,Alias obecny w site/uk/miasto-i-okolice/ilustracje/panorama-regionu/index.html; cel spłaszczony do adresu kanonicznego,SZKIC — potwierdzić użycie na starej stronie i zatwierdzić przed wdrożeniem
https://hornigold.pl/uk/miasto-i-okolice/ilustracje/park-kosciuszki,https://hornigold.pl/uk/%D0%BC%D1%96%D1%81%D1%82%D0%BE-%D1%82%D0%B0-%D0%BE%D0%BA%D0%BE%D0%BB%D0%B8%D1%86%D1%96/%D1%96%D0%BB%D1%8E%D1%81%D1%82%D1%80%D0%B0%D1%86%D1%96%D1%97/%D0%BF%D0%B0%D1%80%D0%BA-%D0%BA%D0%BE%D1%81%D1%82%D1%8E%D1%88%D0%BA%D0%B0-%D0%BF%D0%BE%D0%B4%D0%B8%D1%85-%D0%BC%D1%96%D1%81%D1%82%D0%B0/,301,Alias obecny w site/uk/miasto-i-okolice/ilustracje/park-kosciuszki/index.html; cel spłaszczony do adresu kanonicznego,SZKIC — potwierdzić użycie na starej stronie i zatwierdzić przed wdrożeniem
https://hornigold.pl/uk/miasto-i-okolice/ilustracje/park-kosciuszki/,https://hornigold.pl/uk/%D0%BC%D1%96%D1%81%D1%82%D0%BE-%D1%82%D0%B0-%D0%BE%D0%BA%D0%BE%D0%BB%D0%B8%D1%86%D1%96/%D1%96%D0%BB%D1%8E%D1%81%D1%82%D1%80%D0%B0%D1%86%D1%96%D1%97/%D0%BF%D0%B0%D1%80%D0%BA-%D0%BA%D0%BE%D1%81%D1%82%D1%8E%D1%88%D0%BA%D0%B0-%D0%BF%D0%BE%D0%B4%D0%B8%D1%85-%D0%BC%D1%96%D1%81%D1%82%D0%B0/,301,Alias obecny w site/uk/miasto-i-okolice/ilustracje/park-kosciuszki/index.html; cel spłaszczony do adresu kanonicznego,SZKIC — potwierdzić użycie na starej stronie i zatwierdzić przed wdrożeniem
https://hornigold.pl/uk/miasto-i-okolice/ilustracje/park-nad-stawem,https://hornigold.pl/uk/%D0%BC%D1%96%D1%81%D1%82%D0%BE-%D1%82%D0%B0-%D0%BE%D0%BA%D0%BE%D0%BB%D0%B8%D1%86%D1%96/%D1%96%D0%BB%D1%8E%D1%81%D1%82%D1%80%D0%B0%D1%86%D1%96%D1%97/%D0%BF%D0%B0%D1%80%D0%BA-%D0%B1%D1%96%D0%BB%D1%8F-%D1%81%D1%82%D0%B0%D0%B2%D1%83/,301,Alias obecny w site/uk/miasto-i-okolice/ilustracje/park-nad-stawem/index.html; cel spłaszczony do adresu kanonicznego,SZKIC — potwierdzić użycie na starej stronie i zatwierdzić przed wdrożeniem
https://hornigold.pl/uk/miasto-i-okolice/ilustracje/park-nad-stawem/,https://hornigold.pl/uk/%D0%BC%D1%96%D1%81%D1%82%D0%BE-%D1%82%D0%B0-%D0%BE%D0%BA%D0%BE%D0%BB%D0%B8%D1%86%D1%96/%D1%96%D0%BB%D1%8E%D1%81%D1%82%D1%80%D0%B0%D1%86%D1%96%D1%97/%D0%BF%D0%B0%D1%80%D0%BA-%D0%B1%D1%96%D0%BB%D1%8F-%D1%81%D1%82%D0%B0%D0%B2%D1%83/,301,Alias obecny w site/uk/miasto-i-okolice/ilustracje/park-nad-stawem/index.html; cel spłaszczony do adresu kanonicznego,SZKIC — potwierdzić użycie na starej stronie i zatwierdzić przed wdrożeniem
https://hornigold.pl/uk/miasto-i-okolice/ilustracje/porcelana,https://hornigold.pl/uk/%D0%BC%D1%96%D1%81%D1%82%D0%BE-%D1%82%D0%B0-%D0%BE%D0%BA%D0%BE%D0%BB%D0%B8%D1%86%D1%96/%D1%96%D0%BB%D1%8E%D1%81%D1%82%D1%80%D0%B0%D1%86%D1%96%D1%97/%D0%BF%D0%BE%D1%80%D1%86%D0%B5%D0%BB%D1%8F%D0%BD%D0%BE%D0%B2%D0%B0-%D1%84%D0%B0%D0%B1%D1%80%D0%B8%D0%BA%D0%B0-%D0%BF%D1%80%D0%BE%D0%BC%D0%B8%D1%81%D0%BB%D0%BE%D0%B2%D1%96%D1%81%D1%82%D1%8C-%D1%96-%D1%80%D0%B5%D0%BC%D0%B5%D1%81%D0%BB%D0%BE/,301,Alias obecny w site/uk/miasto-i-okolice/ilustracje/porcelana/index.html; cel spłaszczony do adresu kanonicznego,SZKIC — potwierdzić użycie na starej stronie i zatwierdzić przed wdrożeniem
https://hornigold.pl/uk/miasto-i-okolice/ilustracje/porcelana/,https://hornigold.pl/uk/%D0%BC%D1%96%D1%81%D1%82%D0%BE-%D1%82%D0%B0-%D0%BE%D0%BA%D0%BE%D0%BB%D0%B8%D1%86%D1%96/%D1%96%D0%BB%D1%8E%D1%81%D1%82%D1%80%D0%B0%D1%86%D1%96%D1%97/%D0%BF%D0%BE%D1%80%D1%86%D0%B5%D0%BB%D1%8F%D0%BD%D0%BE%D0%B2%D0%B0-%D1%84%D0%B0%D0%B1%D1%80%D0%B8%D0%BA%D0%B0-%D0%BF%D1%80%D0%BE%D0%BC%D0%B8%D1%81%D0%BB%D0%BE%D0%B2%D1%96%D1%81%D1%82%D1%8C-%D1%96-%D1%80%D0%B5%D0%BC%D0%B5%D1%81%D0%BB%D0%BE/,301,Alias obecny w site/uk/miasto-i-okolice/ilustracje/porcelana/index.html; cel spłaszczony do adresu kanonicznego,SZKIC — potwierdzić użycie na starej stronie i zatwierdzić przed wdrożeniem
https://hornigold.pl/uk/miasto-i-okolice/ilustracje/przed-koncertem,https://hornigold.pl/uk/%D0%BC%D1%96%D1%81%D1%82%D0%BE-%D1%82%D0%B0-%D0%BE%D0%BA%D0%BE%D0%BB%D0%B8%D1%86%D1%96/%D1%96%D0%BB%D1%8E%D1%81%D1%82%D1%80%D0%B0%D1%86%D1%96%D1%97/%D0%BC%D0%B8%D1%82%D1%8C-%D0%BF%D0%B5%D1%80%D0%B5%D0%B4-%D0%BA%D0%BE%D0%BD%D1%86%D0%B5%D1%80%D1%82%D0%BE%D0%BC/,301,Alias obecny w site/uk/miasto-i-okolice/ilustracje/przed-koncertem/index.html; cel spłaszczony do adresu kanonicznego,SZKIC — potwierdzić użycie na starej stronie i zatwierdzić przed wdrożeniem
https://hornigold.pl/uk/miasto-i-okolice/ilustracje/przed-koncertem/,https://hornigold.pl/uk/%D0%BC%D1%96%D1%81%D1%82%D0%BE-%D1%82%D0%B0-%D0%BE%D0%BA%D0%BE%D0%BB%D0%B8%D1%86%D1%96/%D1%96%D0%BB%D1%8E%D1%81%D1%82%D1%80%D0%B0%D1%86%D1%96%D1%97/%D0%BC%D0%B8%D1%82%D1%8C-%D0%BF%D0%B5%D1%80%D0%B5%D0%B4-%D0%BA%D0%BE%D0%BD%D1%86%D0%B5%D1%80%D1%82%D0%BE%D0%BC/,301,Alias obecny w site/uk/miasto-i-okolice/ilustracje/przed-koncertem/index.html; cel spłaszczony do adresu kanonicznego,SZKIC — potwierdzić użycie na starej stronie i zatwierdzić przed wdrożeniem
https://hornigold.pl/uk/miasto-i-okolice/ilustracje/sakralne-wieze,https://hornigold.pl/uk/%D0%BC%D1%96%D1%81%D1%82%D0%BE-%D1%82%D0%B0-%D0%BE%D0%BA%D0%BE%D0%BB%D0%B8%D1%86%D1%96/%D1%96%D0%BB%D1%8E%D1%81%D1%82%D1%80%D0%B0%D1%86%D1%96%D1%97/%D0%B2%D0%B5%D0%B6%D1%96-%D0%B8-%D1%82%D0%B8%D1%88%D0%B0/,301,Alias obecny w site/uk/miasto-i-okolice/ilustracje/sakralne-wieze/index.html; cel spłaszczony do adresu kanonicznego,SZKIC — potwierdzić użycie na starej stronie i zatwierdzić przed wdrożeniem
https://hornigold.pl/uk/miasto-i-okolice/ilustracje/sakralne-wieze/,https://hornigold.pl/uk/%D0%BC%D1%96%D1%81%D1%82%D0%BE-%D1%82%D0%B0-%D0%BE%D0%BA%D0%BE%D0%BB%D0%B8%D1%86%D1%96/%D1%96%D0%BB%D1%8E%D1%81%D1%82%D1%80%D0%B0%D1%86%D1%96%D1%97/%D0%B2%D0%B5%D0%B6%D1%96-%D0%B8-%D1%82%D0%B8%D1%88%D0%B0/,301,Alias obecny w site/uk/miasto-i-okolice/ilustracje/sakralne-wieze/index.html; cel spłaszczony do adresu kanonicznego,SZKIC — potwierdzić użycie na starej stronie i zatwierdzić przed wdrożeniem
https://hornigold.pl/uk/miasto-i-okolice/ilustracje/sala-nad-woda,https://hornigold.pl/uk/%D0%BC%D1%96%D1%81%D1%82%D0%BE-%D1%82%D0%B0-%D0%BE%D0%BA%D0%BE%D0%BB%D0%B8%D1%86%D1%96/%D1%96%D0%BB%D1%8E%D1%81%D1%82%D1%80%D0%B0%D1%86%D1%96%D1%97/%D0%BC%D1%83%D0%B7%D0%B8%D0%BA%D0%B0-%D0%B1%D1%96%D0%BB%D1%8F-%D0%B2%D0%BE%D0%B4%D0%B8/,301,Alias obecny w site/uk/miasto-i-okolice/ilustracje/sala-nad-woda/index.html; cel spłaszczony do adresu kanonicznego,SZKIC — potwierdzić użycie na starej stronie i zatwierdzić przed wdrożeniem
https://hornigold.pl/uk/miasto-i-okolice/ilustracje/sala-nad-woda/,https://hornigold.pl/uk/%D0%BC%D1%96%D1%81%D1%82%D0%BE-%D1%82%D0%B0-%D0%BE%D0%BA%D0%BE%D0%BB%D0%B8%D1%86%D1%96/%D1%96%D0%BB%D1%8E%D1%81%D1%82%D1%80%D0%B0%D1%86%D1%96%D1%97/%D0%BC%D1%83%D0%B7%D0%B8%D0%BA%D0%B0-%D0%B1%D1%96%D0%BB%D1%8F-%D0%B2%D0%BE%D0%B4%D0%B8/,301,Alias obecny w site/uk/miasto-i-okolice/ilustracje/sala-nad-woda/index.html; cel spłaszczony do adresu kanonicznego,SZKIC — potwierdzić użycie na starej stronie i zatwierdzić przed wdrożeniem
https://hornigold.pl/uk/miasto-i-okolice/ilustracje/spodek,https://hornigold.pl/uk/%D0%BC%D1%96%D1%81%D1%82%D0%BE-%D1%82%D0%B0-%D0%BE%D0%BA%D0%BE%D0%BB%D0%B8%D1%86%D1%96/%D1%96%D0%BB%D1%8E%D1%81%D1%82%D1%80%D0%B0%D1%86%D1%96%D1%97/spodek-%D1%85%D1%83%D0%B4%D0%BE%D0%B6%D0%BD%D1%94-%D0%B1%D0%B0%D1%87%D0%B5%D0%BD%D0%BD%D1%8F/,301,Alias obecny w site/uk/miasto-i-okolice/ilustracje/spodek/index.html; cel spłaszczony do adresu kanonicznego,SZKIC — potwierdzić użycie na starej stronie i zatwierdzić przed wdrożeniem
https://hornigold.pl/uk/miasto-i-okolice/ilustracje/spodek/,https://hornigold.pl/uk/%D0%BC%D1%96%D1%81%D1%82%D0%BE-%D1%82%D0%B0-%D0%BE%D0%BA%D0%BE%D0%BB%D0%B8%D1%86%D1%96/%D1%96%D0%BB%D1%8E%D1%81%D1%82%D1%80%D0%B0%D1%86%D1%96%D1%97/spodek-%D1%85%D1%83%D0%B4%D0%BE%D0%B6%D0%BD%D1%94-%D0%B1%D0%B0%D1%87%D0%B5%D0%BD%D0%BD%D1%8F/,301,Alias obecny w site/uk/miasto-i-okolice/ilustracje/spodek/index.html; cel spłaszczony do adresu kanonicznego,SZKIC — potwierdzić użycie na starej stronie i zatwierdzić przed wdrożeniem
https://hornigold.pl/uk/miasto-i-okolice/ilustracje/teatr-slaski,https://hornigold.pl/uk/%D0%BC%D1%96%D1%81%D1%82%D0%BE-%D1%82%D0%B0-%D0%BE%D0%BA%D0%BE%D0%BB%D0%B8%D1%86%D1%96/%D1%96%D0%BB%D1%8E%D1%81%D1%82%D1%80%D0%B0%D1%86%D1%96%D1%97/%D1%81%D1%96%D0%BB%D0%B5%D0%B7%D1%8C%D0%BA%D0%B8%D0%B8-%D1%82%D0%B5%D0%B0%D1%82%D1%80-%D0%B2%D0%B5%D1%87%D1%96%D1%80-%D0%B1%D1%96%D0%BB%D1%8F-%D1%80%D0%B8%D0%BD%D0%BA%D1%83/,301,Alias obecny w site/uk/miasto-i-okolice/ilustracje/teatr-slaski/index.html; cel spłaszczony do adresu kanonicznego,SZKIC — potwierdzić użycie na starej stronie i zatwierdzić przed wdrożeniem
https://hornigold.pl/uk/miasto-i-okolice/ilustracje/teatr-slaski/,https://hornigold.pl/uk/%D0%BC%D1%96%D1%81%D1%82%D0%BE-%D1%82%D0%B0-%D0%BE%D0%BA%D0%BE%D0%BB%D0%B8%D1%86%D1%96/%D1%96%D0%BB%D1%8E%D1%81%D1%82%D1%80%D0%B0%D1%86%D1%96%D1%97/%D1%81%D1%96%D0%BB%D0%B5%D0%B7%D1%8C%D0%BA%D0%B8%D0%B8-%D1%82%D0%B5%D0%B0%D1%82%D1%80-%D0%B2%D0%B5%D1%87%D1%96%D1%80-%D0%B1%D1%96%D0%BB%D1%8F-%D1%80%D0%B8%D0%BD%D0%BA%D1%83/,301,Alias obecny w site/uk/miasto-i-okolice/ilustracje/teatr-slaski/index.html; cel spłaszczony do adresu kanonicznego,SZKIC — potwierdzić użycie na starej stronie i zatwierdzić przed wdrożeniem
https://hornigold.pl/uk/miasto-i-okolice/ilustracje/teatralne-schody,https://hornigold.pl/uk/%D0%BC%D1%96%D1%81%D1%82%D0%BE-%D1%82%D0%B0-%D0%BE%D0%BA%D0%BE%D0%BB%D0%B8%D1%86%D1%96/%D1%96%D0%BB%D1%8E%D1%81%D1%82%D1%80%D0%B0%D1%86%D1%96%D1%97/%D1%81%D1%85%D0%BE%D0%B4%D0%B8-%D0%B4%D0%BE-%D1%82%D0%B5%D0%B0%D1%82%D1%80%D1%83/,301,Alias obecny w site/uk/miasto-i-okolice/ilustracje/teatralne-schody/index.html; cel spłaszczony do adresu kanonicznego,SZKIC — potwierdzić użycie na starej stronie i zatwierdzić przed wdrożeniem
https://hornigold.pl/uk/miasto-i-okolice/ilustracje/teatralne-schody/,https://hornigold.pl/uk/%D0%BC%D1%96%D1%81%D1%82%D0%BE-%D1%82%D0%B0-%D0%BE%D0%BA%D0%BE%D0%BB%D0%B8%D1%86%D1%96/%D1%96%D0%BB%D1%8E%D1%81%D1%82%D1%80%D0%B0%D1%86%D1%96%D1%97/%D1%81%D1%85%D0%BE%D0%B4%D0%B8-%D0%B4%D0%BE-%D1%82%D0%B5%D0%B0%D1%82%D1%80%D1%83/,301,Alias obecny w site/uk/miasto-i-okolice/ilustracje/teatralne-schody/index.html; cel spłaszczony do adresu kanonicznego,SZKIC — potwierdzić użycie na starej stronie i zatwierdzić przed wdrożeniem
https://hornigold.pl/uk/miasto-i-okolice/ilustracje/tramwaj-poranek,https://hornigold.pl/uk/%D0%BC%D1%96%D1%81%D1%82%D0%BE-%D1%82%D0%B0-%D0%BE%D0%BA%D0%BE%D0%BB%D0%B8%D1%86%D1%96/%D1%96%D0%BB%D1%8E%D1%81%D1%82%D1%80%D0%B0%D1%86%D1%96%D1%97/%D1%80%D0%B0%D0%BD%D0%BE%D0%BA-%D0%BD%D0%B0-%D0%BA%D0%BE%D0%BB%D1%96%D1%8F%D1%85/,301,Alias obecny w site/uk/miasto-i-okolice/ilustracje/tramwaj-poranek/index.html; cel spłaszczony do adresu kanonicznego,SZKIC — potwierdzić użycie na starej stronie i zatwierdzić przed wdrożeniem
https://hornigold.pl/uk/miasto-i-okolice/ilustracje/tramwaj-poranek/,https://hornigold.pl/uk/%D0%BC%D1%96%D1%81%D1%82%D0%BE-%D1%82%D0%B0-%D0%BE%D0%BA%D0%BE%D0%BB%D0%B8%D1%86%D1%96/%D1%96%D0%BB%D1%8E%D1%81%D1%82%D1%80%D0%B0%D1%86%D1%96%D1%97/%D1%80%D0%B0%D0%BD%D0%BE%D0%BA-%D0%BD%D0%B0-%D0%BA%D0%BE%D0%BB%D1%96%D1%8F%D1%85/,301,Alias obecny w site/uk/miasto-i-okolice/ilustracje/tramwaj-poranek/index.html; cel spłaszczony do adresu kanonicznego,SZKIC — potwierdzić użycie na starej stronie i zatwierdzić przed wdrożeniem
https://hornigold.pl/uk/miasto-i-okolice/ilustracje/tramwaj-wieczor,https://hornigold.pl/uk/%D0%BC%D1%96%D1%81%D1%82%D0%BE-%D1%82%D0%B0-%D0%BE%D0%BA%D0%BE%D0%BB%D0%B8%D1%86%D1%96/%D1%96%D0%BB%D1%8E%D1%81%D1%82%D1%80%D0%B0%D1%86%D1%96%D1%97/%D1%82%D1%80%D0%B0%D0%BC%D0%B2%D0%B0%D0%B8-%D1%83-%D1%81%D0%B8%D0%BD%D1%8E-%D0%B3%D0%BE%D0%B4%D0%B8%D0%BD%D1%83/,301,Alias obecny w site/uk/miasto-i-okolice/ilustracje/tramwaj-wieczor/index.html; cel spłaszczony do adresu kanonicznego,SZKIC — potwierdzić użycie na starej stronie i zatwierdzić przed wdrożeniem
https://hornigold.pl/uk/miasto-i-okolice/ilustracje/tramwaj-wieczor/,https://hornigold.pl/uk/%D0%BC%D1%96%D1%81%D1%82%D0%BE-%D1%82%D0%B0-%D0%BE%D0%BA%D0%BE%D0%BB%D0%B8%D1%86%D1%96/%D1%96%D0%BB%D1%8E%D1%81%D1%82%D1%80%D0%B0%D1%86%D1%96%D1%97/%D1%82%D1%80%D0%B0%D0%BC%D0%B2%D0%B0%D0%B8-%D1%83-%D1%81%D0%B8%D0%BD%D1%8E-%D0%B3%D0%BE%D0%B4%D0%B8%D0%BD%D1%83/,301,Alias obecny w site/uk/miasto-i-okolice/ilustracje/tramwaj-wieczor/index.html; cel spłaszczony do adresu kanonicznego,SZKIC — potwierdzić użycie na starej stronie i zatwierdzić przed wdrożeniem
https://hornigold.pl/uk/miasto-i-okolice/ilustracje/ulica-moderny,https://hornigold.pl/uk/%D0%BC%D1%96%D1%81%D1%82%D0%BE-%D1%82%D0%B0-%D0%BE%D0%BA%D0%BE%D0%BB%D0%B8%D1%86%D1%96/%D1%96%D0%BB%D1%8E%D1%81%D1%82%D1%80%D0%B0%D1%86%D1%96%D1%97/%D0%BC%D0%BE%D0%B4%D0%B5%D1%80%D0%BD%D1%96%D1%81%D1%82%D1%81%D1%8C%D0%BA%D0%B0-%D0%B2%D1%83%D0%BB%D0%B8%D1%86%D1%8F/,301,Alias obecny w site/uk/miasto-i-okolice/ilustracje/ulica-moderny/index.html; cel spłaszczony do adresu kanonicznego,SZKIC — potwierdzić użycie na starej stronie i zatwierdzić przed wdrożeniem
https://hornigold.pl/uk/miasto-i-okolice/ilustracje/ulica-moderny/,https://hornigold.pl/uk/%D0%BC%D1%96%D1%81%D1%82%D0%BE-%D1%82%D0%B0-%D0%BE%D0%BA%D0%BE%D0%BB%D0%B8%D1%86%D1%96/%D1%96%D0%BB%D1%8E%D1%81%D1%82%D1%80%D0%B0%D1%86%D1%96%D1%97/%D0%BC%D0%BE%D0%B4%D0%B5%D1%80%D0%BD%D1%96%D1%81%D1%82%D1%81%D1%8C%D0%BA%D0%B0-%D0%B2%D1%83%D0%BB%D0%B8%D1%86%D1%8F/,301,Alias obecny w site/uk/miasto-i-okolice/ilustracje/ulica-moderny/index.html; cel spłaszczony do adresu kanonicznego,SZKIC — potwierdzić użycie na starej stronie i zatwierdzić przed wdrożeniem
https://hornigold.pl/uk/miasto-i-okolice/ilustracje/wieza-wodna,https://hornigold.pl/uk/%D0%BC%D1%96%D1%81%D1%82%D0%BE-%D1%82%D0%B0-%D0%BE%D0%BA%D0%BE%D0%BB%D0%B8%D1%86%D1%96/%D1%96%D0%BB%D1%8E%D1%81%D1%82%D1%80%D0%B0%D1%86%D1%96%D1%97/%D0%B2%D0%BE%D0%B4%D0%BE%D0%BD%D0%B0%D0%BF%D1%96%D1%80%D0%BD%D0%B0-%D0%B2%D0%B5%D0%B6%D0%B0-%D1%81%D0%BB%D1%96%D0%B4-%D1%96%D0%BD%D1%84%D1%80%D0%B0%D1%81%D1%82%D1%80%D1%83%D0%BA%D1%82%D1%83%D1%80%D0%B8/,301,Alias obecny w site/uk/miasto-i-okolice/ilustracje/wieza-wodna/index.html; cel spłaszczony do adresu kanonicznego,SZKIC — potwierdzić użycie na starej stronie i zatwierdzić przed wdrożeniem
https://hornigold.pl/uk/miasto-i-okolice/ilustracje/wieza-wodna/,https://hornigold.pl/uk/%D0%BC%D1%96%D1%81%D1%82%D0%BE-%D1%82%D0%B0-%D0%BE%D0%BA%D0%BE%D0%BB%D0%B8%D1%86%D1%96/%D1%96%D0%BB%D1%8E%D1%81%D1%82%D1%80%D0%B0%D1%86%D1%96%D1%97/%D0%B2%D0%BE%D0%B4%D0%BE%D0%BD%D0%B0%D0%BF%D1%96%D1%80%D0%BD%D0%B0-%D0%B2%D0%B5%D0%B6%D0%B0-%D1%81%D0%BB%D1%96%D0%B4-%D1%96%D0%BD%D1%84%D1%80%D0%B0%D1%81%D1%82%D1%80%D1%83%D0%BA%D1%82%D1%83%D1%80%D0%B8/,301,Alias obecny w site/uk/miasto-i-okolice/ilustracje/wieza-wodna/index.html; cel spłaszczony do adresu kanonicznego,SZKIC — potwierdzić użycie na starej stronie i zatwierdzić przed wdrożeniem
https://hornigold.pl/uk/miasto-i-okolice/ilustracje/zielony-korytarz,https://hornigold.pl/uk/%D0%BC%D1%96%D1%81%D1%82%D0%BE-%D1%82%D0%B0-%D0%BE%D0%BA%D0%BE%D0%BB%D0%B8%D1%86%D1%96/%D1%96%D0%BB%D1%8E%D1%81%D1%82%D1%80%D0%B0%D1%86%D1%96%D1%97/%D0%B7%D0%B5%D0%BB%D0%B5%D0%BD%D0%B8%D0%B8-%D0%BA%D0%BE%D1%80%D0%B8%D0%B4%D0%BE%D1%80-%D0%BC%D1%96%D1%81%D1%82%D0%B0/,301,Alias obecny w site/uk/miasto-i-okolice/ilustracje/zielony-korytarz/index.html; cel spłaszczony do adresu kanonicznego,SZKIC — potwierdzić użycie na starej stronie i zatwierdzić przed wdrożeniem
https://hornigold.pl/uk/miasto-i-okolice/ilustracje/zielony-korytarz/,https://hornigold.pl/uk/%D0%BC%D1%96%D1%81%D1%82%D0%BE-%D1%82%D0%B0-%D0%BE%D0%BA%D0%BE%D0%BB%D0%B8%D1%86%D1%96/%D1%96%D0%BB%D1%8E%D1%81%D1%82%D1%80%D0%B0%D1%86%D1%96%D1%97/%D0%B7%D0%B5%D0%BB%D0%B5%D0%BD%D0%B8%D0%B8-%D0%BA%D0%BE%D1%80%D0%B8%D0%B4%D0%BE%D1%80-%D0%BC%D1%96%D1%81%D1%82%D0%B0/,301,Alias obecny w site/uk/miasto-i-okolice/ilustracje/zielony-korytarz/index.html; cel spłaszczony do adresu kanonicznego,SZKIC — potwierdzić użycie na starej stronie i zatwierdzić przed wdrożeniem
https://hornigold.pl/uk/miasto-i-okolice/katalog-zabytkow,https://hornigold.pl/uk/%D0%BC%D1%96%D1%81%D1%82%D0%BE-%D1%82%D0%B0-%D0%BE%D0%BA%D0%BE%D0%BB%D0%B8%D1%86%D1%96/%D0%BF%D0%B0%D0%BC%D1%8F%D1%82%D0%BA%D0%B8-%D0%B8-%D0%BC%D0%B0%D1%80%D1%88%D1%80%D1%83%D1%82%D0%B8-%D1%88%D1%83%D0%BA%D0%B0%D0%B8%D1%82%D0%B5-%D0%B4%D0%B0%D0%BB%D1%96/,301,Alias obecny w site/uk/miasto-i-okolice/katalog-zabytkow/index.html; cel spłaszczony do adresu kanonicznego,SZKIC — potwierdzić użycie na starej stronie i zatwierdzić przed wdrożeniem
https://hornigold.pl/uk/miasto-i-okolice/katalog-zabytkow/,https://hornigold.pl/uk/%D0%BC%D1%96%D1%81%D1%82%D0%BE-%D1%82%D0%B0-%D0%BE%D0%BA%D0%BE%D0%BB%D0%B8%D1%86%D1%96/%D0%BF%D0%B0%D0%BC%D1%8F%D1%82%D0%BA%D0%B8-%D0%B8-%D0%BC%D0%B0%D1%80%D1%88%D1%80%D1%83%D1%82%D0%B8-%D1%88%D1%83%D0%BA%D0%B0%D0%B8%D1%82%D0%B5-%D0%B4%D0%B0%D0%BB%D1%96/,301,Alias obecny w site/uk/miasto-i-okolice/katalog-zabytkow/index.html; cel spłaszczony do adresu kanonicznego,SZKIC — potwierdzić użycie na starej stronie i zatwierdzić przed wdrożeniem
https://hornigold.pl/uk/miasto-i-okolice/miejsca-pamieci-slaska,https://hornigold.pl/uk/%D0%BC%D1%96%D1%81%D1%82%D0%BE-%D1%82%D0%B0-%D0%BE%D0%BA%D0%BE%D0%BB%D0%B8%D1%86%D1%96/%D0%BC%D1%96%D1%81%D1%86%D1%8F-%D0%BF%D0%B0%D0%BC%D1%8F%D1%82%D1%96-%D1%81%D1%96%D0%BB%D0%B5%D0%B7%D1%96%D1%96-%D1%80%D1%96%D0%B7%D0%BD%D1%96-%D1%96%D1%81%D1%82%D0%BE%D1%80%D1%96%D1%96-%D1%82%D0%BE%D1%87%D0%BD%D1%96-%D1%81%D0%BB%D0%BE%D0%B2%D0%B0/,301,Alias obecny w site/uk/miasto-i-okolice/miejsca-pamieci-slaska/index.html; cel spłaszczony do adresu kanonicznego,SZKIC — potwierdzić użycie na starej stronie i zatwierdzić przed wdrożeniem
https://hornigold.pl/uk/miasto-i-okolice/miejsca-pamieci-slaska/,https://hornigold.pl/uk/%D0%BC%D1%96%D1%81%D1%82%D0%BE-%D1%82%D0%B0-%D0%BE%D0%BA%D0%BE%D0%BB%D0%B8%D1%86%D1%96/%D0%BC%D1%96%D1%81%D1%86%D1%8F-%D0%BF%D0%B0%D0%BC%D1%8F%D1%82%D1%96-%D1%81%D1%96%D0%BB%D0%B5%D0%B7%D1%96%D1%96-%D1%80%D1%96%D0%B7%D0%BD%D1%96-%D1%96%D1%81%D1%82%D0%BE%D1%80%D1%96%D1%96-%D1%82%D0%BE%D1%87%D0%BD%D1%96-%D1%81%D0%BB%D0%BE%D0%B2%D0%B0/,301,Alias obecny w site/uk/miasto-i-okolice/miejsca-pamieci-slaska/index.html; cel spłaszczony do adresu kanonicznego,SZKIC — potwierdzić użycie na starej stronie i zatwierdzić przed wdrożeniem
https://hornigold.pl/uk/miasto-i-okolice/moderna-i-zabytki,https://hornigold.pl/uk/%D0%BC%D1%96%D1%81%D1%82%D0%BE-%D1%82%D0%B0-%D0%BE%D0%BA%D0%BE%D0%BB%D0%B8%D1%86%D1%96/%D0%BC%D0%BE%D0%B4%D0%B5%D1%80%D0%BD%D1%96%D0%B7%D0%BC-%D0%BA%D0%B0%D0%BC%D1%8F%D0%BD%D0%B8%D1%86%D1%96-%D1%82%D0%B0-%D0%B4%D0%B5%D1%80%D0%B5%D0%B2%D1%8F%D0%BD%D0%B8%D0%B8-%D1%85%D1%80%D0%B0%D0%BC/,301,Alias obecny w site/uk/miasto-i-okolice/moderna-i-zabytki/index.html; cel spłaszczony do adresu kanonicznego,SZKIC — potwierdzić użycie na starej stronie i zatwierdzić przed wdrożeniem
https://hornigold.pl/uk/miasto-i-okolice/moderna-i-zabytki/,https://hornigold.pl/uk/%D0%BC%D1%96%D1%81%D1%82%D0%BE-%D1%82%D0%B0-%D0%BE%D0%BA%D0%BE%D0%BB%D0%B8%D1%86%D1%96/%D0%BC%D0%BE%D0%B4%D0%B5%D1%80%D0%BD%D1%96%D0%B7%D0%BC-%D0%BA%D0%B0%D0%BC%D1%8F%D0%BD%D0%B8%D1%86%D1%96-%D1%82%D0%B0-%D0%B4%D0%B5%D1%80%D0%B5%D0%B2%D1%8F%D0%BD%D0%B8%D0%B8-%D1%85%D1%80%D0%B0%D0%BC/,301,Alias obecny w site/uk/miasto-i-okolice/moderna-i-zabytki/index.html; cel spłaszczony do adresu kanonicznego,SZKIC — potwierdzić użycie na starej stronie i zatwierdzić przed wdrożeniem
https://hornigold.pl/uk/miasto-i-okolice/nikiszowiec,https://hornigold.pl/uk/%D0%BC%D1%96%D1%81%D1%82%D0%BE-%D1%82%D0%B0-%D0%BE%D0%BA%D0%BE%D0%BB%D0%B8%D1%86%D1%96/nikiszowiec/,301,Alias obecny w site/uk/miasto-i-okolice/nikiszowiec/index.html; cel spłaszczony do adresu kanonicznego,SZKIC — potwierdzić użycie na starej stronie i zatwierdzić przed wdrożeniem
https://hornigold.pl/uk/miasto-i-okolice/nikiszowiec/,https://hornigold.pl/uk/%D0%BC%D1%96%D1%81%D1%82%D0%BE-%D1%82%D0%B0-%D0%BE%D0%BA%D0%BE%D0%BB%D0%B8%D1%86%D1%96/nikiszowiec/,301,Alias obecny w site/uk/miasto-i-okolice/nikiszowiec/index.html; cel spłaszczony do adresu kanonicznego,SZKIC — potwierdzić użycie na starej stronie i zatwierdzić przed wdrożeniem
https://hornigold.pl/uk/miasto-i-okolice/pszczyna,https://hornigold.pl/uk/%D0%BC%D1%96%D1%81%D1%82%D0%BE-%D1%82%D0%B0-%D0%BE%D0%BA%D0%BE%D0%BB%D0%B8%D1%86%D1%96/pszczyna/,301,Alias obecny w site/uk/miasto-i-okolice/pszczyna/index.html; cel spłaszczony do adresu kanonicznego,SZKIC — potwierdzić użycie na starej stronie i zatwierdzić przed wdrożeniem
https://hornigold.pl/uk/miasto-i-okolice/pszczyna/,https://hornigold.pl/uk/%D0%BC%D1%96%D1%81%D1%82%D0%BE-%D1%82%D0%B0-%D0%BE%D0%BA%D0%BE%D0%BB%D0%B8%D1%86%D1%96/pszczyna/,301,Alias obecny w site/uk/miasto-i-okolice/pszczyna/index.html; cel spłaszczony do adresu kanonicznego,SZKIC — potwierdzić użycie na starej stronie i zatwierdzić przed wdrożeniem
https://hornigold.pl/uk/miasto-i-okolice/rynek,https://hornigold.pl/uk/%D0%BC%D1%96%D1%81%D1%82%D0%BE-%D1%82%D0%B0-%D0%BE%D0%BA%D0%BE%D0%BB%D0%B8%D1%86%D1%96/%D1%80%D0%B8%D0%BD%D0%BE%D0%BA-%D0%BA%D0%B0%D1%82%D0%BE%D0%B2%D1%96%D1%86%D0%B5-%D0%B2-%D0%BE%D0%B4%D0%BD%D0%BE%D0%BC%D1%83-%D0%BA%D0%B0%D0%B4%D1%80%D1%96/,301,Alias obecny w site/uk/miasto-i-okolice/rynek/index.html; cel spłaszczony do adresu kanonicznego,SZKIC — potwierdzić użycie na starej stronie i zatwierdzić przed wdrożeniem
https://hornigold.pl/uk/miasto-i-okolice/rynek/,https://hornigold.pl/uk/%D0%BC%D1%96%D1%81%D1%82%D0%BE-%D1%82%D0%B0-%D0%BE%D0%BA%D0%BE%D0%BB%D0%B8%D1%86%D1%96/%D1%80%D0%B8%D0%BD%D0%BE%D0%BA-%D0%BA%D0%B0%D1%82%D0%BE%D0%B2%D1%96%D1%86%D0%B5-%D0%B2-%D0%BE%D0%B4%D0%BD%D0%BE%D0%BC%D1%83-%D0%BA%D0%B0%D0%B4%D1%80%D1%96/,301,Alias obecny w site/uk/miasto-i-okolice/rynek/index.html; cel spłaszczony do adresu kanonicznego,SZKIC — potwierdzić użycie na starej stronie i zatwierdzić przed wdrożeniem
https://hornigold.pl/uk/miasto-i-okolice/strefa-kultury,https://hornigold.pl/uk/%D0%BC%D1%96%D1%81%D1%82%D0%BE-%D1%82%D0%B0-%D0%BE%D0%BA%D0%BE%D0%BB%D0%B8%D1%86%D1%96/%D0%B7%D0%BE%D0%BD%D0%B0-%D0%BA%D1%83%D0%BB%D1%8C%D1%82%D1%83%D1%80%D0%B8-%D0%BD%D0%BE%D0%B2%D0%B5-%D0%B6%D0%B8%D1%82%D1%82%D1%8F-%D0%BF%D1%80%D0%BE%D0%BC%D0%B8%D1%81%D0%BB%D0%BE%D0%B2%D0%BE%D0%B3%D0%BE-%D0%BC%D1%96%D1%81%D1%86%D1%8F/,301,Alias obecny w site/uk/miasto-i-okolice/strefa-kultury/index.html; cel spłaszczony do adresu kanonicznego,SZKIC — potwierdzić użycie na starej stronie i zatwierdzić przed wdrożeniem
https://hornigold.pl/uk/miasto-i-okolice/strefa-kultury/,https://hornigold.pl/uk/%D0%BC%D1%96%D1%81%D1%82%D0%BE-%D1%82%D0%B0-%D0%BE%D0%BA%D0%BE%D0%BB%D0%B8%D1%86%D1%96/%D0%B7%D0%BE%D0%BD%D0%B0-%D0%BA%D1%83%D0%BB%D1%8C%D1%82%D1%83%D1%80%D0%B8-%D0%BD%D0%BE%D0%B2%D0%B5-%D0%B6%D0%B8%D1%82%D1%82%D1%8F-%D0%BF%D1%80%D0%BE%D0%BC%D0%B8%D1%81%D0%BB%D0%BE%D0%B2%D0%BE%D0%B3%D0%BE-%D0%BC%D1%96%D1%81%D1%86%D1%8F/,301,Alias obecny w site/uk/miasto-i-okolice/strefa-kultury/index.html; cel spłaszczony do adresu kanonicznego,SZKIC — potwierdzić użycie na starej stronie i zatwierdzić przed wdrożeniem
https://hornigold.pl/uk/miasto-i-okolice/szlak-zabytkow-techniki,https://hornigold.pl/uk/%D0%BC%D1%96%D1%81%D1%82%D0%BE-%D1%82%D0%B0-%D0%BE%D0%BA%D0%BE%D0%BB%D0%B8%D1%86%D1%96/%D1%88%D0%BB%D1%8F%D1%85-%D0%BF%D0%B0%D0%BC%D1%8F%D1%82%D0%BE%D0%BA-%D1%82%D0%B5%D1%85%D0%BD%D1%96%D0%BA%D0%B8-%D0%BA%D1%80%D0%B0%D0%B8-%D1%80%D0%BE%D0%B7%D0%BA%D0%B0%D0%B7%D0%B0%D0%BD%D0%B8%D0%B8-%D1%87%D0%B5%D1%80%D0%B5%D0%B7-%D0%BF%D1%80%D0%B0%D1%86%D1%8E/,301,Alias obecny w site/uk/miasto-i-okolice/szlak-zabytkow-techniki/index.html; cel spłaszczony do adresu kanonicznego,SZKIC — potwierdzić użycie na starej stronie i zatwierdzić przed wdrożeniem
https://hornigold.pl/uk/miasto-i-okolice/szlak-zabytkow-techniki/,https://hornigold.pl/uk/%D0%BC%D1%96%D1%81%D1%82%D0%BE-%D1%82%D0%B0-%D0%BE%D0%BA%D0%BE%D0%BB%D0%B8%D1%86%D1%96/%D1%88%D0%BB%D1%8F%D1%85-%D0%BF%D0%B0%D0%BC%D1%8F%D1%82%D0%BE%D0%BA-%D1%82%D0%B5%D1%85%D0%BD%D1%96%D0%BA%D0%B8-%D0%BA%D1%80%D0%B0%D0%B8-%D1%80%D0%BE%D0%B7%D0%BA%D0%B0%D0%B7%D0%B0%D0%BD%D0%B8%D0%B8-%D1%87%D0%B5%D1%80%D0%B5%D0%B7-%D0%BF%D1%80%D0%B0%D1%86%D1%8E/,301,Alias obecny w site/uk/miasto-i-okolice/szlak-zabytkow-techniki/index.html; cel spłaszczony do adresu kanonicznego,SZKIC — potwierdzić użycie na starej stronie i zatwierdzić przed wdrożeniem
https://hornigold.pl/uk/miasto-i-okolice/tarnowskie-gory,https://hornigold.pl/uk/%D0%BC%D1%96%D1%81%D1%82%D0%BE-%D1%82%D0%B0-%D0%BE%D0%BA%D0%BE%D0%BB%D0%B8%D1%86%D1%96/tarnowskie-gory/,301,Alias obecny w site/uk/miasto-i-okolice/tarnowskie-gory/index.html; cel spłaszczony do adresu kanonicznego,SZKIC — potwierdzić użycie na starej stronie i zatwierdzić przed wdrożeniem
https://hornigold.pl/uk/miasto-i-okolice/tarnowskie-gory/,https://hornigold.pl/uk/%D0%BC%D1%96%D1%81%D1%82%D0%BE-%D1%82%D0%B0-%D0%BE%D0%BA%D0%BE%D0%BB%D0%B8%D1%86%D1%96/tarnowskie-gory/,301,Alias obecny w site/uk/miasto-i-okolice/tarnowskie-gory/index.html; cel spłaszczony do adresu kanonicznego,SZKIC — potwierdzić użycie na starej stronie i zatwierdzić przed wdrożeniem
https://hornigold.pl/uk/miasto-i-okolice/zabrze-guido-luiza,https://hornigold.pl/uk/%D0%BC%D1%96%D1%81%D1%82%D0%BE-%D1%82%D0%B0-%D0%BE%D0%BA%D0%BE%D0%BB%D0%B8%D1%86%D1%96/%D0%B7%D0%B0%D0%B1%D0%B6%D0%B5-%D1%88%D0%B0%D1%85%D1%82%D0%B0-guido-%D1%82%D0%B0-%D1%88%D1%82%D0%BE%D0%BB%D1%8C%D0%BD%D1%8F-krolowa-luiza/,301,Alias obecny w site/uk/miasto-i-okolice/zabrze-guido-luiza/index.html; cel spłaszczony do adresu kanonicznego,SZKIC — potwierdzić użycie na starej stronie i zatwierdzić przed wdrożeniem
https://hornigold.pl/uk/miasto-i-okolice/zabrze-guido-luiza/,https://hornigold.pl/uk/%D0%BC%D1%96%D1%81%D1%82%D0%BE-%D1%82%D0%B0-%D0%BE%D0%BA%D0%BE%D0%BB%D0%B8%D1%86%D1%96/%D0%B7%D0%B0%D0%B1%D0%B6%D0%B5-%D1%88%D0%B0%D1%85%D1%82%D0%B0-guido-%D1%82%D0%B0-%D1%88%D1%82%D0%BE%D0%BB%D1%8C%D0%BD%D1%8F-krolowa-luiza/,301,Alias obecny w site/uk/miasto-i-okolice/zabrze-guido-luiza/index.html; cel spłaszczony do adresu kanonicznego,SZKIC — potwierdzić użycie na starej stronie i zatwierdzić przed wdrożeniem
https://hornigold.pl/uk/o-nas,https://hornigold.pl/uk/%D0%BF%D1%80%D0%BE-hornigold/,301,Alias obecny w site/uk/o-nas/index.html; cel spłaszczony do adresu kanonicznego,SZKIC — potwierdzić użycie na starej stronie i zatwierdzić przed wdrożeniem
https://hornigold.pl/uk/o-nas/,https://hornigold.pl/uk/%D0%BF%D1%80%D0%BE-hornigold/,301,Alias obecny w site/uk/o-nas/index.html; cel spłaszczony do adresu kanonicznego,SZKIC — potwierdzić użycie na starej stronie i zatwierdzić przed wdrożeniem
https://hornigold.pl/uk/oferty,https://hornigold.pl/uk/%D0%BF%D1%80%D0%BE%D0%B6%D0%B8%D0%B2%D0%B0%D0%BD%D0%BD%D1%8F-%D0%B2%D1%96%D0%B4%D0%BF%D0%BE%D0%B2%D1%96%D0%B4%D0%BD%D0%BE-%D0%B4%D0%BE-%D0%B2%D0%B0%D1%88%D0%B8%D1%85-%D0%BF%D0%BE%D1%82%D1%80%D0%B5%D0%B1/,301,Alias obecny w site/uk/oferty/index.html; cel spłaszczony do adresu kanonicznego,SZKIC — potwierdzić użycie na starej stronie i zatwierdzić przed wdrożeniem
https://hornigold.pl/uk/oferty/,https://hornigold.pl/uk/%D0%BF%D1%80%D0%BE%D0%B6%D0%B8%D0%B2%D0%B0%D0%BD%D0%BD%D1%8F-%D0%B2%D1%96%D0%B4%D0%BF%D0%BE%D0%B2%D1%96%D0%B4%D0%BD%D0%BE-%D0%B4%D0%BE-%D0%B2%D0%B0%D1%88%D0%B8%D1%85-%D0%BF%D0%BE%D1%82%D1%80%D0%B5%D0%B1/,301,Alias obecny w site/uk/oferty/index.html; cel spłaszczony do adresu kanonicznego,SZKIC — potwierdzić użycie na starej stronie i zatwierdzić przed wdrożeniem
https://hornigold.pl/uk/opinie,https://hornigold.pl/uk/%D0%B2%D1%80%D0%B0%D0%B6%D0%B5%D0%BD%D0%BD%D1%8F-%D0%BD%D0%B0%D1%88%D0%B8%D1%85-%D0%B3%D0%BE%D1%81%D1%82%D0%B5%D0%B8/,301,Alias obecny w site/uk/opinie/index.html; cel spłaszczony do adresu kanonicznego,SZKIC — potwierdzić użycie na starej stronie i zatwierdzić przed wdrożeniem
https://hornigold.pl/uk/opinie/,https://hornigold.pl/uk/%D0%B2%D1%80%D0%B0%D0%B6%D0%B5%D0%BD%D0%BD%D1%8F-%D0%BD%D0%B0%D1%88%D0%B8%D1%85-%D0%B3%D0%BE%D1%81%D1%82%D0%B5%D0%B8/,301,Alias obecny w site/uk/opinie/index.html; cel spłaszczony do adresu kanonicznego,SZKIC — potwierdzić użycie na starej stronie i zatwierdzić przed wdrożeniem
https://hornigold.pl/uk/parking,https://hornigold.pl/uk/%D0%B7%D0%B0%D0%BF%D0%BB%D0%B0%D0%BD%D1%83%D0%B8%D1%82%D0%B5-%D1%81%D0%BF%D0%BE%D0%BA%D1%96%D0%B8%D0%BD%D0%B8%D0%B8-%D0%BF%D1%80%D0%B8%D1%96%D0%B7%D0%B4/,301,Alias obecny w site/uk/parking/index.html; cel spłaszczony do adresu kanonicznego,SZKIC — potwierdzić użycie na starej stronie i zatwierdzić przed wdrożeniem
https://hornigold.pl/uk/parking/,https://hornigold.pl/uk/%D0%B7%D0%B0%D0%BF%D0%BB%D0%B0%D0%BD%D1%83%D0%B8%D1%82%D0%B5-%D1%81%D0%BF%D0%BE%D0%BA%D1%96%D0%B8%D0%BD%D0%B8%D0%B8-%D0%BF%D1%80%D0%B8%D1%96%D0%B7%D0%B4/,301,Alias obecny w site/uk/parking/index.html; cel spłaszczony do adresu kanonicznego,SZKIC — potwierdzić użycie na starej stronie i zatwierdzić przed wdrożeniem
https://hornigold.pl/uk/pokoje,https://hornigold.pl/uk/%D0%BD%D0%BE%D0%BC%D0%B5%D1%80%D0%B8/,301,Alias obecny w site/uk/pokoje/index.html; cel spłaszczony do adresu kanonicznego,SZKIC — potwierdzić użycie na starej stronie i zatwierdzić przed wdrożeniem
https://hornigold.pl/uk/pokoje/,https://hornigold.pl/uk/%D0%BD%D0%BE%D0%BC%D0%B5%D1%80%D0%B8/,301,Alias obecny w site/uk/pokoje/index.html; cel spłaszczony do adresu kanonicznego,SZKIC — potwierdzić użycie na starej stronie i zatwierdzić przed wdrożeniem
https://hornigold.pl/uk/pokoje/apartament-deluxe,https://hornigold.pl/uk/%D0%BD%D0%BE%D0%BC%D0%B5%D1%80%D0%B8/apartament-deluxe/,301,Alias obecny w site/uk/pokoje/apartament-deluxe/index.html; cel spłaszczony do adresu kanonicznego,SZKIC — potwierdzić użycie na starej stronie i zatwierdzić przed wdrożeniem
https://hornigold.pl/uk/pokoje/apartament-deluxe/,https://hornigold.pl/uk/%D0%BD%D0%BE%D0%BC%D0%B5%D1%80%D0%B8/apartament-deluxe/,301,Alias obecny w site/uk/pokoje/apartament-deluxe/index.html; cel spłaszczony do adresu kanonicznego,SZKIC — potwierdzić użycie na starej stronie i zatwierdzić przed wdrożeniem
https://hornigold.pl/uk/pokoje/classic,https://hornigold.pl/uk/%D0%BD%D0%BE%D0%BC%D0%B5%D1%80%D0%B8/classic/,301,Alias obecny w site/uk/pokoje/classic/index.html; cel spłaszczony do adresu kanonicznego,SZKIC — potwierdzić użycie na starej stronie i zatwierdzić przed wdrożeniem
https://hornigold.pl/uk/pokoje/classic/,https://hornigold.pl/uk/%D0%BD%D0%BE%D0%BC%D0%B5%D1%80%D0%B8/classic/,301,Alias obecny w site/uk/pokoje/classic/index.html; cel spłaszczony do adresu kanonicznego,SZKIC — potwierdzić użycie na starej stronie i zatwierdzić przed wdrożeniem
https://hornigold.pl/uk/pokoje/deluxe-premium,https://hornigold.pl/uk/%D0%BD%D0%BE%D0%BC%D0%B5%D1%80%D0%B8/deluxe-premium/,301,Alias obecny w site/uk/pokoje/deluxe-premium/index.html; cel spłaszczony do adresu kanonicznego,SZKIC — potwierdzić użycie na starej stronie i zatwierdzić przed wdrożeniem
https://hornigold.pl/uk/pokoje/deluxe-premium/,https://hornigold.pl/uk/%D0%BD%D0%BE%D0%BC%D0%B5%D1%80%D0%B8/deluxe-premium/,301,Alias obecny w site/uk/pokoje/deluxe-premium/index.html; cel spłaszczony do adresu kanonicznego,SZKIC — potwierdzić użycie na starej stronie i zatwierdzić przed wdrożeniem
https://hornigold.pl/uk/pokoje/deluxe,https://hornigold.pl/uk/%D0%BD%D0%BE%D0%BC%D0%B5%D1%80%D0%B8/deluxe/,301,Alias obecny w site/uk/pokoje/deluxe/index.html; cel spłaszczony do adresu kanonicznego,SZKIC — potwierdzić użycie na starej stronie i zatwierdzić przed wdrożeniem
https://hornigold.pl/uk/pokoje/deluxe/,https://hornigold.pl/uk/%D0%BD%D0%BE%D0%BC%D0%B5%D1%80%D0%B8/deluxe/,301,Alias obecny w site/uk/pokoje/deluxe/index.html; cel spłaszczony do adresu kanonicznego,SZKIC — potwierdzić użycie na starej stronie i zatwierdzić przed wdrożeniem
https://hornigold.pl/uk/pokoje/hornigold,https://hornigold.pl/uk/%D0%BD%D0%BE%D0%BC%D0%B5%D1%80%D0%B8/hornigold/,301,Alias obecny w site/uk/pokoje/hornigold/index.html; cel spłaszczony do adresu kanonicznego,SZKIC — potwierdzić użycie na starej stronie i zatwierdzić przed wdrożeniem
https://hornigold.pl/uk/pokoje/hornigold/,https://hornigold.pl/uk/%D0%BD%D0%BE%D0%BC%D0%B5%D1%80%D0%B8/hornigold/,301,Alias obecny w site/uk/pokoje/hornigold/index.html; cel spłaszczony do adresu kanonicznego,SZKIC — potwierdzić użycie na starej stronie i zatwierdzić przed wdrożeniem
https://hornigold.pl/uk/pokoje/premium,https://hornigold.pl/uk/%D0%BD%D0%BE%D0%BC%D0%B5%D1%80%D0%B8/premium/,301,Alias obecny w site/uk/pokoje/premium/index.html; cel spłaszczony do adresu kanonicznego,SZKIC — potwierdzić użycie na starej stronie i zatwierdzić przed wdrożeniem
https://hornigold.pl/uk/pokoje/premium/,https://hornigold.pl/uk/%D0%BD%D0%BE%D0%BC%D0%B5%D1%80%D0%B8/premium/,301,Alias obecny w site/uk/pokoje/premium/index.html; cel spłaszczony do adresu kanonicznego,SZKIC — potwierdzić użycie na starej stronie i zatwierdzić przed wdrożeniem
https://hornigold.pl/uk/pokoje/prestige-deluxe,https://hornigold.pl/uk/%D0%BD%D0%BE%D0%BC%D0%B5%D1%80%D0%B8/prestige-deluxe/,301,Alias obecny w site/uk/pokoje/prestige-deluxe/index.html; cel spłaszczony do adresu kanonicznego,SZKIC — potwierdzić użycie na starej stronie i zatwierdzić przed wdrożeniem
https://hornigold.pl/uk/pokoje/prestige-deluxe/,https://hornigold.pl/uk/%D0%BD%D0%BE%D0%BC%D0%B5%D1%80%D0%B8/prestige-deluxe/,301,Alias obecny w site/uk/pokoje/prestige-deluxe/index.html; cel spłaszczony do adresu kanonicznego,SZKIC — potwierdzić użycie na starej stronie i zatwierdzić przed wdrożeniem
https://hornigold.pl/uk/pokoje/prestige,https://hornigold.pl/uk/%D0%BD%D0%BE%D0%BC%D0%B5%D1%80%D0%B8/prestige/,301,Alias obecny w site/uk/pokoje/prestige/index.html; cel spłaszczony do adresu kanonicznego,SZKIC — potwierdzić użycie na starej stronie i zatwierdzić przed wdrożeniem
https://hornigold.pl/uk/pokoje/prestige/,https://hornigold.pl/uk/%D0%BD%D0%BE%D0%BC%D0%B5%D1%80%D0%B8/prestige/,301,Alias obecny w site/uk/pokoje/prestige/index.html; cel spłaszczony do adresu kanonicznego,SZKIC — potwierdzić użycie na starej stronie i zatwierdzić przed wdrożeniem
https://hornigold.pl/uk/pokoje/suite,https://hornigold.pl/uk/%D0%BD%D0%BE%D0%BC%D0%B5%D1%80%D0%B8/suite/,301,Alias obecny w site/uk/pokoje/suite/index.html; cel spłaszczony do adresu kanonicznego,SZKIC — potwierdzić użycie na starej stronie i zatwierdzić przed wdrożeniem
https://hornigold.pl/uk/pokoje/suite/,https://hornigold.pl/uk/%D0%BD%D0%BE%D0%BC%D0%B5%D1%80%D0%B8/suite/,301,Alias obecny w site/uk/pokoje/suite/index.html; cel spłaszczony do adresu kanonicznego,SZKIC — potwierdzić użycie na starej stronie i zatwierdzić przed wdrożeniem
https://hornigold.pl/uk/porownaj,https://hornigold.pl/uk/%D0%BF%D0%BE%D1%80%D1%96%D0%B2%D0%BD%D1%8F%D1%82%D0%B8/,301,Alias obecny w site/uk/porownaj/index.html; cel spłaszczony do adresu kanonicznego,SZKIC — potwierdzić użycie na starej stronie i zatwierdzić przed wdrożeniem
https://hornigold.pl/uk/porownaj/,https://hornigold.pl/uk/%D0%BF%D0%BE%D1%80%D1%96%D0%B2%D0%BD%D1%8F%D1%82%D0%B8/,301,Alias obecny w site/uk/porownaj/index.html; cel spłaszczony do adresu kanonicznego,SZKIC — potwierdzić użycie na starej stronie i zatwierdzić przed wdrożeniem
https://hornigold.pl/uk/prywatnosc,https://hornigold.pl/uk/%D0%BF%D1%80%D0%B8%D0%B2%D0%B0%D1%82%D0%BD%D1%96%D1%81%D1%82%D1%8C-%D1%96-%D0%B4%D0%B0%D0%BD%D1%96/,301,Alias obecny w site/uk/prywatnosc/index.html; cel spłaszczony do adresu kanonicznego,SZKIC — potwierdzić użycie na starej stronie i zatwierdzić przed wdrożeniem
https://hornigold.pl/uk/prywatnosc/,https://hornigold.pl/uk/%D0%BF%D1%80%D0%B8%D0%B2%D0%B0%D1%82%D0%BD%D1%96%D1%81%D1%82%D1%8C-%D1%96-%D0%B4%D0%B0%D0%BD%D1%96/,301,Alias obecny w site/uk/prywatnosc/index.html; cel spłaszczony do adresu kanonicznego,SZKIC — potwierdzić użycie na starej stronie i zatwierdzić przed wdrożeniem
https://hornigold.pl/uk/sniadania,https://hornigold.pl/uk/%D1%81%D0%BD%D1%96%D0%B4%D0%B0%D0%BD%D0%BA%D0%B8/,301,Alias obecny w site/uk/sniadania/index.html; cel spłaszczony do adresu kanonicznego,SZKIC — potwierdzić użycie na starej stronie i zatwierdzić przed wdrożeniem
https://hornigold.pl/uk/sniadania/,https://hornigold.pl/uk/%D1%81%D0%BD%D1%96%D0%B4%D0%B0%D0%BD%D0%BA%D0%B8/,301,Alias obecny w site/uk/sniadania/index.html; cel spłaszczony do adresu kanonicznego,SZKIC — potwierdzić użycie na starej stronie i zatwierdzić przed wdrożeniem
https://hornigold.pl/uk/wellness-spa,https://hornigold.pl/uk/%D0%B2%D0%B5%D0%BB%D0%BD%D0%B5%D1%81-%D1%96-%D1%81%D0%BF%D0%B0/,301,Alias obecny w site/uk/wellness-spa/index.html; cel spłaszczony do adresu kanonicznego,SZKIC — potwierdzić użycie na starej stronie i zatwierdzić przed wdrożeniem
https://hornigold.pl/uk/wellness-spa/,https://hornigold.pl/uk/%D0%B2%D0%B5%D0%BB%D0%BD%D0%B5%D1%81-%D1%96-%D1%81%D0%BF%D0%B0/,301,Alias obecny w site/uk/wellness-spa/index.html; cel spłaszczony do adresu kanonicznego,SZKIC — potwierdzić użycie na starej stronie i zatwierdzić przed wdrożeniem
https://hornigold.pl/zh-hans/catering,https://hornigold.pl/zh-hans/%E9%A4%90%E9%A5%AE%E6%9C%8D%E5%8A%A1%E4%B8%8E%E5%AE%B4%E4%BC%9A/,301,Alias obecny w site/zh-hans/catering/index.html; cel spłaszczony do adresu kanonicznego,SZKIC — potwierdzić użycie na starej stronie i zatwierdzić przed wdrożeniem
https://hornigold.pl/zh-hans/catering/,https://hornigold.pl/zh-hans/%E9%A4%90%E9%A5%AE%E6%9C%8D%E5%8A%A1%E4%B8%8E%E5%AE%B4%E4%BC%9A/,301,Alias obecny w site/zh-hans/catering/index.html; cel spłaszczony do adresu kanonicznego,SZKIC — potwierdzić użycie na starej stronie i zatwierdzić przed wdrożeniem
https://hornigold.pl/zh-hans/dla-firm,https://hornigold.pl/zh-hans/%E9%80%82%E5%90%88%E6%82%A8%E8%A1%8C%E7%A8%8B%E7%9A%84%E4%BD%8F%E5%AE%BF%E6%9D%A1%E4%BB%B6/,301,Alias obecny w site/zh-hans/dla-firm/index.html; cel spłaszczony do adresu kanonicznego,SZKIC — potwierdzić użycie na starej stronie i zatwierdzić przed wdrożeniem
https://hornigold.pl/zh-hans/dla-firm/,https://hornigold.pl/zh-hans/%E9%80%82%E5%90%88%E6%82%A8%E8%A1%8C%E7%A8%8B%E7%9A%84%E4%BD%8F%E5%AE%BF%E6%9D%A1%E4%BB%B6/,301,Alias obecny w site/zh-hans/dla-firm/index.html; cel spłaszczony do adresu kanonicznego,SZKIC — potwierdzić użycie na starej stronie i zatwierdzić przed wdrożeniem
https://hornigold.pl/zh-hans/dokumenty,https://hornigold.pl/zh-hans/%E5%85%A5%E4%BD%8F%E5%89%8D%E4%BA%86%E8%A7%A3%E6%B8%85%E6%A5%9A/,301,Alias obecny w site/zh-hans/dokumenty/index.html; cel spłaszczony do adresu kanonicznego,SZKIC — potwierdzić użycie na starej stronie i zatwierdzić przed wdrożeniem
https://hornigold.pl/zh-hans/dokumenty/,https://hornigold.pl/zh-hans/%E5%85%A5%E4%BD%8F%E5%89%8D%E4%BA%86%E8%A7%A3%E6%B8%85%E6%A5%9A/,301,Alias obecny w site/zh-hans/dokumenty/index.html; cel spłaszczony do adresu kanonicznego,SZKIC — potwierdzić użycie na starej stronie i zatwierdzić przed wdrożeniem
https://hornigold.pl/zh-hans/faq,https://hornigold.pl/zh-hans/%E5%AE%9E%E7%94%A8%E9%A1%BB%E7%9F%A5/,301,Alias obecny w site/zh-hans/faq/index.html; cel spłaszczony do adresu kanonicznego,SZKIC — potwierdzić użycie na starej stronie i zatwierdzić przed wdrożeniem
https://hornigold.pl/zh-hans/faq/,https://hornigold.pl/zh-hans/%E5%AE%9E%E7%94%A8%E9%A1%BB%E7%9F%A5/,301,Alias obecny w site/zh-hans/faq/index.html; cel spłaszczony do adresu kanonicznego,SZKIC — potwierdzić użycie na starej stronie i zatwierdzić przed wdrożeniem
https://hornigold.pl/zh-hans/informacje,https://hornigold.pl/zh-hans/%E4%BB%8E%E5%87%BA%E5%8F%91%E5%89%8D%E5%BC%80%E5%A7%8B%E5%AE%89%E5%BF%83%E8%A7%84%E5%88%92%E6%97%85%E7%A8%8B/,301,Alias obecny w site/zh-hans/informacje/index.html; cel spłaszczony do adresu kanonicznego,SZKIC — potwierdzić użycie na starej stronie i zatwierdzić przed wdrożeniem
https://hornigold.pl/zh-hans/informacje/,https://hornigold.pl/zh-hans/%E4%BB%8E%E5%87%BA%E5%8F%91%E5%89%8D%E5%BC%80%E5%A7%8B%E5%AE%89%E5%BF%83%E8%A7%84%E5%88%92%E6%97%85%E7%A8%8B/,301,Alias obecny w site/zh-hans/informacje/index.html; cel spłaszczony do adresu kanonicznego,SZKIC — potwierdzić użycie na starej stronie i zatwierdzić przed wdrożeniem
https://hornigold.pl/zh-hans/katowice,https://hornigold.pl/zh-hans/%E8%B7%9F%E9%9A%8F-hornigold-%E6%8E%A2%E7%B4%A2%E5%8D%A1%E6%89%98%E7%BB%B4%E5%85%B9/,301,Alias obecny w site/zh-hans/katowice/index.html; cel spłaszczony do adresu kanonicznego,SZKIC — potwierdzić użycie na starej stronie i zatwierdzić przed wdrożeniem
https://hornigold.pl/zh-hans/katowice/,https://hornigold.pl/zh-hans/%E8%B7%9F%E9%9A%8F-hornigold-%E6%8E%A2%E7%B4%A2%E5%8D%A1%E6%89%98%E7%BB%B4%E5%85%B9/,301,Alias obecny w site/zh-hans/katowice/index.html; cel spłaszczony do adresu kanonicznego,SZKIC — potwierdzić użycie na starej stronie i zatwierdzić przed wdrożeniem
https://hornigold.pl/zh-hans/katowice/architektura,https://hornigold.pl/zh-hans/katowice/%E5%BB%BA%E7%AD%91%E4%B8%8E%E5%B8%82%E4%B8%AD%E5%BF%83%E6%BC%AB%E6%AD%A5/,301,Alias obecny w site/zh-hans/katowice/architektura/index.html; cel spłaszczony do adresu kanonicznego,SZKIC — potwierdzić użycie na starej stronie i zatwierdzić przed wdrożeniem
https://hornigold.pl/zh-hans/katowice/architektura/,https://hornigold.pl/zh-hans/katowice/%E5%BB%BA%E7%AD%91%E4%B8%8E%E5%B8%82%E4%B8%AD%E5%BF%83%E6%BC%AB%E6%AD%A5/,301,Alias obecny w site/zh-hans/katowice/architektura/index.html; cel spłaszczony do adresu kanonicznego,SZKIC — potwierdzić użycie na starej stronie i zatwierdzić przed wdrożeniem
https://hornigold.pl/zh-hans/katowice/pierwszy-przyjazd,https://hornigold.pl/zh-hans/katowice/%E9%A6%96%E6%AC%A1%E6%8A%B5%E8%BE%BE%E5%8D%A1%E6%89%98%E7%BB%B4%E5%85%B9/,301,Alias obecny w site/zh-hans/katowice/pierwszy-przyjazd/index.html; cel spłaszczony do adresu kanonicznego,SZKIC — potwierdzić użycie na starej stronie i zatwierdzić przed wdrożeniem
https://hornigold.pl/zh-hans/katowice/pierwszy-przyjazd/,https://hornigold.pl/zh-hans/katowice/%E9%A6%96%E6%AC%A1%E6%8A%B5%E8%BE%BE%E5%8D%A1%E6%89%98%E7%BB%B4%E5%85%B9/,301,Alias obecny w site/zh-hans/katowice/pierwszy-przyjazd/index.html; cel spłaszczony do adresu kanonicznego,SZKIC — potwierdzić użycie na starej stronie i zatwierdzić przed wdrożeniem
https://hornigold.pl/zh-hans/katowice/sluzbowo,https://hornigold.pl/zh-hans/katowice/%E5%95%86%E5%8A%A1%E5%87%BA%E8%A1%8C%E6%8A%B5%E8%BE%BE%E5%89%8D%E9%A1%BB%E7%9F%A5/,301,Alias obecny w site/zh-hans/katowice/sluzbowo/index.html; cel spłaszczony do adresu kanonicznego,SZKIC — potwierdzić użycie na starej stronie i zatwierdzić przed wdrożeniem
https://hornigold.pl/zh-hans/katowice/sluzbowo/,https://hornigold.pl/zh-hans/katowice/%E5%95%86%E5%8A%A1%E5%87%BA%E8%A1%8C%E6%8A%B5%E8%BE%BE%E5%89%8D%E9%A1%BB%E7%9F%A5/,301,Alias obecny w site/zh-hans/katowice/sluzbowo/index.html; cel spłaszczony do adresu kanonicznego,SZKIC — potwierdzić użycie na starej stronie i zatwierdzić przed wdrożeniem
https://hornigold.pl/zh-hans/katowice/weekend,https://hornigold.pl/zh-hans/katowice/24%E6%88%9648%E5%B0%8F%E6%97%B6%E6%B8%B8%E5%8D%A1%E6%89%98%E7%BB%B4%E5%85%B9/,301,Alias obecny w site/zh-hans/katowice/weekend/index.html; cel spłaszczony do adresu kanonicznego,SZKIC — potwierdzić użycie na starej stronie i zatwierdzić przed wdrożeniem
https://hornigold.pl/zh-hans/katowice/weekend/,https://hornigold.pl/zh-hans/katowice/24%E6%88%9648%E5%B0%8F%E6%97%B6%E6%B8%B8%E5%8D%A1%E6%89%98%E7%BB%B4%E5%85%B9/,301,Alias obecny w site/zh-hans/katowice/weekend/index.html; cel spłaszczony do adresu kanonicznego,SZKIC — potwierdzić użycie na starej stronie i zatwierdzić przed wdrożeniem
https://hornigold.pl/zh-hans/katowice/wydarzenia,https://hornigold.pl/zh-hans/katowice/%E9%80%89%E5%A5%BD%E6%B4%BB%E5%8A%A8%E8%A7%84%E5%88%92%E4%BD%8F%E5%AE%BF/,301,Alias obecny w site/zh-hans/katowice/wydarzenia/index.html; cel spłaszczony do adresu kanonicznego,SZKIC — potwierdzić użycie na starej stronie i zatwierdzić przed wdrożeniem
https://hornigold.pl/zh-hans/katowice/wydarzenia/,https://hornigold.pl/zh-hans/katowice/%E9%80%89%E5%A5%BD%E6%B4%BB%E5%8A%A8%E8%A7%84%E5%88%92%E4%BD%8F%E5%AE%BF/,301,Alias obecny w site/zh-hans/katowice/wydarzenia/index.html; cel spłaszczony do adresu kanonicznego,SZKIC — potwierdzić użycie na starej stronie i zatwierdzić przed wdrożeniem
https://hornigold.pl/zh-hans/katowice/wydarzenie,https://hornigold.pl/zh-hans/katowice/%E5%8F%82%E5%8A%A0-mckspodek-%E6%88%96-nospr-%E6%B4%BB%E5%8A%A8/,301,Alias obecny w site/zh-hans/katowice/wydarzenie/index.html; cel spłaszczony do adresu kanonicznego,SZKIC — potwierdzić użycie na starej stronie i zatwierdzić przed wdrożeniem
https://hornigold.pl/zh-hans/katowice/wydarzenie/,https://hornigold.pl/zh-hans/katowice/%E5%8F%82%E5%8A%A0-mckspodek-%E6%88%96-nospr-%E6%B4%BB%E5%8A%A8/,301,Alias obecny w site/zh-hans/katowice/wydarzenie/index.html; cel spłaszczony do adresu kanonicznego,SZKIC — potwierdzić użycie na starej stronie i zatwierdzić przed wdrożeniem
https://hornigold.pl/zh-hans/katowice/z-dziecmi,https://hornigold.pl/zh-hans/katowice/%E5%B8%A6%E5%AD%A9%E5%AD%90%E6%B8%B8%E5%8D%A1%E6%89%98%E7%BB%B4%E5%85%B9%E7%AE%80%E5%8D%95%E8%A7%84%E5%88%92/,301,Alias obecny w site/zh-hans/katowice/z-dziecmi/index.html; cel spłaszczony do adresu kanonicznego,SZKIC — potwierdzić użycie na starej stronie i zatwierdzić przed wdrożeniem
https://hornigold.pl/zh-hans/katowice/z-dziecmi/,https://hornigold.pl/zh-hans/katowice/%E5%B8%A6%E5%AD%A9%E5%AD%90%E6%B8%B8%E5%8D%A1%E6%89%98%E7%BB%B4%E5%85%B9%E7%AE%80%E5%8D%95%E8%A7%84%E5%88%92/,301,Alias obecny w site/zh-hans/katowice/z-dziecmi/index.html; cel spłaszczony do adresu kanonicznego,SZKIC — potwierdzić użycie na starej stronie i zatwierdzić przed wdrożeniem
https://hornigold.pl/zh-hans/konferencje,https://hornigold.pl/zh-hans/%E4%BC%9A%E8%AE%AE%E4%B8%8E%E5%95%86%E5%8A%A1%E6%B4%BB%E5%8A%A8/,301,Alias obecny w site/zh-hans/konferencje/index.html; cel spłaszczony do adresu kanonicznego,SZKIC — potwierdzić użycie na starej stronie i zatwierdzić przed wdrożeniem
https://hornigold.pl/zh-hans/konferencje/,https://hornigold.pl/zh-hans/%E4%BC%9A%E8%AE%AE%E4%B8%8E%E5%95%86%E5%8A%A1%E6%B4%BB%E5%8A%A8/,301,Alias obecny w site/zh-hans/konferencje/index.html; cel spłaszczony do adresu kanonicznego,SZKIC — potwierdzić użycie na starej stronie i zatwierdzić przed wdrożeniem
https://hornigold.pl/zh-hans/kontakt,https://hornigold.pl/zh-hans/%E8%81%94%E7%B3%BB/,301,Alias obecny w site/zh-hans/kontakt/index.html; cel spłaszczony do adresu kanonicznego,SZKIC — potwierdzić użycie na starej stronie i zatwierdzić przed wdrożeniem
https://hornigold.pl/zh-hans/kontakt/,https://hornigold.pl/zh-hans/%E8%81%94%E7%B3%BB/,301,Alias obecny w site/zh-hans/kontakt/index.html; cel spłaszczony do adresu kanonicznego,SZKIC — potwierdzić użycie na starej stronie i zatwierdzić przed wdrożeniem
https://hornigold.pl/zh-hans/lokalizacja,https://hornigold.pl/zh-hans/%E4%BD%8D%E7%BD%AE/,301,Alias obecny w site/zh-hans/lokalizacja/index.html; cel spłaszczony do adresu kanonicznego,SZKIC — potwierdzić użycie na starej stronie i zatwierdzić przed wdrożeniem
https://hornigold.pl/zh-hans/lokalizacja/,https://hornigold.pl/zh-hans/%E4%BD%8D%E7%BD%AE/,301,Alias obecny w site/zh-hans/lokalizacja/index.html; cel spłaszczony do adresu kanonicznego,SZKIC — potwierdzić użycie na starej stronie i zatwierdzić przed wdrożeniem
https://hornigold.pl/zh-hans/lotniska,https://hornigold.pl/zh-hans/%E6%9C%BA%E5%9C%BA/,301,Alias obecny w site/zh-hans/lotniska/index.html; cel spłaszczony do adresu kanonicznego,SZKIC — potwierdzić użycie na starej stronie i zatwierdzić przed wdrożeniem
https://hornigold.pl/zh-hans/lotniska/,https://hornigold.pl/zh-hans/%E6%9C%BA%E5%9C%BA/,301,Alias obecny w site/zh-hans/lotniska/index.html; cel spłaszczony do adresu kanonicznego,SZKIC — potwierdzić użycie na starej stronie i zatwierdzić przed wdrożeniem
https://hornigold.pl/zh-hans/lotniska/balice,https://hornigold.pl/zh-hans/%E6%9C%BA%E5%9C%BA/balice/,301,Alias obecny w site/zh-hans/lotniska/balice/index.html; cel spłaszczony do adresu kanonicznego,SZKIC — potwierdzić użycie na starej stronie i zatwierdzić przed wdrożeniem
https://hornigold.pl/zh-hans/lotniska/balice/,https://hornigold.pl/zh-hans/%E6%9C%BA%E5%9C%BA/balice/,301,Alias obecny w site/zh-hans/lotniska/balice/index.html; cel spłaszczony do adresu kanonicznego,SZKIC — potwierdzić użycie na starej stronie i zatwierdzić przed wdrożeniem
https://hornigold.pl/zh-hans/lotniska/pyrzowice,https://hornigold.pl/zh-hans/%E6%9C%BA%E5%9C%BA/pyrzowice/,301,Alias obecny w site/zh-hans/lotniska/pyrzowice/index.html; cel spłaszczony do adresu kanonicznego,SZKIC — potwierdzić użycie na starej stronie i zatwierdzić przed wdrożeniem
https://hornigold.pl/zh-hans/lotniska/pyrzowice/,https://hornigold.pl/zh-hans/%E6%9C%BA%E5%9C%BA/pyrzowice/,301,Alias obecny w site/zh-hans/lotniska/pyrzowice/index.html; cel spłaszczony do adresu kanonicznego,SZKIC — potwierdzić użycie na starej stronie i zatwierdzić przed wdrożeniem
https://hornigold.pl/zh-hans/miasto-i-okolice,https://hornigold.pl/zh-hans/%E5%9F%8E%E5%B8%82%E4%B8%8E%E5%91%A8%E8%BE%B9/,301,Alias obecny w site/zh-hans/miasto-i-okolice/index.html; cel spłaszczony do adresu kanonicznego,SZKIC — potwierdzić użycie na starej stronie i zatwierdzić przed wdrożeniem
https://hornigold.pl/zh-hans/miasto-i-okolice/,https://hornigold.pl/zh-hans/%E5%9F%8E%E5%B8%82%E4%B8%8E%E5%91%A8%E8%BE%B9/,301,Alias obecny w site/zh-hans/miasto-i-okolice/index.html; cel spłaszczony do adresu kanonicznego,SZKIC — potwierdzić użycie na starej stronie i zatwierdzić przed wdrożeniem
https://hornigold.pl/zh-hans/miasto-i-okolice/auschwitz-birkenau,https://hornigold.pl/zh-hans/%E5%9F%8E%E5%B8%82%E4%B8%8E%E5%91%A8%E8%BE%B9/auschwitz-birkenau/,301,Alias obecny w site/zh-hans/miasto-i-okolice/auschwitz-birkenau/index.html; cel spłaszczony do adresu kanonicznego,SZKIC — potwierdzić użycie na starej stronie i zatwierdzić przed wdrożeniem
https://hornigold.pl/zh-hans/miasto-i-okolice/auschwitz-birkenau/,https://hornigold.pl/zh-hans/%E5%9F%8E%E5%B8%82%E4%B8%8E%E5%91%A8%E8%BE%B9/auschwitz-birkenau/,301,Alias obecny w site/zh-hans/miasto-i-okolice/auschwitz-birkenau/index.html; cel spłaszczony do adresu kanonicznego,SZKIC — potwierdzić użycie na starej stronie i zatwierdzić przed wdrożeniem
https://hornigold.pl/zh-hans/miasto-i-okolice/bedzin-i-jura,https://hornigold.pl/zh-hans/%E5%9F%8E%E5%B8%82%E4%B8%8E%E5%91%A8%E8%BE%B9/%E6%9C%AC%E6%B4%A5%E4%B8%8E%E4%BE%8F%E7%BD%97%E9%AB%98%E5%9C%B0%E5%9F%8E%E5%A0%A1%E8%BE%B9%E7%95%8C%E4%B8%8E%E9%A3%8E%E6%99%AF/,301,Alias obecny w site/zh-hans/miasto-i-okolice/bedzin-i-jura/index.html; cel spłaszczony do adresu kanonicznego,SZKIC — potwierdzić użycie na starej stronie i zatwierdzić przed wdrożeniem
https://hornigold.pl/zh-hans/miasto-i-okolice/bedzin-i-jura/,https://hornigold.pl/zh-hans/%E5%9F%8E%E5%B8%82%E4%B8%8E%E5%91%A8%E8%BE%B9/%E6%9C%AC%E6%B4%A5%E4%B8%8E%E4%BE%8F%E7%BD%97%E9%AB%98%E5%9C%B0%E5%9F%8E%E5%A0%A1%E8%BE%B9%E7%95%8C%E4%B8%8E%E9%A3%8E%E6%99%AF/,301,Alias obecny w site/zh-hans/miasto-i-okolice/bedzin-i-jura/index.html; cel spłaszczony do adresu kanonicznego,SZKIC — potwierdzić użycie na starej stronie i zatwierdzić przed wdrożeniem
https://hornigold.pl/zh-hans/miasto-i-okolice/cieszyn,https://hornigold.pl/zh-hans/%E5%9F%8E%E5%B8%82%E4%B8%8E%E5%91%A8%E8%BE%B9/cieszyn/,301,Alias obecny w site/zh-hans/miasto-i-okolice/cieszyn/index.html; cel spłaszczony do adresu kanonicznego,SZKIC — potwierdzić użycie na starej stronie i zatwierdzić przed wdrożeniem
https://hornigold.pl/zh-hans/miasto-i-okolice/cieszyn/,https://hornigold.pl/zh-hans/%E5%9F%8E%E5%B8%82%E4%B8%8E%E5%91%A8%E8%BE%B9/cieszyn/,301,Alias obecny w site/zh-hans/miasto-i-okolice/cieszyn/index.html; cel spłaszczony do adresu kanonicznego,SZKIC — potwierdzić użycie na starej stronie i zatwierdzić przed wdrożeniem
https://hornigold.pl/zh-hans/miasto-i-okolice/dziedzictwo-zydowskie,https://hornigold.pl/zh-hans/%E5%9F%8E%E5%B8%82%E4%B8%8E%E5%91%A8%E8%BE%B9/%E7%8A%B9%E5%A4%AA%E6%96%87%E5%8C%96%E9%81%97%E4%BA%A7%E4%BA%BA%E7%89%A9%E5%9C%B0%E7%82%B9%E4%B8%8E%E7%BC%BA%E5%B8%AD/,301,Alias obecny w site/zh-hans/miasto-i-okolice/dziedzictwo-zydowskie/index.html; cel spłaszczony do adresu kanonicznego,SZKIC — potwierdzić użycie na starej stronie i zatwierdzić przed wdrożeniem
https://hornigold.pl/zh-hans/miasto-i-okolice/dziedzictwo-zydowskie/,https://hornigold.pl/zh-hans/%E5%9F%8E%E5%B8%82%E4%B8%8E%E5%91%A8%E8%BE%B9/%E7%8A%B9%E5%A4%AA%E6%96%87%E5%8C%96%E9%81%97%E4%BA%A7%E4%BA%BA%E7%89%A9%E5%9C%B0%E7%82%B9%E4%B8%8E%E7%BC%BA%E5%B8%AD/,301,Alias obecny w site/zh-hans/miasto-i-okolice/dziedzictwo-zydowskie/index.html; cel spłaszczony do adresu kanonicznego,SZKIC — potwierdzić użycie na starej stronie i zatwierdzić przed wdrożeniem
https://hornigold.pl/zh-hans/miasto-i-okolice/gastronomia,https://hornigold.pl/zh-hans/%E5%9F%8E%E5%B8%82%E4%B8%8E%E5%91%A8%E8%BE%B9/%E5%8D%A1%E6%89%98%E7%BB%B4%E5%85%B9%E7%BE%8E%E9%A3%9F%E6%8C%87%E5%8D%97/,301,Alias obecny w site/zh-hans/miasto-i-okolice/gastronomia/index.html; cel spłaszczony do adresu kanonicznego,SZKIC — potwierdzić użycie na starej stronie i zatwierdzić przed wdrożeniem
https://hornigold.pl/zh-hans/miasto-i-okolice/gastronomia/,https://hornigold.pl/zh-hans/%E5%9F%8E%E5%B8%82%E4%B8%8E%E5%91%A8%E8%BE%B9/%E5%8D%A1%E6%89%98%E7%BB%B4%E5%85%B9%E7%BE%8E%E9%A3%9F%E6%8C%87%E5%8D%97/,301,Alias obecny w site/zh-hans/miasto-i-okolice/gastronomia/index.html; cel spłaszczony do adresu kanonicznego,SZKIC — potwierdzić użycie na starej stronie i zatwierdzić przed wdrożeniem
https://hornigold.pl/zh-hans/miasto-i-okolice/giszowiec,https://hornigold.pl/zh-hans/%E5%9F%8E%E5%B8%82%E4%B8%8E%E5%91%A8%E8%BE%B9/giszowiec/,301,Alias obecny w site/zh-hans/miasto-i-okolice/giszowiec/index.html; cel spłaszczony do adresu kanonicznego,SZKIC — potwierdzić użycie na starej stronie i zatwierdzić przed wdrożeniem
https://hornigold.pl/zh-hans/miasto-i-okolice/giszowiec/,https://hornigold.pl/zh-hans/%E5%9F%8E%E5%B8%82%E4%B8%8E%E5%91%A8%E8%BE%B9/giszowiec/,301,Alias obecny w site/zh-hans/miasto-i-okolice/giszowiec/index.html; cel spłaszczony do adresu kanonicznego,SZKIC — potwierdzić użycie na starej stronie i zatwierdzić przed wdrożeniem
https://hornigold.pl/zh-hans/miasto-i-okolice/gliwice-radiostacja,https://hornigold.pl/zh-hans/%E5%9F%8E%E5%B8%82%E4%B8%8E%E5%91%A8%E8%BE%B9/%E6%A0%BC%E5%88%A9%E7%BB%B4%E9%87%87%E5%B9%BF%E6%92%AD%E7%94%B5%E5%8F%B0%E4%B8%8E%E5%AE%A3%E4%BC%A0%E7%9A%84%E5%8E%86%E5%8F%B2/,301,Alias obecny w site/zh-hans/miasto-i-okolice/gliwice-radiostacja/index.html; cel spłaszczony do adresu kanonicznego,SZKIC — potwierdzić użycie na starej stronie i zatwierdzić przed wdrożeniem
https://hornigold.pl/zh-hans/miasto-i-okolice/gliwice-radiostacja/,https://hornigold.pl/zh-hans/%E5%9F%8E%E5%B8%82%E4%B8%8E%E5%91%A8%E8%BE%B9/%E6%A0%BC%E5%88%A9%E7%BB%B4%E9%87%87%E5%B9%BF%E6%92%AD%E7%94%B5%E5%8F%B0%E4%B8%8E%E5%AE%A3%E4%BC%A0%E7%9A%84%E5%8E%86%E5%8F%B2/,301,Alias obecny w site/zh-hans/miasto-i-okolice/gliwice-radiostacja/index.html; cel spłaszczony do adresu kanonicznego,SZKIC — potwierdzić użycie na starej stronie i zatwierdzić przed wdrożeniem
https://hornigold.pl/zh-hans/miasto-i-okolice/historia-katowic,https://hornigold.pl/zh-hans/%E5%9F%8E%E5%B8%82%E4%B8%8E%E5%91%A8%E8%BE%B9/%E5%8D%A1%E6%89%98%E7%BB%B4%E5%85%B9%E5%8E%86%E5%8F%B2%E4%B8%8D%E6%96%AD%E7%94%9F%E9%95%BF%E7%9A%84%E5%9F%8E%E5%B8%82/,301,Alias obecny w site/zh-hans/miasto-i-okolice/historia-katowic/index.html; cel spłaszczony do adresu kanonicznego,SZKIC — potwierdzić użycie na starej stronie i zatwierdzić przed wdrożeniem
https://hornigold.pl/zh-hans/miasto-i-okolice/historia-katowic/,https://hornigold.pl/zh-hans/%E5%9F%8E%E5%B8%82%E4%B8%8E%E5%91%A8%E8%BE%B9/%E5%8D%A1%E6%89%98%E7%BB%B4%E5%85%B9%E5%8E%86%E5%8F%B2%E4%B8%8D%E6%96%AD%E7%94%9F%E9%95%BF%E7%9A%84%E5%9F%8E%E5%B8%82/,301,Alias obecny w site/zh-hans/miasto-i-okolice/historia-katowic/index.html; cel spłaszczony do adresu kanonicznego,SZKIC — potwierdzić użycie na starej stronie i zatwierdzić przed wdrożeniem
https://hornigold.pl/zh-hans/miasto-i-okolice/historia-slaska,https://hornigold.pl/zh-hans/%E5%9F%8E%E5%B8%82%E4%B8%8E%E5%91%A8%E8%BE%B9/%E8%A5%BF%E9%87%8C%E8%A5%BF%E4%BA%9A%E4%B8%80%E7%89%87%E5%9C%9F%E5%9C%B0%E5%A4%9A%E7%A7%8D%E5%A3%B0%E9%9F%B3/,301,Alias obecny w site/zh-hans/miasto-i-okolice/historia-slaska/index.html; cel spłaszczony do adresu kanonicznego,SZKIC — potwierdzić użycie na starej stronie i zatwierdzić przed wdrożeniem
https://hornigold.pl/zh-hans/miasto-i-okolice/historia-slaska/,https://hornigold.pl/zh-hans/%E5%9F%8E%E5%B8%82%E4%B8%8E%E5%91%A8%E8%BE%B9/%E8%A5%BF%E9%87%8C%E8%A5%BF%E4%BA%9A%E4%B8%80%E7%89%87%E5%9C%9F%E5%9C%B0%E5%A4%9A%E7%A7%8D%E5%A3%B0%E9%9F%B3/,301,Alias obecny w site/zh-hans/miasto-i-okolice/historia-slaska/index.html; cel spłaszczony do adresu kanonicznego,SZKIC — potwierdzić użycie na starej stronie i zatwierdzić przed wdrożeniem
https://hornigold.pl/zh-hans/miasto-i-okolice/ilustracje,https://hornigold.pl/zh-hans/%E5%9F%8E%E5%B8%82%E4%B8%8E%E5%91%A8%E8%BE%B9/%E6%8F%92%E7%94%BB%E4%B8%AD%E7%9A%84%E5%8D%A1%E6%89%98%E7%BB%B4%E5%85%B9%E4%B8%8E%E8%A5%BF%E9%87%8C%E8%A5%BF%E4%BA%9A/,301,Alias obecny w site/zh-hans/miasto-i-okolice/ilustracje/index.html; cel spłaszczony do adresu kanonicznego,SZKIC — potwierdzić użycie na starej stronie i zatwierdzić przed wdrożeniem
https://hornigold.pl/zh-hans/miasto-i-okolice/ilustracje/,https://hornigold.pl/zh-hans/%E5%9F%8E%E5%B8%82%E4%B8%8E%E5%91%A8%E8%BE%B9/%E6%8F%92%E7%94%BB%E4%B8%AD%E7%9A%84%E5%8D%A1%E6%89%98%E7%BB%B4%E5%85%B9%E4%B8%8E%E8%A5%BF%E9%87%8C%E8%A5%BF%E4%BA%9A/,301,Alias obecny w site/zh-hans/miasto-i-okolice/ilustracje/index.html; cel spłaszczony do adresu kanonicznego,SZKIC — potwierdzić użycie na starej stronie i zatwierdzić przed wdrożeniem
https://hornigold.pl/zh-hans/miasto-i-okolice/ilustracje/archikatedra,https://hornigold.pl/zh-hans/%E5%9F%8E%E5%B8%82%E4%B8%8E%E5%91%A8%E8%BE%B9/%E6%8F%92%E7%94%BB/%E6%80%BB%E4%B8%BB%E6%95%99%E5%BA%A7%E5%A0%82%E5%85%89%E4%B8%8E%E7%9F%B3/,301,Alias obecny w site/zh-hans/miasto-i-okolice/ilustracje/archikatedra/index.html; cel spłaszczony do adresu kanonicznego,SZKIC — potwierdzić użycie na starej stronie i zatwierdzić przed wdrożeniem
https://hornigold.pl/zh-hans/miasto-i-okolice/ilustracje/archikatedra/,https://hornigold.pl/zh-hans/%E5%9F%8E%E5%B8%82%E4%B8%8E%E5%91%A8%E8%BE%B9/%E6%8F%92%E7%94%BB/%E6%80%BB%E4%B8%BB%E6%95%99%E5%BA%A7%E5%A0%82%E5%85%89%E4%B8%8E%E7%9F%B3/,301,Alias obecny w site/zh-hans/miasto-i-okolice/ilustracje/archikatedra/index.html; cel spłaszczony do adresu kanonicznego,SZKIC — potwierdzić użycie na starej stronie i zatwierdzić przed wdrożeniem
https://hornigold.pl/zh-hans/miasto-i-okolice/ilustracje/arkady,https://hornigold.pl/zh-hans/%E5%9F%8E%E5%B8%82%E4%B8%8E%E5%91%A8%E8%BE%B9/%E6%8F%92%E7%94%BB/%E5%9F%8E%E5%B8%82%E6%8B%B1%E5%BB%8A%E4%B9%8B%E4%B8%8B/,301,Alias obecny w site/zh-hans/miasto-i-okolice/ilustracje/arkady/index.html; cel spłaszczony do adresu kanonicznego,SZKIC — potwierdzić użycie na starej stronie i zatwierdzić przed wdrożeniem
https://hornigold.pl/zh-hans/miasto-i-okolice/ilustracje/arkady/,https://hornigold.pl/zh-hans/%E5%9F%8E%E5%B8%82%E4%B8%8E%E5%91%A8%E8%BE%B9/%E6%8F%92%E7%94%BB/%E5%9F%8E%E5%B8%82%E6%8B%B1%E5%BB%8A%E4%B9%8B%E4%B8%8B/,301,Alias obecny w site/zh-hans/miasto-i-okolice/ilustracje/arkady/index.html; cel spłaszczony do adresu kanonicznego,SZKIC — potwierdzić użycie na starej stronie i zatwierdzić przed wdrożeniem
https://hornigold.pl/zh-hans/miasto-i-okolice/ilustracje/ceglane-podworze,https://hornigold.pl/zh-hans/%E5%9F%8E%E5%B8%82%E4%B8%8E%E5%91%A8%E8%BE%B9/%E6%8F%92%E7%94%BB/%E7%BA%A2%E7%A0%96%E5%BA%AD%E9%99%A2/,301,Alias obecny w site/zh-hans/miasto-i-okolice/ilustracje/ceglane-podworze/index.html; cel spłaszczony do adresu kanonicznego,SZKIC — potwierdzić użycie na starej stronie i zatwierdzić przed wdrożeniem
https://hornigold.pl/zh-hans/miasto-i-okolice/ilustracje/ceglane-podworze/,https://hornigold.pl/zh-hans/%E5%9F%8E%E5%B8%82%E4%B8%8E%E5%91%A8%E8%BE%B9/%E6%8F%92%E7%94%BB/%E7%BA%A2%E7%A0%96%E5%BA%AD%E9%99%A2/,301,Alias obecny w site/zh-hans/miasto-i-okolice/ilustracje/ceglane-podworze/index.html; cel spłaszczony do adresu kanonicznego,SZKIC — potwierdzić użycie na starej stronie i zatwierdzić przed wdrożeniem
https://hornigold.pl/zh-hans/miasto-i-okolice/ilustracje/dziedziniec-sztuki,https://hornigold.pl/zh-hans/%E5%9F%8E%E5%B8%82%E4%B8%8E%E5%91%A8%E8%BE%B9/%E6%8F%92%E7%94%BB/%E8%89%BA%E6%9C%AF%E5%BA%AD%E9%99%A2/,301,Alias obecny w site/zh-hans/miasto-i-okolice/ilustracje/dziedziniec-sztuki/index.html; cel spłaszczony do adresu kanonicznego,SZKIC — potwierdzić użycie na starej stronie i zatwierdzić przed wdrożeniem
https://hornigold.pl/zh-hans/miasto-i-okolice/ilustracje/dziedziniec-sztuki/,https://hornigold.pl/zh-hans/%E5%9F%8E%E5%B8%82%E4%B8%8E%E5%91%A8%E8%BE%B9/%E6%8F%92%E7%94%BB/%E8%89%BA%E6%9C%AF%E5%BA%AD%E9%99%A2/,301,Alias obecny w site/zh-hans/miasto-i-okolice/ilustracje/dziedziniec-sztuki/index.html; cel spłaszczony do adresu kanonicznego,SZKIC — potwierdzić użycie na starej stronie i zatwierdzić przed wdrożeniem
https://hornigold.pl/zh-hans/miasto-i-okolice/ilustracje/giszowiec-ogrod,https://hornigold.pl/zh-hans/%E5%9F%8E%E5%B8%82%E4%B8%8E%E5%91%A8%E8%BE%B9/%E6%8F%92%E7%94%BB/%E5%90%89%E7%BB%8D%E7%BB%B4%E8%8C%A8%E8%8A%B1%E5%9B%AD%E5%9F%8E%E5%B8%82%E7%9A%84%E7%90%86%E6%83%B3/,301,Alias obecny w site/zh-hans/miasto-i-okolice/ilustracje/giszowiec-ogrod/index.html; cel spłaszczony do adresu kanonicznego,SZKIC — potwierdzić użycie na starej stronie i zatwierdzić przed wdrożeniem
https://hornigold.pl/zh-hans/miasto-i-okolice/ilustracje/giszowiec-ogrod/,https://hornigold.pl/zh-hans/%E5%9F%8E%E5%B8%82%E4%B8%8E%E5%91%A8%E8%BE%B9/%E6%8F%92%E7%94%BB/%E5%90%89%E7%BB%8D%E7%BB%B4%E8%8C%A8%E8%8A%B1%E5%9B%AD%E5%9F%8E%E5%B8%82%E7%9A%84%E7%90%86%E6%83%B3/,301,Alias obecny w site/zh-hans/miasto-i-okolice/ilustracje/giszowiec-ogrod/index.html; cel spłaszczony do adresu kanonicznego,SZKIC — potwierdzić użycie na starej stronie i zatwierdzić przed wdrożeniem
https://hornigold.pl/zh-hans/miasto-i-okolice/ilustracje/hala-dworcowa,https://hornigold.pl/zh-hans/%E5%9F%8E%E5%B8%82%E4%B8%8E%E5%91%A8%E8%BE%B9/%E6%8F%92%E7%94%BB/%E6%97%85%E7%A8%8B%E5%A7%8B%E4%BA%8E%E5%A4%A7%E5%8E%85/,301,Alias obecny w site/zh-hans/miasto-i-okolice/ilustracje/hala-dworcowa/index.html; cel spłaszczony do adresu kanonicznego,SZKIC — potwierdzić użycie na starej stronie i zatwierdzić przed wdrożeniem
https://hornigold.pl/zh-hans/miasto-i-okolice/ilustracje/hala-dworcowa/,https://hornigold.pl/zh-hans/%E5%9F%8E%E5%B8%82%E4%B8%8E%E5%91%A8%E8%BE%B9/%E6%8F%92%E7%94%BB/%E6%97%85%E7%A8%8B%E5%A7%8B%E4%BA%8E%E5%A4%A7%E5%8E%85/,301,Alias obecny w site/zh-hans/miasto-i-okolice/ilustracje/hala-dworcowa/index.html; cel spłaszczony do adresu kanonicznego,SZKIC — potwierdzić użycie na starej stronie i zatwierdzić przed wdrożeniem
https://hornigold.pl/zh-hans/miasto-i-okolice/ilustracje/industrialna-zielen,https://hornigold.pl/zh-hans/%E5%9F%8E%E5%B8%82%E4%B8%8E%E5%91%A8%E8%BE%B9/%E6%8F%92%E7%94%BB/%E5%B7%A5%E4%B8%9A%E4%B8%8E%E9%87%8D%E8%BF%94%E7%9A%84%E7%BB%BF%E6%84%8F/,301,Alias obecny w site/zh-hans/miasto-i-okolice/ilustracje/industrialna-zielen/index.html; cel spłaszczony do adresu kanonicznego,SZKIC — potwierdzić użycie na starej stronie i zatwierdzić przed wdrożeniem
https://hornigold.pl/zh-hans/miasto-i-okolice/ilustracje/industrialna-zielen/,https://hornigold.pl/zh-hans/%E5%9F%8E%E5%B8%82%E4%B8%8E%E5%91%A8%E8%BE%B9/%E6%8F%92%E7%94%BB/%E5%B7%A5%E4%B8%9A%E4%B8%8E%E9%87%8D%E8%BF%94%E7%9A%84%E7%BB%BF%E6%84%8F/,301,Alias obecny w site/zh-hans/miasto-i-okolice/ilustracje/industrialna-zielen/index.html; cel spłaszczony do adresu kanonicznego,SZKIC — potwierdzić użycie na starej stronie i zatwierdzić przed wdrożeniem
https://hornigold.pl/zh-hans/miasto-i-okolice/ilustracje/kino-art-deco,https://hornigold.pl/zh-hans/%E5%9F%8E%E5%B8%82%E4%B8%8E%E5%91%A8%E8%BE%B9/%E6%8F%92%E7%94%BB/%E5%9F%8E%E5%B8%82%E7%81%AF%E5%85%89%E4%B8%AD%E7%9A%84%E5%BD%B1%E9%99%A2/,301,Alias obecny w site/zh-hans/miasto-i-okolice/ilustracje/kino-art-deco/index.html; cel spłaszczony do adresu kanonicznego,SZKIC — potwierdzić użycie na starej stronie i zatwierdzić przed wdrożeniem
https://hornigold.pl/zh-hans/miasto-i-okolice/ilustracje/kino-art-deco/,https://hornigold.pl/zh-hans/%E5%9F%8E%E5%B8%82%E4%B8%8E%E5%91%A8%E8%BE%B9/%E6%8F%92%E7%94%BB/%E5%9F%8E%E5%B8%82%E7%81%AF%E5%85%89%E4%B8%AD%E7%9A%84%E5%BD%B1%E9%99%A2/,301,Alias obecny w site/zh-hans/miasto-i-okolice/ilustracje/kino-art-deco/index.html; cel spłaszczony do adresu kanonicznego,SZKIC — potwierdzić użycie na starej stronie i zatwierdzić przed wdrożeniem
https://hornigold.pl/zh-hans/miasto-i-okolice/ilustracje/kosciol-mariacki,https://hornigold.pl/zh-hans/%E5%9F%8E%E5%B8%82%E4%B8%8E%E5%91%A8%E8%BE%B9/%E6%8F%92%E7%94%BB/%E5%9C%A3%E6%AF%8D%E6%95%99%E5%A0%82%E5%93%A5%E7%89%B9%E5%BC%8F%E7%9A%84%E8%8A%82%E5%A5%8F/,301,Alias obecny w site/zh-hans/miasto-i-okolice/ilustracje/kosciol-mariacki/index.html; cel spłaszczony do adresu kanonicznego,SZKIC — potwierdzić użycie na starej stronie i zatwierdzić przed wdrożeniem
https://hornigold.pl/zh-hans/miasto-i-okolice/ilustracje/kosciol-mariacki/,https://hornigold.pl/zh-hans/%E5%9F%8E%E5%B8%82%E4%B8%8E%E5%91%A8%E8%BE%B9/%E6%8F%92%E7%94%BB/%E5%9C%A3%E6%AF%8D%E6%95%99%E5%A0%82%E5%93%A5%E7%89%B9%E5%BC%8F%E7%9A%84%E8%8A%82%E5%A5%8F/,301,Alias obecny w site/zh-hans/miasto-i-okolice/ilustracje/kosciol-mariacki/index.html; cel spłaszczony do adresu kanonicznego,SZKIC — potwierdzić użycie na starej stronie i zatwierdzić przed wdrożeniem
https://hornigold.pl/zh-hans/miasto-i-okolice/ilustracje/kultura-po-zmroku,https://hornigold.pl/zh-hans/%E5%9F%8E%E5%B8%82%E4%B8%8E%E5%91%A8%E8%BE%B9/%E6%8F%92%E7%94%BB/%E5%A4%9C%E8%89%B2%E4%B8%AD%E7%9A%84%E6%96%87%E5%8C%96/,301,Alias obecny w site/zh-hans/miasto-i-okolice/ilustracje/kultura-po-zmroku/index.html; cel spłaszczony do adresu kanonicznego,SZKIC — potwierdzić użycie na starej stronie i zatwierdzić przed wdrożeniem
https://hornigold.pl/zh-hans/miasto-i-okolice/ilustracje/kultura-po-zmroku/,https://hornigold.pl/zh-hans/%E5%9F%8E%E5%B8%82%E4%B8%8E%E5%91%A8%E8%BE%B9/%E6%8F%92%E7%94%BB/%E5%A4%9C%E8%89%B2%E4%B8%AD%E7%9A%84%E6%96%87%E5%8C%96/,301,Alias obecny w site/zh-hans/miasto-i-okolice/ilustracje/kultura-po-zmroku/index.html; cel spłaszczony do adresu kanonicznego,SZKIC — potwierdzić użycie na starej stronie i zatwierdzić przed wdrożeniem
https://hornigold.pl/zh-hans/miasto-i-okolice/ilustracje/kultura-zachod,https://hornigold.pl/zh-hans/%E5%9F%8E%E5%B8%82%E4%B8%8E%E5%91%A8%E8%BE%B9/%E6%8F%92%E7%94%BB/%E6%97%A5%E8%90%BD%E6%97%B6%E7%9A%84%E6%96%87%E5%8C%96%E8%A1%97%E5%8C%BA/,301,Alias obecny w site/zh-hans/miasto-i-okolice/ilustracje/kultura-zachod/index.html; cel spłaszczony do adresu kanonicznego,SZKIC — potwierdzić użycie na starej stronie i zatwierdzić przed wdrożeniem
https://hornigold.pl/zh-hans/miasto-i-okolice/ilustracje/kultura-zachod/,https://hornigold.pl/zh-hans/%E5%9F%8E%E5%B8%82%E4%B8%8E%E5%91%A8%E8%BE%B9/%E6%8F%92%E7%94%BB/%E6%97%A5%E8%90%BD%E6%97%B6%E7%9A%84%E6%96%87%E5%8C%96%E8%A1%97%E5%8C%BA/,301,Alias obecny w site/zh-hans/miasto-i-okolice/ilustracje/kultura-zachod/index.html; cel spłaszczony do adresu kanonicznego,SZKIC — potwierdzić użycie na starej stronie i zatwierdzić przed wdrożeniem
https://hornigold.pl/zh-hans/miasto-i-okolice/ilustracje/mck,https://hornigold.pl/zh-hans/%E5%9F%8E%E5%B8%82%E4%B8%8E%E5%91%A8%E8%BE%B9/%E6%8F%92%E7%94%BB/mck%E4%B8%BA%E7%9B%B8%E8%81%9A%E8%80%8C%E5%BB%BA/,301,Alias obecny w site/zh-hans/miasto-i-okolice/ilustracje/mck/index.html; cel spłaszczony do adresu kanonicznego,SZKIC — potwierdzić użycie na starej stronie i zatwierdzić przed wdrożeniem
https://hornigold.pl/zh-hans/miasto-i-okolice/ilustracje/mck/,https://hornigold.pl/zh-hans/%E5%9F%8E%E5%B8%82%E4%B8%8E%E5%91%A8%E8%BE%B9/%E6%8F%92%E7%94%BB/mck%E4%B8%BA%E7%9B%B8%E8%81%9A%E8%80%8C%E5%BB%BA/,301,Alias obecny w site/zh-hans/miasto-i-okolice/ilustracje/mck/index.html; cel spłaszczony do adresu kanonicznego,SZKIC — potwierdzić użycie na starej stronie i zatwierdzić przed wdrożeniem
https://hornigold.pl/zh-hans/miasto-i-okolice/ilustracje/modernizm,https://hornigold.pl/zh-hans/%E5%9F%8E%E5%B8%82%E4%B8%8E%E5%91%A8%E8%BE%B9/%E6%8F%92%E7%94%BB/%E7%8E%B0%E4%BB%A3%E4%B8%BB%E4%B9%89%E8%B7%AF%E7%BA%BF%E5%9F%8E%E5%B8%82%E7%9A%84%E6%96%B0%E5%BD%A2%E5%BC%8F/,301,Alias obecny w site/zh-hans/miasto-i-okolice/ilustracje/modernizm/index.html; cel spłaszczony do adresu kanonicznego,SZKIC — potwierdzić użycie na starej stronie i zatwierdzić przed wdrożeniem
https://hornigold.pl/zh-hans/miasto-i-okolice/ilustracje/modernizm/,https://hornigold.pl/zh-hans/%E5%9F%8E%E5%B8%82%E4%B8%8E%E5%91%A8%E8%BE%B9/%E6%8F%92%E7%94%BB/%E7%8E%B0%E4%BB%A3%E4%B8%BB%E4%B9%89%E8%B7%AF%E7%BA%BF%E5%9F%8E%E5%B8%82%E7%9A%84%E6%96%B0%E5%BD%A2%E5%BC%8F/,301,Alias obecny w site/zh-hans/miasto-i-okolice/ilustracje/modernizm/index.html; cel spłaszczony do adresu kanonicznego,SZKIC — potwierdzić użycie na starej stronie i zatwierdzić przed wdrożeniem
https://hornigold.pl/zh-hans/miasto-i-okolice/ilustracje/muzeum-slaskie,https://hornigold.pl/zh-hans/%E5%9F%8E%E5%B8%82%E4%B8%8E%E5%91%A8%E8%BE%B9/%E6%8F%92%E7%94%BB/%E8%A5%BF%E9%87%8C%E8%A5%BF%E4%BA%9A%E5%8D%9A%E7%89%A9%E9%A6%86%E7%9F%BF%E5%8C%BA%E7%9A%84%E6%96%B0%E7%94%9F/,301,Alias obecny w site/zh-hans/miasto-i-okolice/ilustracje/muzeum-slaskie/index.html; cel spłaszczony do adresu kanonicznego,SZKIC — potwierdzić użycie na starej stronie i zatwierdzić przed wdrożeniem
https://hornigold.pl/zh-hans/miasto-i-okolice/ilustracje/muzeum-slaskie/,https://hornigold.pl/zh-hans/%E5%9F%8E%E5%B8%82%E4%B8%8E%E5%91%A8%E8%BE%B9/%E6%8F%92%E7%94%BB/%E8%A5%BF%E9%87%8C%E8%A5%BF%E4%BA%9A%E5%8D%9A%E7%89%A9%E9%A6%86%E7%9F%BF%E5%8C%BA%E7%9A%84%E6%96%B0%E7%94%9F/,301,Alias obecny w site/zh-hans/miasto-i-okolice/ilustracje/muzeum-slaskie/index.html; cel spłaszczony do adresu kanonicznego,SZKIC — potwierdzić użycie na starej stronie i zatwierdzić przed wdrożeniem
https://hornigold.pl/zh-hans/miasto-i-okolice/ilustracje/nikiszowiec-cegla,https://hornigold.pl/zh-hans/%E5%9F%8E%E5%B8%82%E4%B8%8E%E5%91%A8%E8%BE%B9/%E6%8F%92%E7%94%BB/%E5%B0%BC%E5%9F%BA%E7%BB%8D%E7%BB%B4%E8%8C%A8%E7%BA%A2%E7%A0%96%E7%9A%84%E6%95%85%E4%BA%8B/,301,Alias obecny w site/zh-hans/miasto-i-okolice/ilustracje/nikiszowiec-cegla/index.html; cel spłaszczony do adresu kanonicznego,SZKIC — potwierdzić użycie na starej stronie i zatwierdzić przed wdrożeniem
https://hornigold.pl/zh-hans/miasto-i-okolice/ilustracje/nikiszowiec-cegla/,https://hornigold.pl/zh-hans/%E5%9F%8E%E5%B8%82%E4%B8%8E%E5%91%A8%E8%BE%B9/%E6%8F%92%E7%94%BB/%E5%B0%BC%E5%9F%BA%E7%BB%8D%E7%BB%B4%E8%8C%A8%E7%BA%A2%E7%A0%96%E7%9A%84%E6%95%85%E4%BA%8B/,301,Alias obecny w site/zh-hans/miasto-i-okolice/ilustracje/nikiszowiec-cegla/index.html; cel spłaszczony do adresu kanonicznego,SZKIC — potwierdzić użycie na starej stronie i zatwierdzić przed wdrożeniem
https://hornigold.pl/zh-hans/miasto-i-okolice/ilustracje/nospr,https://hornigold.pl/zh-hans/%E5%9F%8E%E5%B8%82%E4%B8%8E%E5%91%A8%E8%BE%B9/%E6%8F%92%E7%94%BB/nospr%E9%9F%B3%E4%B9%90%E4%B9%8B%E5%9F%8E/,301,Alias obecny w site/zh-hans/miasto-i-okolice/ilustracje/nospr/index.html; cel spłaszczony do adresu kanonicznego,SZKIC — potwierdzić użycie na starej stronie i zatwierdzić przed wdrożeniem
https://hornigold.pl/zh-hans/miasto-i-okolice/ilustracje/nospr/,https://hornigold.pl/zh-hans/%E5%9F%8E%E5%B8%82%E4%B8%8E%E5%91%A8%E8%BE%B9/%E6%8F%92%E7%94%BB/nospr%E9%9F%B3%E4%B9%90%E4%B9%8B%E5%9F%8E/,301,Alias obecny w site/zh-hans/miasto-i-okolice/ilustracje/nospr/index.html; cel spłaszczony do adresu kanonicznego,SZKIC — potwierdzić użycie na starej stronie i zatwierdzić przed wdrożeniem
https://hornigold.pl/zh-hans/miasto-i-okolice/ilustracje/opera-wyobrazona,https://hornigold.pl/zh-hans/%E5%9F%8E%E5%B8%82%E4%B8%8E%E5%91%A8%E8%BE%B9/%E6%8F%92%E7%94%BB/%E6%AD%8C%E5%89%A7%E4%B9%8B%E5%A4%9C/,301,Alias obecny w site/zh-hans/miasto-i-okolice/ilustracje/opera-wyobrazona/index.html; cel spłaszczony do adresu kanonicznego,SZKIC — potwierdzić użycie na starej stronie i zatwierdzić przed wdrożeniem
https://hornigold.pl/zh-hans/miasto-i-okolice/ilustracje/opera-wyobrazona/,https://hornigold.pl/zh-hans/%E5%9F%8E%E5%B8%82%E4%B8%8E%E5%91%A8%E8%BE%B9/%E6%8F%92%E7%94%BB/%E6%AD%8C%E5%89%A7%E4%B9%8B%E5%A4%9C/,301,Alias obecny w site/zh-hans/miasto-i-okolice/ilustracje/opera-wyobrazona/index.html; cel spłaszczony do adresu kanonicznego,SZKIC — potwierdzić użycie na starej stronie i zatwierdzić przed wdrożeniem
https://hornigold.pl/zh-hans/miasto-i-okolice/ilustracje/panorama-regionu,https://hornigold.pl/zh-hans/%E5%9F%8E%E5%B8%82%E4%B8%8E%E5%91%A8%E8%BE%B9/%E6%8F%92%E7%94%BB/%E8%A5%BF%E9%87%8C%E8%A5%BF%E4%BA%9A%E6%83%B3%E8%B1%A1%E4%B8%AD%E7%9A%84%E5%85%A8%E6%99%AF/,301,Alias obecny w site/zh-hans/miasto-i-okolice/ilustracje/panorama-regionu/index.html; cel spłaszczony do adresu kanonicznego,SZKIC — potwierdzić użycie na starej stronie i zatwierdzić przed wdrożeniem
https://hornigold.pl/zh-hans/miasto-i-okolice/ilustracje/panorama-regionu/,https://hornigold.pl/zh-hans/%E5%9F%8E%E5%B8%82%E4%B8%8E%E5%91%A8%E8%BE%B9/%E6%8F%92%E7%94%BB/%E8%A5%BF%E9%87%8C%E8%A5%BF%E4%BA%9A%E6%83%B3%E8%B1%A1%E4%B8%AD%E7%9A%84%E5%85%A8%E6%99%AF/,301,Alias obecny w site/zh-hans/miasto-i-okolice/ilustracje/panorama-regionu/index.html; cel spłaszczony do adresu kanonicznego,SZKIC — potwierdzić użycie na starej stronie i zatwierdzić przed wdrożeniem
https://hornigold.pl/zh-hans/miasto-i-okolice/ilustracje/park-kosciuszki,https://hornigold.pl/zh-hans/%E5%9F%8E%E5%B8%82%E4%B8%8E%E5%91%A8%E8%BE%B9/%E6%8F%92%E7%94%BB/%E7%A7%91%E5%B8%8C%E4%B8%98%E4%BB%80%E7%A7%91%E5%85%AC%E5%9B%AD%E5%9F%8E%E5%B8%82%E7%9A%84%E5%91%BC%E5%90%B8/,301,Alias obecny w site/zh-hans/miasto-i-okolice/ilustracje/park-kosciuszki/index.html; cel spłaszczony do adresu kanonicznego,SZKIC — potwierdzić użycie na starej stronie i zatwierdzić przed wdrożeniem
https://hornigold.pl/zh-hans/miasto-i-okolice/ilustracje/park-kosciuszki/,https://hornigold.pl/zh-hans/%E5%9F%8E%E5%B8%82%E4%B8%8E%E5%91%A8%E8%BE%B9/%E6%8F%92%E7%94%BB/%E7%A7%91%E5%B8%8C%E4%B8%98%E4%BB%80%E7%A7%91%E5%85%AC%E5%9B%AD%E5%9F%8E%E5%B8%82%E7%9A%84%E5%91%BC%E5%90%B8/,301,Alias obecny w site/zh-hans/miasto-i-okolice/ilustracje/park-kosciuszki/index.html; cel spłaszczony do adresu kanonicznego,SZKIC — potwierdzić użycie na starej stronie i zatwierdzić przed wdrożeniem
https://hornigold.pl/zh-hans/miasto-i-okolice/ilustracje/park-nad-stawem,https://hornigold.pl/zh-hans/%E5%9F%8E%E5%B8%82%E4%B8%8E%E5%91%A8%E8%BE%B9/%E6%8F%92%E7%94%BB/%E6%B1%A0%E7%95%94%E5%85%AC%E5%9B%AD/,301,Alias obecny w site/zh-hans/miasto-i-okolice/ilustracje/park-nad-stawem/index.html; cel spłaszczony do adresu kanonicznego,SZKIC — potwierdzić użycie na starej stronie i zatwierdzić przed wdrożeniem
https://hornigold.pl/zh-hans/miasto-i-okolice/ilustracje/park-nad-stawem/,https://hornigold.pl/zh-hans/%E5%9F%8E%E5%B8%82%E4%B8%8E%E5%91%A8%E8%BE%B9/%E6%8F%92%E7%94%BB/%E6%B1%A0%E7%95%94%E5%85%AC%E5%9B%AD/,301,Alias obecny w site/zh-hans/miasto-i-okolice/ilustracje/park-nad-stawem/index.html; cel spłaszczony do adresu kanonicznego,SZKIC — potwierdzić użycie na starej stronie i zatwierdzić przed wdrożeniem
https://hornigold.pl/zh-hans/miasto-i-okolice/ilustracje/porcelana,https://hornigold.pl/zh-hans/%E5%9F%8E%E5%B8%82%E4%B8%8E%E5%91%A8%E8%BE%B9/%E6%8F%92%E7%94%BB/%E7%93%B7%E5%99%A8%E5%B7%A5%E5%8E%82%E5%B7%A5%E4%B8%9A%E4%B8%8E%E6%89%8B%E8%89%BA/,301,Alias obecny w site/zh-hans/miasto-i-okolice/ilustracje/porcelana/index.html; cel spłaszczony do adresu kanonicznego,SZKIC — potwierdzić użycie na starej stronie i zatwierdzić przed wdrożeniem
https://hornigold.pl/zh-hans/miasto-i-okolice/ilustracje/porcelana/,https://hornigold.pl/zh-hans/%E5%9F%8E%E5%B8%82%E4%B8%8E%E5%91%A8%E8%BE%B9/%E6%8F%92%E7%94%BB/%E7%93%B7%E5%99%A8%E5%B7%A5%E5%8E%82%E5%B7%A5%E4%B8%9A%E4%B8%8E%E6%89%8B%E8%89%BA/,301,Alias obecny w site/zh-hans/miasto-i-okolice/ilustracje/porcelana/index.html; cel spłaszczony do adresu kanonicznego,SZKIC — potwierdzić użycie na starej stronie i zatwierdzić przed wdrożeniem
https://hornigold.pl/zh-hans/miasto-i-okolice/ilustracje/przed-koncertem,https://hornigold.pl/zh-hans/%E5%9F%8E%E5%B8%82%E4%B8%8E%E5%91%A8%E8%BE%B9/%E6%8F%92%E7%94%BB/%E5%BC%80%E6%BC%94%E5%89%8D%E7%9A%84%E4%B8%80%E5%88%BB/,301,Alias obecny w site/zh-hans/miasto-i-okolice/ilustracje/przed-koncertem/index.html; cel spłaszczony do adresu kanonicznego,SZKIC — potwierdzić użycie na starej stronie i zatwierdzić przed wdrożeniem
https://hornigold.pl/zh-hans/miasto-i-okolice/ilustracje/przed-koncertem/,https://hornigold.pl/zh-hans/%E5%9F%8E%E5%B8%82%E4%B8%8E%E5%91%A8%E8%BE%B9/%E6%8F%92%E7%94%BB/%E5%BC%80%E6%BC%94%E5%89%8D%E7%9A%84%E4%B8%80%E5%88%BB/,301,Alias obecny w site/zh-hans/miasto-i-okolice/ilustracje/przed-koncertem/index.html; cel spłaszczony do adresu kanonicznego,SZKIC — potwierdzić użycie na starej stronie i zatwierdzić przed wdrożeniem
https://hornigold.pl/zh-hans/miasto-i-okolice/ilustracje/sakralne-wieze,https://hornigold.pl/zh-hans/%E5%9F%8E%E5%B8%82%E4%B8%8E%E5%91%A8%E8%BE%B9/%E6%8F%92%E7%94%BB/%E5%A1%94%E6%A5%BC%E4%B8%8E%E9%9D%99%E8%B0%A7/,301,Alias obecny w site/zh-hans/miasto-i-okolice/ilustracje/sakralne-wieze/index.html; cel spłaszczony do adresu kanonicznego,SZKIC — potwierdzić użycie na starej stronie i zatwierdzić przed wdrożeniem
https://hornigold.pl/zh-hans/miasto-i-okolice/ilustracje/sakralne-wieze/,https://hornigold.pl/zh-hans/%E5%9F%8E%E5%B8%82%E4%B8%8E%E5%91%A8%E8%BE%B9/%E6%8F%92%E7%94%BB/%E5%A1%94%E6%A5%BC%E4%B8%8E%E9%9D%99%E8%B0%A7/,301,Alias obecny w site/zh-hans/miasto-i-okolice/ilustracje/sakralne-wieze/index.html; cel spłaszczony do adresu kanonicznego,SZKIC — potwierdzić użycie na starej stronie i zatwierdzić przed wdrożeniem
https://hornigold.pl/zh-hans/miasto-i-okolice/ilustracje/sala-nad-woda,https://hornigold.pl/zh-hans/%E5%9F%8E%E5%B8%82%E4%B8%8E%E5%91%A8%E8%BE%B9/%E6%8F%92%E7%94%BB/%E6%B0%B4%E7%95%94%E7%9A%84%E9%9F%B3%E4%B9%90/,301,Alias obecny w site/zh-hans/miasto-i-okolice/ilustracje/sala-nad-woda/index.html; cel spłaszczony do adresu kanonicznego,SZKIC — potwierdzić użycie na starej stronie i zatwierdzić przed wdrożeniem
https://hornigold.pl/zh-hans/miasto-i-okolice/ilustracje/sala-nad-woda/,https://hornigold.pl/zh-hans/%E5%9F%8E%E5%B8%82%E4%B8%8E%E5%91%A8%E8%BE%B9/%E6%8F%92%E7%94%BB/%E6%B0%B4%E7%95%94%E7%9A%84%E9%9F%B3%E4%B9%90/,301,Alias obecny w site/zh-hans/miasto-i-okolice/ilustracje/sala-nad-woda/index.html; cel spłaszczony do adresu kanonicznego,SZKIC — potwierdzić użycie na starej stronie i zatwierdzić przed wdrożeniem
https://hornigold.pl/zh-hans/miasto-i-okolice/ilustracje/spodek,https://hornigold.pl/zh-hans/%E5%9F%8E%E5%B8%82%E4%B8%8E%E5%91%A8%E8%BE%B9/%E6%8F%92%E7%94%BB/spodek%E4%BD%93%E8%82%B2%E9%A6%86%E8%89%BA%E6%9C%AF%E6%83%B3%E8%B1%A1/,301,Alias obecny w site/zh-hans/miasto-i-okolice/ilustracje/spodek/index.html; cel spłaszczony do adresu kanonicznego,SZKIC — potwierdzić użycie na starej stronie i zatwierdzić przed wdrożeniem
https://hornigold.pl/zh-hans/miasto-i-okolice/ilustracje/spodek/,https://hornigold.pl/zh-hans/%E5%9F%8E%E5%B8%82%E4%B8%8E%E5%91%A8%E8%BE%B9/%E6%8F%92%E7%94%BB/spodek%E4%BD%93%E8%82%B2%E9%A6%86%E8%89%BA%E6%9C%AF%E6%83%B3%E8%B1%A1/,301,Alias obecny w site/zh-hans/miasto-i-okolice/ilustracje/spodek/index.html; cel spłaszczony do adresu kanonicznego,SZKIC — potwierdzić użycie na starej stronie i zatwierdzić przed wdrożeniem
https://hornigold.pl/zh-hans/miasto-i-okolice/ilustracje/teatr-slaski,https://hornigold.pl/zh-hans/%E5%9F%8E%E5%B8%82%E4%B8%8E%E5%91%A8%E8%BE%B9/%E6%8F%92%E7%94%BB/%E8%A5%BF%E9%87%8C%E8%A5%BF%E4%BA%9A%E5%89%A7%E9%99%A2%E5%B9%BF%E5%9C%BA%E6%97%81%E7%9A%84%E5%A4%9C%E6%99%9A/,301,Alias obecny w site/zh-hans/miasto-i-okolice/ilustracje/teatr-slaski/index.html; cel spłaszczony do adresu kanonicznego,SZKIC — potwierdzić użycie na starej stronie i zatwierdzić przed wdrożeniem
https://hornigold.pl/zh-hans/miasto-i-okolice/ilustracje/teatr-slaski/,https://hornigold.pl/zh-hans/%E5%9F%8E%E5%B8%82%E4%B8%8E%E5%91%A8%E8%BE%B9/%E6%8F%92%E7%94%BB/%E8%A5%BF%E9%87%8C%E8%A5%BF%E4%BA%9A%E5%89%A7%E9%99%A2%E5%B9%BF%E5%9C%BA%E6%97%81%E7%9A%84%E5%A4%9C%E6%99%9A/,301,Alias obecny w site/zh-hans/miasto-i-okolice/ilustracje/teatr-slaski/index.html; cel spłaszczony do adresu kanonicznego,SZKIC — potwierdzić użycie na starej stronie i zatwierdzić przed wdrożeniem
https://hornigold.pl/zh-hans/miasto-i-okolice/ilustracje/teatralne-schody,https://hornigold.pl/zh-hans/%E5%9F%8E%E5%B8%82%E4%B8%8E%E5%91%A8%E8%BE%B9/%E6%8F%92%E7%94%BB/%E8%B5%B0%E5%90%91%E5%89%A7%E9%99%A2%E7%9A%84%E5%8F%B0%E9%98%B6/,301,Alias obecny w site/zh-hans/miasto-i-okolice/ilustracje/teatralne-schody/index.html; cel spłaszczony do adresu kanonicznego,SZKIC — potwierdzić użycie na starej stronie i zatwierdzić przed wdrożeniem
https://hornigold.pl/zh-hans/miasto-i-okolice/ilustracje/teatralne-schody/,https://hornigold.pl/zh-hans/%E5%9F%8E%E5%B8%82%E4%B8%8E%E5%91%A8%E8%BE%B9/%E6%8F%92%E7%94%BB/%E8%B5%B0%E5%90%91%E5%89%A7%E9%99%A2%E7%9A%84%E5%8F%B0%E9%98%B6/,301,Alias obecny w site/zh-hans/miasto-i-okolice/ilustracje/teatralne-schody/index.html; cel spłaszczony do adresu kanonicznego,SZKIC — potwierdzić użycie na starej stronie i zatwierdzić przed wdrożeniem
https://hornigold.pl/zh-hans/miasto-i-okolice/ilustracje/tramwaj-poranek,https://hornigold.pl/zh-hans/%E5%9F%8E%E5%B8%82%E4%B8%8E%E5%91%A8%E8%BE%B9/%E6%8F%92%E7%94%BB/%E8%BD%A8%E9%81%93%E4%B8%8A%E7%9A%84%E6%B8%85%E6%99%A8/,301,Alias obecny w site/zh-hans/miasto-i-okolice/ilustracje/tramwaj-poranek/index.html; cel spłaszczony do adresu kanonicznego,SZKIC — potwierdzić użycie na starej stronie i zatwierdzić przed wdrożeniem
https://hornigold.pl/zh-hans/miasto-i-okolice/ilustracje/tramwaj-poranek/,https://hornigold.pl/zh-hans/%E5%9F%8E%E5%B8%82%E4%B8%8E%E5%91%A8%E8%BE%B9/%E6%8F%92%E7%94%BB/%E8%BD%A8%E9%81%93%E4%B8%8A%E7%9A%84%E6%B8%85%E6%99%A8/,301,Alias obecny w site/zh-hans/miasto-i-okolice/ilustracje/tramwaj-poranek/index.html; cel spłaszczony do adresu kanonicznego,SZKIC — potwierdzić użycie na starej stronie i zatwierdzić przed wdrożeniem
https://hornigold.pl/zh-hans/miasto-i-okolice/ilustracje/tramwaj-wieczor,https://hornigold.pl/zh-hans/%E5%9F%8E%E5%B8%82%E4%B8%8E%E5%91%A8%E8%BE%B9/%E6%8F%92%E7%94%BB/%E8%93%9D%E8%B0%83%E6%97%B6%E5%88%BB%E7%9A%84%E7%94%B5%E8%BD%A6/,301,Alias obecny w site/zh-hans/miasto-i-okolice/ilustracje/tramwaj-wieczor/index.html; cel spłaszczony do adresu kanonicznego,SZKIC — potwierdzić użycie na starej stronie i zatwierdzić przed wdrożeniem
https://hornigold.pl/zh-hans/miasto-i-okolice/ilustracje/tramwaj-wieczor/,https://hornigold.pl/zh-hans/%E5%9F%8E%E5%B8%82%E4%B8%8E%E5%91%A8%E8%BE%B9/%E6%8F%92%E7%94%BB/%E8%93%9D%E8%B0%83%E6%97%B6%E5%88%BB%E7%9A%84%E7%94%B5%E8%BD%A6/,301,Alias obecny w site/zh-hans/miasto-i-okolice/ilustracje/tramwaj-wieczor/index.html; cel spłaszczony do adresu kanonicznego,SZKIC — potwierdzić użycie na starej stronie i zatwierdzić przed wdrożeniem
https://hornigold.pl/zh-hans/miasto-i-okolice/ilustracje/ulica-moderny,https://hornigold.pl/zh-hans/%E5%9F%8E%E5%B8%82%E4%B8%8E%E5%91%A8%E8%BE%B9/%E6%8F%92%E7%94%BB/%E7%8E%B0%E4%BB%A3%E4%B8%BB%E4%B9%89%E8%A1%97%E9%81%93/,301,Alias obecny w site/zh-hans/miasto-i-okolice/ilustracje/ulica-moderny/index.html; cel spłaszczony do adresu kanonicznego,SZKIC — potwierdzić użycie na starej stronie i zatwierdzić przed wdrożeniem
https://hornigold.pl/zh-hans/miasto-i-okolice/ilustracje/ulica-moderny/,https://hornigold.pl/zh-hans/%E5%9F%8E%E5%B8%82%E4%B8%8E%E5%91%A8%E8%BE%B9/%E6%8F%92%E7%94%BB/%E7%8E%B0%E4%BB%A3%E4%B8%BB%E4%B9%89%E8%A1%97%E9%81%93/,301,Alias obecny w site/zh-hans/miasto-i-okolice/ilustracje/ulica-moderny/index.html; cel spłaszczony do adresu kanonicznego,SZKIC — potwierdzić użycie na starej stronie i zatwierdzić przed wdrożeniem
https://hornigold.pl/zh-hans/miasto-i-okolice/ilustracje/wieza-wodna,https://hornigold.pl/zh-hans/%E5%9F%8E%E5%B8%82%E4%B8%8E%E5%91%A8%E8%BE%B9/%E6%8F%92%E7%94%BB/%E6%B0%B4%E5%A1%94%E5%9F%BA%E7%A1%80%E8%AE%BE%E6%96%BD%E7%9A%84%E5%8D%B0%E8%AE%B0/,301,Alias obecny w site/zh-hans/miasto-i-okolice/ilustracje/wieza-wodna/index.html; cel spłaszczony do adresu kanonicznego,SZKIC — potwierdzić użycie na starej stronie i zatwierdzić przed wdrożeniem
https://hornigold.pl/zh-hans/miasto-i-okolice/ilustracje/wieza-wodna/,https://hornigold.pl/zh-hans/%E5%9F%8E%E5%B8%82%E4%B8%8E%E5%91%A8%E8%BE%B9/%E6%8F%92%E7%94%BB/%E6%B0%B4%E5%A1%94%E5%9F%BA%E7%A1%80%E8%AE%BE%E6%96%BD%E7%9A%84%E5%8D%B0%E8%AE%B0/,301,Alias obecny w site/zh-hans/miasto-i-okolice/ilustracje/wieza-wodna/index.html; cel spłaszczony do adresu kanonicznego,SZKIC — potwierdzić użycie na starej stronie i zatwierdzić przed wdrożeniem
https://hornigold.pl/zh-hans/miasto-i-okolice/ilustracje/zielony-korytarz,https://hornigold.pl/zh-hans/%E5%9F%8E%E5%B8%82%E4%B8%8E%E5%91%A8%E8%BE%B9/%E6%8F%92%E7%94%BB/%E5%9F%8E%E5%B8%82%E7%9A%84%E7%BB%BF%E8%89%B2%E5%BB%8A%E9%81%93/,301,Alias obecny w site/zh-hans/miasto-i-okolice/ilustracje/zielony-korytarz/index.html; cel spłaszczony do adresu kanonicznego,SZKIC — potwierdzić użycie na starej stronie i zatwierdzić przed wdrożeniem
https://hornigold.pl/zh-hans/miasto-i-okolice/ilustracje/zielony-korytarz/,https://hornigold.pl/zh-hans/%E5%9F%8E%E5%B8%82%E4%B8%8E%E5%91%A8%E8%BE%B9/%E6%8F%92%E7%94%BB/%E5%9F%8E%E5%B8%82%E7%9A%84%E7%BB%BF%E8%89%B2%E5%BB%8A%E9%81%93/,301,Alias obecny w site/zh-hans/miasto-i-okolice/ilustracje/zielony-korytarz/index.html; cel spłaszczony do adresu kanonicznego,SZKIC — potwierdzić użycie na starej stronie i zatwierdzić przed wdrożeniem
https://hornigold.pl/zh-hans/miasto-i-okolice/katalog-zabytkow,https://hornigold.pl/zh-hans/%E5%9F%8E%E5%B8%82%E4%B8%8E%E5%91%A8%E8%BE%B9/%E5%8F%A4%E8%BF%B9%E4%B8%8E%E8%B7%AF%E7%BA%BF%E7%BB%A7%E7%BB%AD%E6%8E%A2%E7%B4%A2/,301,Alias obecny w site/zh-hans/miasto-i-okolice/katalog-zabytkow/index.html; cel spłaszczony do adresu kanonicznego,SZKIC — potwierdzić użycie na starej stronie i zatwierdzić przed wdrożeniem
https://hornigold.pl/zh-hans/miasto-i-okolice/katalog-zabytkow/,https://hornigold.pl/zh-hans/%E5%9F%8E%E5%B8%82%E4%B8%8E%E5%91%A8%E8%BE%B9/%E5%8F%A4%E8%BF%B9%E4%B8%8E%E8%B7%AF%E7%BA%BF%E7%BB%A7%E7%BB%AD%E6%8E%A2%E7%B4%A2/,301,Alias obecny w site/zh-hans/miasto-i-okolice/katalog-zabytkow/index.html; cel spłaszczony do adresu kanonicznego,SZKIC — potwierdzić użycie na starej stronie i zatwierdzić przed wdrożeniem
https://hornigold.pl/zh-hans/miasto-i-okolice/miejsca-pamieci-slaska,https://hornigold.pl/zh-hans/%E5%9F%8E%E5%B8%82%E4%B8%8E%E5%91%A8%E8%BE%B9/%E8%A5%BF%E9%87%8C%E8%A5%BF%E4%BA%9A%E7%BA%AA%E5%BF%B5%E5%9C%B0%E4%B8%8D%E5%90%8C%E5%8E%86%E5%8F%B2%E5%AE%A1%E6%85%8E%E8%A1%A8%E8%BE%BE/,301,Alias obecny w site/zh-hans/miasto-i-okolice/miejsca-pamieci-slaska/index.html; cel spłaszczony do adresu kanonicznego,SZKIC — potwierdzić użycie na starej stronie i zatwierdzić przed wdrożeniem
https://hornigold.pl/zh-hans/miasto-i-okolice/miejsca-pamieci-slaska/,https://hornigold.pl/zh-hans/%E5%9F%8E%E5%B8%82%E4%B8%8E%E5%91%A8%E8%BE%B9/%E8%A5%BF%E9%87%8C%E8%A5%BF%E4%BA%9A%E7%BA%AA%E5%BF%B5%E5%9C%B0%E4%B8%8D%E5%90%8C%E5%8E%86%E5%8F%B2%E5%AE%A1%E6%85%8E%E8%A1%A8%E8%BE%BE/,301,Alias obecny w site/zh-hans/miasto-i-okolice/miejsca-pamieci-slaska/index.html; cel spłaszczony do adresu kanonicznego,SZKIC — potwierdzić użycie na starej stronie i zatwierdzić przed wdrożeniem
https://hornigold.pl/zh-hans/miasto-i-okolice/moderna-i-zabytki,https://hornigold.pl/zh-hans/%E5%9F%8E%E5%B8%82%E4%B8%8E%E5%91%A8%E8%BE%B9/%E7%8E%B0%E4%BB%A3%E4%B8%BB%E4%B9%89%E8%80%81%E4%BD%8F%E5%AE%85%E4%B8%8E%E6%9C%A8%E6%95%99%E5%A0%82/,301,Alias obecny w site/zh-hans/miasto-i-okolice/moderna-i-zabytki/index.html; cel spłaszczony do adresu kanonicznego,SZKIC — potwierdzić użycie na starej stronie i zatwierdzić przed wdrożeniem
https://hornigold.pl/zh-hans/miasto-i-okolice/moderna-i-zabytki/,https://hornigold.pl/zh-hans/%E5%9F%8E%E5%B8%82%E4%B8%8E%E5%91%A8%E8%BE%B9/%E7%8E%B0%E4%BB%A3%E4%B8%BB%E4%B9%89%E8%80%81%E4%BD%8F%E5%AE%85%E4%B8%8E%E6%9C%A8%E6%95%99%E5%A0%82/,301,Alias obecny w site/zh-hans/miasto-i-okolice/moderna-i-zabytki/index.html; cel spłaszczony do adresu kanonicznego,SZKIC — potwierdzić użycie na starej stronie i zatwierdzić przed wdrożeniem
https://hornigold.pl/zh-hans/miasto-i-okolice/nikiszowiec,https://hornigold.pl/zh-hans/%E5%9F%8E%E5%B8%82%E4%B8%8E%E5%91%A8%E8%BE%B9/nikiszowiec/,301,Alias obecny w site/zh-hans/miasto-i-okolice/nikiszowiec/index.html; cel spłaszczony do adresu kanonicznego,SZKIC — potwierdzić użycie na starej stronie i zatwierdzić przed wdrożeniem
https://hornigold.pl/zh-hans/miasto-i-okolice/nikiszowiec/,https://hornigold.pl/zh-hans/%E5%9F%8E%E5%B8%82%E4%B8%8E%E5%91%A8%E8%BE%B9/nikiszowiec/,301,Alias obecny w site/zh-hans/miasto-i-okolice/nikiszowiec/index.html; cel spłaszczony do adresu kanonicznego,SZKIC — potwierdzić użycie na starej stronie i zatwierdzić przed wdrożeniem
https://hornigold.pl/zh-hans/miasto-i-okolice/pszczyna,https://hornigold.pl/zh-hans/%E5%9F%8E%E5%B8%82%E4%B8%8E%E5%91%A8%E8%BE%B9/pszczyna/,301,Alias obecny w site/zh-hans/miasto-i-okolice/pszczyna/index.html; cel spłaszczony do adresu kanonicznego,SZKIC — potwierdzić użycie na starej stronie i zatwierdzić przed wdrożeniem
https://hornigold.pl/zh-hans/miasto-i-okolice/pszczyna/,https://hornigold.pl/zh-hans/%E5%9F%8E%E5%B8%82%E4%B8%8E%E5%91%A8%E8%BE%B9/pszczyna/,301,Alias obecny w site/zh-hans/miasto-i-okolice/pszczyna/index.html; cel spłaszczony do adresu kanonicznego,SZKIC — potwierdzić użycie na starej stronie i zatwierdzić przed wdrożeniem
https://hornigold.pl/zh-hans/miasto-i-okolice/rynek,https://hornigold.pl/zh-hans/%E5%9F%8E%E5%B8%82%E4%B8%8E%E5%91%A8%E8%BE%B9/%E4%B8%AD%E5%A4%AE%E5%B9%BF%E5%9C%BA%E4%B8%80%E7%9C%BC%E8%AF%BB%E6%87%82%E5%8D%A1%E6%89%98%E7%BB%B4%E5%85%B9/,301,Alias obecny w site/zh-hans/miasto-i-okolice/rynek/index.html; cel spłaszczony do adresu kanonicznego,SZKIC — potwierdzić użycie na starej stronie i zatwierdzić przed wdrożeniem
https://hornigold.pl/zh-hans/miasto-i-okolice/rynek/,https://hornigold.pl/zh-hans/%E5%9F%8E%E5%B8%82%E4%B8%8E%E5%91%A8%E8%BE%B9/%E4%B8%AD%E5%A4%AE%E5%B9%BF%E5%9C%BA%E4%B8%80%E7%9C%BC%E8%AF%BB%E6%87%82%E5%8D%A1%E6%89%98%E7%BB%B4%E5%85%B9/,301,Alias obecny w site/zh-hans/miasto-i-okolice/rynek/index.html; cel spłaszczony do adresu kanonicznego,SZKIC — potwierdzić użycie na starej stronie i zatwierdzić przed wdrożeniem
https://hornigold.pl/zh-hans/miasto-i-okolice/strefa-kultury,https://hornigold.pl/zh-hans/%E5%9F%8E%E5%B8%82%E4%B8%8E%E5%91%A8%E8%BE%B9/%E6%96%87%E5%8C%96%E5%8C%BA%E5%B7%A5%E4%B8%9A%E7%A9%BA%E9%97%B4%E7%9A%84%E6%96%B0%E7%AF%87%E7%AB%A0/,301,Alias obecny w site/zh-hans/miasto-i-okolice/strefa-kultury/index.html; cel spłaszczony do adresu kanonicznego,SZKIC — potwierdzić użycie na starej stronie i zatwierdzić przed wdrożeniem
https://hornigold.pl/zh-hans/miasto-i-okolice/strefa-kultury/,https://hornigold.pl/zh-hans/%E5%9F%8E%E5%B8%82%E4%B8%8E%E5%91%A8%E8%BE%B9/%E6%96%87%E5%8C%96%E5%8C%BA%E5%B7%A5%E4%B8%9A%E7%A9%BA%E9%97%B4%E7%9A%84%E6%96%B0%E7%AF%87%E7%AB%A0/,301,Alias obecny w site/zh-hans/miasto-i-okolice/strefa-kultury/index.html; cel spłaszczony do adresu kanonicznego,SZKIC — potwierdzić użycie na starej stronie i zatwierdzić przed wdrożeniem
https://hornigold.pl/zh-hans/miasto-i-okolice/szlak-zabytkow-techniki,https://hornigold.pl/zh-hans/%E5%9F%8E%E5%B8%82%E4%B8%8E%E5%91%A8%E8%BE%B9/%E5%B7%A5%E4%B8%9A%E9%81%97%E4%BA%A7%E4%B9%8B%E8%B7%AF%E5%8A%B3%E5%8A%A8%E5%A1%91%E9%80%A0%E7%9A%84%E5%9C%B0%E5%8C%BA/,301,Alias obecny w site/zh-hans/miasto-i-okolice/szlak-zabytkow-techniki/index.html; cel spłaszczony do adresu kanonicznego,SZKIC — potwierdzić użycie na starej stronie i zatwierdzić przed wdrożeniem
https://hornigold.pl/zh-hans/miasto-i-okolice/szlak-zabytkow-techniki/,https://hornigold.pl/zh-hans/%E5%9F%8E%E5%B8%82%E4%B8%8E%E5%91%A8%E8%BE%B9/%E5%B7%A5%E4%B8%9A%E9%81%97%E4%BA%A7%E4%B9%8B%E8%B7%AF%E5%8A%B3%E5%8A%A8%E5%A1%91%E9%80%A0%E7%9A%84%E5%9C%B0%E5%8C%BA/,301,Alias obecny w site/zh-hans/miasto-i-okolice/szlak-zabytkow-techniki/index.html; cel spłaszczony do adresu kanonicznego,SZKIC — potwierdzić użycie na starej stronie i zatwierdzić przed wdrożeniem
https://hornigold.pl/zh-hans/miasto-i-okolice/tarnowskie-gory,https://hornigold.pl/zh-hans/%E5%9F%8E%E5%B8%82%E4%B8%8E%E5%91%A8%E8%BE%B9/tarnowskie-gory/,301,Alias obecny w site/zh-hans/miasto-i-okolice/tarnowskie-gory/index.html; cel spłaszczony do adresu kanonicznego,SZKIC — potwierdzić użycie na starej stronie i zatwierdzić przed wdrożeniem
https://hornigold.pl/zh-hans/miasto-i-okolice/tarnowskie-gory/,https://hornigold.pl/zh-hans/%E5%9F%8E%E5%B8%82%E4%B8%8E%E5%91%A8%E8%BE%B9/tarnowskie-gory/,301,Alias obecny w site/zh-hans/miasto-i-okolice/tarnowskie-gory/index.html; cel spłaszczony do adresu kanonicznego,SZKIC — potwierdzić użycie na starej stronie i zatwierdzić przed wdrożeniem
https://hornigold.pl/zh-hans/miasto-i-okolice/zabrze-guido-luiza,https://hornigold.pl/zh-hans/%E5%9F%8E%E5%B8%82%E4%B8%8E%E5%91%A8%E8%BE%B9/%E6%89%8E%E5%B8%83%E7%83%ADguido%E7%9F%BF%E5%B1%B1%E4%B8%8E%E8%B7%AF%E6%98%93%E4%B8%9D%E7%8E%8B%E5%90%8E%E5%B9%B3%E7%A1%90/,301,Alias obecny w site/zh-hans/miasto-i-okolice/zabrze-guido-luiza/index.html; cel spłaszczony do adresu kanonicznego,SZKIC — potwierdzić użycie na starej stronie i zatwierdzić przed wdrożeniem
https://hornigold.pl/zh-hans/miasto-i-okolice/zabrze-guido-luiza/,https://hornigold.pl/zh-hans/%E5%9F%8E%E5%B8%82%E4%B8%8E%E5%91%A8%E8%BE%B9/%E6%89%8E%E5%B8%83%E7%83%ADguido%E7%9F%BF%E5%B1%B1%E4%B8%8E%E8%B7%AF%E6%98%93%E4%B8%9D%E7%8E%8B%E5%90%8E%E5%B9%B3%E7%A1%90/,301,Alias obecny w site/zh-hans/miasto-i-okolice/zabrze-guido-luiza/index.html; cel spłaszczony do adresu kanonicznego,SZKIC — potwierdzić użycie na starej stronie i zatwierdzić przed wdrożeniem
https://hornigold.pl/zh-hans/o-nas,https://hornigold.pl/zh-hans/%E5%85%B3%E4%BA%8E-hornigold/,301,Alias obecny w site/zh-hans/o-nas/index.html; cel spłaszczony do adresu kanonicznego,SZKIC — potwierdzić użycie na starej stronie i zatwierdzić przed wdrożeniem
https://hornigold.pl/zh-hans/o-nas/,https://hornigold.pl/zh-hans/%E5%85%B3%E4%BA%8E-hornigold/,301,Alias obecny w site/zh-hans/o-nas/index.html; cel spłaszczony do adresu kanonicznego,SZKIC — potwierdzić użycie na starej stronie i zatwierdzić przed wdrożeniem
https://hornigold.pl/zh-hans/oferty,https://hornigold.pl/zh-hans/%E9%80%82%E5%90%88%E6%82%A8%E7%9A%84%E4%BD%8F%E5%AE%BF/,301,Alias obecny w site/zh-hans/oferty/index.html; cel spłaszczony do adresu kanonicznego,SZKIC — potwierdzić użycie na starej stronie i zatwierdzić przed wdrożeniem
https://hornigold.pl/zh-hans/oferty/,https://hornigold.pl/zh-hans/%E9%80%82%E5%90%88%E6%82%A8%E7%9A%84%E4%BD%8F%E5%AE%BF/,301,Alias obecny w site/zh-hans/oferty/index.html; cel spłaszczony do adresu kanonicznego,SZKIC — potwierdzić użycie na starej stronie i zatwierdzić przed wdrożeniem
https://hornigold.pl/zh-hans/opinie,https://hornigold.pl/zh-hans/%E5%AE%BE%E5%AE%A2%E4%BD%93%E9%AA%8C/,301,Alias obecny w site/zh-hans/opinie/index.html; cel spłaszczony do adresu kanonicznego,SZKIC — potwierdzić użycie na starej stronie i zatwierdzić przed wdrożeniem
https://hornigold.pl/zh-hans/opinie/,https://hornigold.pl/zh-hans/%E5%AE%BE%E5%AE%A2%E4%BD%93%E9%AA%8C/,301,Alias obecny w site/zh-hans/opinie/index.html; cel spłaszczony do adresu kanonicznego,SZKIC — potwierdzić użycie na starej stronie i zatwierdzić przed wdrożeniem
https://hornigold.pl/zh-hans/parking,https://hornigold.pl/zh-hans/%E5%AE%89%E5%BF%83%E8%A7%84%E5%88%92%E6%8A%B5%E8%BE%BE/,301,Alias obecny w site/zh-hans/parking/index.html; cel spłaszczony do adresu kanonicznego,SZKIC — potwierdzić użycie na starej stronie i zatwierdzić przed wdrożeniem
https://hornigold.pl/zh-hans/parking/,https://hornigold.pl/zh-hans/%E5%AE%89%E5%BF%83%E8%A7%84%E5%88%92%E6%8A%B5%E8%BE%BE/,301,Alias obecny w site/zh-hans/parking/index.html; cel spłaszczony do adresu kanonicznego,SZKIC — potwierdzić użycie na starej stronie i zatwierdzić przed wdrożeniem
https://hornigold.pl/zh-hans/pokoje,https://hornigold.pl/zh-hans/%E5%AE%A2%E6%88%BF/,301,Alias obecny w site/zh-hans/pokoje/index.html; cel spłaszczony do adresu kanonicznego,SZKIC — potwierdzić użycie na starej stronie i zatwierdzić przed wdrożeniem
https://hornigold.pl/zh-hans/pokoje/,https://hornigold.pl/zh-hans/%E5%AE%A2%E6%88%BF/,301,Alias obecny w site/zh-hans/pokoje/index.html; cel spłaszczony do adresu kanonicznego,SZKIC — potwierdzić użycie na starej stronie i zatwierdzić przed wdrożeniem
https://hornigold.pl/zh-hans/pokoje/apartament-deluxe,https://hornigold.pl/zh-hans/%E5%AE%A2%E6%88%BF/apartament-deluxe/,301,Alias obecny w site/zh-hans/pokoje/apartament-deluxe/index.html; cel spłaszczony do adresu kanonicznego,SZKIC — potwierdzić użycie na starej stronie i zatwierdzić przed wdrożeniem
https://hornigold.pl/zh-hans/pokoje/apartament-deluxe/,https://hornigold.pl/zh-hans/%E5%AE%A2%E6%88%BF/apartament-deluxe/,301,Alias obecny w site/zh-hans/pokoje/apartament-deluxe/index.html; cel spłaszczony do adresu kanonicznego,SZKIC — potwierdzić użycie na starej stronie i zatwierdzić przed wdrożeniem
https://hornigold.pl/zh-hans/pokoje/classic,https://hornigold.pl/zh-hans/%E5%AE%A2%E6%88%BF/classic/,301,Alias obecny w site/zh-hans/pokoje/classic/index.html; cel spłaszczony do adresu kanonicznego,SZKIC — potwierdzić użycie na starej stronie i zatwierdzić przed wdrożeniem
https://hornigold.pl/zh-hans/pokoje/classic/,https://hornigold.pl/zh-hans/%E5%AE%A2%E6%88%BF/classic/,301,Alias obecny w site/zh-hans/pokoje/classic/index.html; cel spłaszczony do adresu kanonicznego,SZKIC — potwierdzić użycie na starej stronie i zatwierdzić przed wdrożeniem
https://hornigold.pl/zh-hans/pokoje/deluxe-premium,https://hornigold.pl/zh-hans/%E5%AE%A2%E6%88%BF/deluxe-premium/,301,Alias obecny w site/zh-hans/pokoje/deluxe-premium/index.html; cel spłaszczony do adresu kanonicznego,SZKIC — potwierdzić użycie na starej stronie i zatwierdzić przed wdrożeniem
https://hornigold.pl/zh-hans/pokoje/deluxe-premium/,https://hornigold.pl/zh-hans/%E5%AE%A2%E6%88%BF/deluxe-premium/,301,Alias obecny w site/zh-hans/pokoje/deluxe-premium/index.html; cel spłaszczony do adresu kanonicznego,SZKIC — potwierdzić użycie na starej stronie i zatwierdzić przed wdrożeniem
https://hornigold.pl/zh-hans/pokoje/deluxe,https://hornigold.pl/zh-hans/%E5%AE%A2%E6%88%BF/deluxe/,301,Alias obecny w site/zh-hans/pokoje/deluxe/index.html; cel spłaszczony do adresu kanonicznego,SZKIC — potwierdzić użycie na starej stronie i zatwierdzić przed wdrożeniem
https://hornigold.pl/zh-hans/pokoje/deluxe/,https://hornigold.pl/zh-hans/%E5%AE%A2%E6%88%BF/deluxe/,301,Alias obecny w site/zh-hans/pokoje/deluxe/index.html; cel spłaszczony do adresu kanonicznego,SZKIC — potwierdzić użycie na starej stronie i zatwierdzić przed wdrożeniem
https://hornigold.pl/zh-hans/pokoje/hornigold,https://hornigold.pl/zh-hans/%E5%AE%A2%E6%88%BF/hornigold/,301,Alias obecny w site/zh-hans/pokoje/hornigold/index.html; cel spłaszczony do adresu kanonicznego,SZKIC — potwierdzić użycie na starej stronie i zatwierdzić przed wdrożeniem
https://hornigold.pl/zh-hans/pokoje/hornigold/,https://hornigold.pl/zh-hans/%E5%AE%A2%E6%88%BF/hornigold/,301,Alias obecny w site/zh-hans/pokoje/hornigold/index.html; cel spłaszczony do adresu kanonicznego,SZKIC — potwierdzić użycie na starej stronie i zatwierdzić przed wdrożeniem
https://hornigold.pl/zh-hans/pokoje/premium,https://hornigold.pl/zh-hans/%E5%AE%A2%E6%88%BF/premium/,301,Alias obecny w site/zh-hans/pokoje/premium/index.html; cel spłaszczony do adresu kanonicznego,SZKIC — potwierdzić użycie na starej stronie i zatwierdzić przed wdrożeniem
https://hornigold.pl/zh-hans/pokoje/premium/,https://hornigold.pl/zh-hans/%E5%AE%A2%E6%88%BF/premium/,301,Alias obecny w site/zh-hans/pokoje/premium/index.html; cel spłaszczony do adresu kanonicznego,SZKIC — potwierdzić użycie na starej stronie i zatwierdzić przed wdrożeniem
https://hornigold.pl/zh-hans/pokoje/prestige-deluxe,https://hornigold.pl/zh-hans/%E5%AE%A2%E6%88%BF/prestige-deluxe/,301,Alias obecny w site/zh-hans/pokoje/prestige-deluxe/index.html; cel spłaszczony do adresu kanonicznego,SZKIC — potwierdzić użycie na starej stronie i zatwierdzić przed wdrożeniem
https://hornigold.pl/zh-hans/pokoje/prestige-deluxe/,https://hornigold.pl/zh-hans/%E5%AE%A2%E6%88%BF/prestige-deluxe/,301,Alias obecny w site/zh-hans/pokoje/prestige-deluxe/index.html; cel spłaszczony do adresu kanonicznego,SZKIC — potwierdzić użycie na starej stronie i zatwierdzić przed wdrożeniem
https://hornigold.pl/zh-hans/pokoje/prestige,https://hornigold.pl/zh-hans/%E5%AE%A2%E6%88%BF/prestige/,301,Alias obecny w site/zh-hans/pokoje/prestige/index.html; cel spłaszczony do adresu kanonicznego,SZKIC — potwierdzić użycie na starej stronie i zatwierdzić przed wdrożeniem
https://hornigold.pl/zh-hans/pokoje/prestige/,https://hornigold.pl/zh-hans/%E5%AE%A2%E6%88%BF/prestige/,301,Alias obecny w site/zh-hans/pokoje/prestige/index.html; cel spłaszczony do adresu kanonicznego,SZKIC — potwierdzić użycie na starej stronie i zatwierdzić przed wdrożeniem
https://hornigold.pl/zh-hans/pokoje/suite,https://hornigold.pl/zh-hans/%E5%AE%A2%E6%88%BF/suite/,301,Alias obecny w site/zh-hans/pokoje/suite/index.html; cel spłaszczony do adresu kanonicznego,SZKIC — potwierdzić użycie na starej stronie i zatwierdzić przed wdrożeniem
https://hornigold.pl/zh-hans/pokoje/suite/,https://hornigold.pl/zh-hans/%E5%AE%A2%E6%88%BF/suite/,301,Alias obecny w site/zh-hans/pokoje/suite/index.html; cel spłaszczony do adresu kanonicznego,SZKIC — potwierdzić użycie na starej stronie i zatwierdzić przed wdrożeniem
https://hornigold.pl/zh-hans/porownaj,https://hornigold.pl/zh-hans/%E6%AF%94%E8%BE%83/,301,Alias obecny w site/zh-hans/porownaj/index.html; cel spłaszczony do adresu kanonicznego,SZKIC — potwierdzić użycie na starej stronie i zatwierdzić przed wdrożeniem
https://hornigold.pl/zh-hans/porownaj/,https://hornigold.pl/zh-hans/%E6%AF%94%E8%BE%83/,301,Alias obecny w site/zh-hans/porownaj/index.html; cel spłaszczony do adresu kanonicznego,SZKIC — potwierdzić użycie na starej stronie i zatwierdzić przed wdrożeniem
https://hornigold.pl/zh-hans/prywatnosc,https://hornigold.pl/zh-hans/%E9%9A%90%E7%A7%81%E4%B8%8E%E6%95%B0%E6%8D%AE/,301,Alias obecny w site/zh-hans/prywatnosc/index.html; cel spłaszczony do adresu kanonicznego,SZKIC — potwierdzić użycie na starej stronie i zatwierdzić przed wdrożeniem
https://hornigold.pl/zh-hans/prywatnosc/,https://hornigold.pl/zh-hans/%E9%9A%90%E7%A7%81%E4%B8%8E%E6%95%B0%E6%8D%AE/,301,Alias obecny w site/zh-hans/prywatnosc/index.html; cel spłaszczony do adresu kanonicznego,SZKIC — potwierdzić użycie na starej stronie i zatwierdzić przed wdrożeniem
https://hornigold.pl/zh-hans/sniadania,https://hornigold.pl/zh-hans/%E6%97%A9%E9%A4%90/,301,Alias obecny w site/zh-hans/sniadania/index.html; cel spłaszczony do adresu kanonicznego,SZKIC — potwierdzić użycie na starej stronie i zatwierdzić przed wdrożeniem
https://hornigold.pl/zh-hans/sniadania/,https://hornigold.pl/zh-hans/%E6%97%A9%E9%A4%90/,301,Alias obecny w site/zh-hans/sniadania/index.html; cel spłaszczony do adresu kanonicznego,SZKIC — potwierdzić użycie na starej stronie i zatwierdzić przed wdrożeniem
https://hornigold.pl/zh-hans/wellness-spa,https://hornigold.pl/zh-hans/%E5%BA%B7%E4%BD%93%E4%B8%8E%E6%B0%B4%E7%96%97/,301,Alias obecny w site/zh-hans/wellness-spa/index.html; cel spłaszczony do adresu kanonicznego,SZKIC — potwierdzić użycie na starej stronie i zatwierdzić przed wdrożeniem
https://hornigold.pl/zh-hans/wellness-spa/,https://hornigold.pl/zh-hans/%E5%BA%B7%E4%BD%93%E4%B8%8E%E6%B0%B4%E7%96%97/,301,Alias obecny w site/zh-hans/wellness-spa/index.html; cel spłaszczony do adresu kanonicznego,SZKIC — potwierdzić użycie na starej stronie i zatwierdzić przed wdrożeniem
